# https://github.com/mikedh/trimesh

o geometry_0
v -0.03707451 -0.01176866 -0.02058729
v -0.03707451 -0.01080688 -0.01770193
v -0.03322737 -0.01946294 -0.01962550
v -0.02841844 -0.02042472 0.02654017
v -0.02841844 -0.01850115 0.04866122
v -0.03322737 -0.01080688 0.04866122
v -0.03226558 -0.01946294 0.04866122
v -0.02862912 -0.02069356 0.04840996
v -0.03515094 -0.01273044 0.04866122
v -0.03845901 -0.01089049 -0.02055486
v -0.04059044 -0.01074012 -0.02061140
v -0.03998787 -0.01061866 -0.01199921
v -0.03614687 -0.01057188 0.03800851
v -0.03322737 -0.01080688 0.03231088
v -0.03515094 -0.01080688 0.04866122
v -0.03611272 -0.01080688 0.04769944
v -0.03130380 -0.02042472 0.04866122
v -0.03995986 -0.01080688 0.00153376
v -0.03611272 -0.01176866 0.04769944
v -0.03707451 -0.01176866 0.03808159
v -0.03418915 -0.01561580 0.04866122
v -0.03322737 -0.02042472 -0.02058729
v -0.03707451 -0.02234829 -0.02058729
v -0.03321719 -0.02522481 -0.02058824
v -0.03418915 -0.02523365 -0.01096944
v -0.02841844 -0.01850115 0.04385230
v -0.03226558 -0.01176866 0.04769944
v -0.03226558 -0.02042472 0.04769944
v -0.04092164 -0.01176866 -0.01193122
v -0.03899808 -0.01080688 0.01403697
v -0.03515094 -0.01465401 0.04769944
v -0.03515094 -0.01561580 0.04673765
v -0.03034201 -0.02042472 0.00730447
v -0.03363338 -0.02475102 -0.02063923
v -0.04092164 -0.01465401 -0.02058729
v -0.04092164 -0.01465401 -0.01962550
v -0.03611272 -0.02331008 -0.01481658
v -0.03188319 -0.02490159 -0.00331090
v -0.02872186 -0.02168294 0.03137718
v -0.03178121 -0.02481303 -0.00139686
v -0.03226558 -0.01176866 0.04289051
v -0.03418915 -0.01753937 0.04577587
v -0.03322737 -0.02523365 -0.00135159
v -0.03995986 -0.01176866 0.00153376
v -0.03707451 -0.01369223 0.03231088
v -0.03611272 -0.01465401 0.04096694
v -0.03611272 -0.01273044 0.04673765
v -0.03611272 -0.01946294 0.01115161
v -0.03322737 -0.02138651 0.03134910
v -0.03418915 -0.02331008 0.00634269
v -0.02894859 -0.02190445 0.02658924
v -0.03322737 -0.01946294 0.04385230
v -0.03322737 -0.02427186 0.00730447
v -0.04092164 -0.01273044 -0.01385479
v -0.03899808 -0.01176866 0.01403697
v -0.03803629 -0.01465401 0.01692232
v -0.03707451 -0.02234829 -0.01962550
v -0.03611272 -0.01657758 0.02942553
v -0.03611272 -0.02234829 -0.00808408
v -0.03995986 -0.01369223 -0.00423694
v -0.03899808 -0.01657758 -0.00712230
v -0.03803629 -0.01561580 0.01115161
v -0.03515094 -0.01657758 0.04096694
f 1 2 3
f 4 3 2
f 5 6 7
f 5 8 4
f 9 7 6
f 10 1 11
f 10 11 2
f 10 2 1
f 12 13 2
f 12 2 11
f 14 13 6
f 14 2 13
f 14 4 2
f 15 13 16
f 15 6 13
f 15 9 6
f 15 16 9
f 17 5 7
f 17 8 5
f 18 12 11
f 18 13 12
f 19 9 16
f 19 16 20
f 21 7 9
f 21 9 19
f 22 1 3
f 23 24 25
f 26 5 4
f 26 4 14
f 27 14 6
f 27 6 5
f 27 5 26
f 28 17 7
f 29 18 11
f 30 16 13
f 30 13 18
f 30 20 16
f 31 21 19
f 31 19 32
f 31 7 21
f 31 28 7
f 31 32 28
f 33 22 3
f 33 3 4
f 33 4 24
f 33 24 22
f 34 22 24
f 34 11 1
f 34 1 22
f 34 24 23
f 35 23 36
f 35 34 23
f 35 11 34
f 35 29 11
f 35 36 29
f 37 23 25
f 38 24 4
f 39 4 8
f 39 8 40
f 41 27 26
f 41 26 14
f 41 14 27
f 42 28 32
f 43 40 8
f 43 8 17
f 43 17 28
f 43 38 40
f 43 25 24
f 43 24 38
f 44 30 18
f 44 18 29
f 45 46 20
f 47 19 20
f 47 20 46
f 47 46 32
f 47 32 19
f 48 49 42
f 50 37 25
f 50 49 37
f 50 25 43
f 51 38 4
f 51 4 39
f 51 39 40
f 51 40 38
f 52 42 49
f 52 49 28
f 52 28 42
f 53 43 28
f 53 28 49
f 53 50 43
f 53 49 50
f 54 44 29
f 54 29 36
f 55 20 30
f 55 30 44
f 55 45 20
f 55 54 36
f 55 44 54
f 56 45 36
f 56 46 45
f 57 36 23
f 57 23 37
f 58 46 56
f 59 37 49
f 59 49 48
f 59 57 37
f 59 48 57
f 60 55 36
f 60 36 45
f 60 45 55
f 61 57 48
f 61 36 57
f 61 48 58
f 62 58 56
f 62 56 36
f 62 61 58
f 62 36 61
f 63 58 48
f 63 48 42
f 63 42 32
f 63 32 46
f 63 46 58

o geometry_1
v 0.02832687 0.01997024 -0.02443443
v 0.03505936 0.00939061 -0.01289301
v 0.02351794 0.01804667 0.04385230
v 0.02861508 0.02133524 -0.02452665
v 0.02928865 0.01900846 0.04385230
v 0.03025044 0.01708489 0.04481408
v 0.03217401 0.01516132 0.04481408
v 0.03409758 0.01323775 0.04096694
v 0.02384606 0.01946251 0.04389880
v 0.03890650 0.01419953 -0.02443443
v 0.03409758 0.02093203 -0.02058729
v 0.03890650 0.01419953 -0.02058729
v 0.03689345 0.00972298 -0.02453674
v 0.03940576 0.00923110 -0.02444230
v 0.03409758 0.01227596 0.04481408
v 0.03505936 0.01035239 0.04481408
v 0.03194634 0.00967891 0.04486549
v 0.03505936 0.01227596 0.03615802
v 0.03602115 0.01323775 0.01980768
v 0.03602115 0.01035239 0.03423445
v 0.03505936 0.01900846 -0.01481658
v 0.02379962 0.01939825 0.04485400
v 0.02351794 0.01804667 0.04481408
v 0.03426372 0.00908285 0.04475035
v 0.03121222 0.00939061 0.03808159
v 0.03313579 0.02093203 -0.01289301
v 0.03986829 0.01131418 -0.02443443
v 0.03986829 0.01035239 -0.01674015
v 0.03602115 0.01804667 -0.02443443
v 0.03505936 0.01131418 0.04096694
v 0.03698293 0.01323775 0.00826626
v 0.03794472 0.01035239 0.01018983
v 0.03698293 0.01419953 0.00153376
v 0.03409758 0.01708489 0.01115161
v 0.02778213 0.01858091 0.04475857
v 0.03899816 0.00910038 -0.01680307
v 0.03025044 0.01035239 0.04481408
v 0.03217401 0.00939061 0.02461660
v 0.03217401 0.01997024 0.00826626
v 0.02861333 0.02128886 -0.01285835
v 0.03986829 0.01131418 -0.02058729
v 0.03409758 0.02093203 -0.02251086
v 0.03705236 0.00904544 0.01011835
v 0.03025044 0.01035239 0.04385230
v 0.03121222 0.01900846 0.02557839
v 0.03313579 0.01997024 -0.00135159
v 0.03890650 0.01131418 -0.00712230
v 0.03257021 0.02047108 -0.02427997
v 0.03512662 0.00904460 0.03416280
v 0.03313579 0.01516132 0.03615802
v 0.03409758 0.01997024 -0.01193122
v 0.03313579 0.01804667 0.01403697
f 64 65 66
f 64 66 67
f 68 69 70
f 68 70 71
f 72 67 66
f 73 74 75
f 76 77 65
f 76 65 64
f 76 64 67
f 78 79 71
f 78 71 70
f 78 80 79
f 78 70 80
f 81 82 71
f 83 82 81
f 84 75 74
f 85 86 80
f 85 68 72
f 85 72 66
f 85 66 86
f 85 80 70
f 85 70 69
f 87 79 80
f 87 83 79
f 88 87 80
f 89 72 68
f 90 91 77
f 90 76 73
f 90 77 76
f 90 73 75
f 92 76 67
f 92 73 76
f 93 81 71
f 93 71 79
f 93 83 81
f 93 79 83
f 94 75 82
f 94 82 83
f 95 94 83
f 95 75 94
f 96 82 75
f 96 75 84
f 97 71 82
f 97 96 84
f 97 82 96
f 98 85 69
f 98 69 68
f 98 68 85
f 99 65 77
f 99 77 91
f 100 88 80
f 100 80 86
f 100 86 66
f 101 88 66
f 101 66 65
f 102 89 68
f 102 74 89
f 103 89 74
f 103 74 67
f 103 67 72
f 103 72 89
f 104 90 75
f 104 91 90
f 105 67 74
f 105 74 73
f 105 73 92
f 106 95 83
f 106 65 99
f 106 99 91
f 106 91 95
f 107 100 66
f 107 66 88
f 107 88 100
f 108 102 68
f 109 97 84
f 109 74 102
f 109 102 108
f 110 104 75
f 110 75 95
f 110 95 91
f 110 91 104
f 111 105 92
f 111 92 67
f 111 67 105
f 112 106 83
f 112 83 87
f 112 87 88
f 112 88 101
f 112 101 65
f 112 65 106
f 113 108 68
f 113 68 71
f 114 109 84
f 114 84 74
f 114 74 109
f 115 109 108
f 115 108 113
f 115 97 109
f 115 113 71
f 115 71 97

o geometry_2
v 0.01967080 -0.03196614 -0.02635800
v 0.02063259 -0.03677507 -0.02635800
v 0.02101053 -0.03259497 -0.02643351
v -0.00341203 -0.04158399 -0.02635800
v 0.02063259 -0.03677507 -0.02828157
v 0.02063259 -0.03100436 -0.03693763
v 0.02063259 -0.03485150 -0.03309049
v 0.02080532 -0.02451558 -0.03665880
v 0.02063259 -0.02715722 -0.03886120
v -0.01880059 -0.03773685 -0.02635800
v -0.01890411 -0.03416559 -0.02642382
v 0.02063259 -0.03581328 -0.03116692
v -0.00819968 -0.02420389 -0.03818000
v -0.01591524 -0.02908079 -0.03789942
v -0.01875161 -0.02802173 -0.03662731
v -0.01880059 -0.03773685 -0.02828157
v -0.01880059 -0.03677507 -0.03116692
v 0.01870902 -0.03773685 -0.02635800
v 0.01005295 -0.03773685 -0.03405228
v 0.01774723 -0.03581328 -0.03405228
v 0.00909117 -0.03869864 -0.03309049
v 0.00332046 -0.03966042 -0.03212871
v 0.01774723 -0.03773685 -0.03020514
v 0.02059257 -0.02419910 -0.03854235
v -0.00822096 -0.02427186 -0.03597585
v -0.00437382 -0.03966042 -0.03212871
v -0.00437382 -0.04062221 -0.03020514
v -0.00822096 -0.03966042 -0.03116692
v -0.00533560 -0.03581328 -0.03597585
v 0.00909117 -0.03581328 -0.03597585
v -0.00725917 -0.03677507 -0.03501406
v -0.01206810 -0.03485150 -0.03597585
v -0.01783881 -0.03100436 -0.03693763
v -0.01880059 -0.03388971 -0.03501406
v -0.01014453 -0.03100436 -0.03789942
v -0.01892302 -0.02833560 -0.03450756
v 0.00043511 -0.02908079 -0.03886120
v 0.01293831 -0.03196614 -0.03789942
v -0.00437382 -0.03196614 -0.03789942
v -0.00437382 -0.02811900 -0.03886120
v -0.00822096 -0.02715722 -0.03886120
v -0.00725917 -0.03388971 -0.03693763
v -0.01014453 -0.04062221 -0.02731978
v 0.01005295 -0.04062221 -0.02635800
v 0.01005295 -0.04062221 -0.02731978
v 0.00909117 -0.03966042 -0.03116692
v 0.00716760 -0.04062221 -0.02924335
v 0.00235868 -0.04062221 -0.03020514
v 0.00043511 -0.04158399 -0.02731978
v 0.01197652 -0.03388971 -0.03693763
v 0.01678545 -0.03292793 -0.03693763
v 0.01678545 -0.03100436 -0.03789942
v 0.01967080 -0.03004257 -0.03789942
v 0.01967080 -0.03485150 -0.03405228
v 0.01967080 -0.03292793 -0.03597585
v 0.01774723 -0.03388971 -0.03597585
v 0.01870902 -0.03773685 -0.02828157
v 0.01967080 -0.03677507 -0.03020514
v -0.01880059 -0.03292793 -0.02731978
v -0.01302988 -0.03581328 -0.03501406
v -0.01880059 -0.03485150 -0.03405228
v -0.01302988 -0.03773685 -0.03309049
v -0.00725917 -0.03773685 -0.03405228
v -0.01110631 -0.03869864 -0.03212871
f 116 117 118
f 119 117 116
f 120 118 117
f 121 118 122
f 123 116 118
f 123 121 124
f 123 118 121
f 125 119 116
f 125 116 126
f 127 122 118
f 127 118 120
f 128 129 130
f 131 125 126
f 131 126 132
f 133 120 117
f 133 117 119
f 134 135 136
f 134 136 137
f 138 135 122
f 138 122 127
f 139 123 124
f 140 128 130
f 140 116 123
f 140 139 128
f 140 123 139
f 141 142 143
f 141 137 142
f 141 134 137
f 144 145 134
f 144 146 147
f 148 147 149
f 148 150 147
f 148 129 150
f 148 149 130
f 148 130 129
f 151 132 126
f 151 130 149
f 151 140 130
f 152 153 154
f 152 150 155
f 152 154 150
f 152 155 124
f 152 124 153
f 156 129 128
f 156 128 139
f 156 139 124
f 156 124 155
f 156 150 129
f 156 155 150
f 157 150 154
f 157 147 150
f 157 144 147
f 157 145 144
f 157 154 153
f 158 142 119
f 158 143 142
f 158 119 125
f 158 125 131
f 158 131 132
f 159 133 119
f 159 160 133
f 161 137 136
f 161 136 135
f 161 135 138
f 161 138 160
f 161 160 162
f 163 142 137
f 163 161 162
f 163 137 161
f 164 162 160
f 164 163 162
f 164 119 142
f 164 142 163
f 164 159 119
f 164 160 159
f 165 166 145
f 165 153 166
f 165 157 153
f 165 145 157
f 167 166 153
f 167 153 124
f 168 124 121
f 168 121 166
f 168 167 124
f 168 166 167
f 169 122 135
f 169 170 121
f 169 121 122
f 171 166 121
f 171 121 170
f 171 135 134
f 171 134 145
f 171 145 166
f 171 169 135
f 171 170 169
f 172 133 160
f 172 160 138
f 172 138 120
f 172 120 133
f 173 138 127
f 173 127 120
f 173 120 138
f 174 126 116
f 174 116 140
f 174 151 126
f 174 140 151
f 175 147 146
f 175 149 147
f 176 177 132
f 176 175 177
f 176 149 175
f 176 151 149
f 176 132 151
f 178 141 177
f 178 134 141
f 178 144 134
f 178 146 144
f 178 175 146
f 178 177 175
f 179 141 143
f 179 177 141
f 179 143 158
f 179 158 132
f 179 132 177

o geometry_3
v -0.03130380 0.00842882 0.04289051
v -0.03130380 0.00939061 0.05058479
v -0.03130380 0.00842882 0.05058479
v -0.03755634 0.00961392 -0.02644983
v -0.03216620 0.00970639 0.04296177
v -0.04092164 0.00939061 -0.01674015
v -0.04020335 0.00908532 -0.02632640
v -0.03803629 -0.00407438 -0.01000766
v -0.03961954 0.00176349 -0.02638933
v -0.03943817 -0.00418332 -0.01574769
v -0.03418915 0.00939061 0.05058479
v -0.03515094 0.00939061 0.04866122
v -0.03418915 -0.00792152 0.04866122
v -0.03791262 0.00881725 -0.02651773
v -0.03418915 0.00746704 0.05058479
v -0.03611272 -0.00792152 0.04866122
v -0.03707451 -0.00792152 0.04769944
v -0.03611272 0.00650525 0.04866122
v -0.03707451 0.00458168 0.04673765
v -0.04182250 0.00169019 -0.02635521
v -0.03472567 -0.00805433 0.03811898
v -0.03226558 0.00746704 0.05058479
v -0.03611272 0.00939061 0.03808159
v -0.03995986 0.00842882 -0.00135159
v -0.03707451 0.00746704 0.03519623
v -0.03707451 0.00361990 0.04769944
v -0.03803629 -0.00599795 0.04289051
v -0.03803629 -0.00695973 0.04096694
v -0.04188343 -0.00407438 -0.00712230
v -0.03515094 0.00842882 0.04962301
v -0.04188343 0.00842882 -0.02539621
v -0.04188343 0.00650525 -0.01674015
v -0.04188343 0.00746704 -0.01962550
v -0.04188343 -0.00215081 -0.00712230
v -0.03995986 0.00554347 0.01018983
v -0.04157781 -0.00408761 -0.01580253
v -0.04103483 0.00711049 -0.02632911
v -0.03899808 0.00939061 0.00538090
v -0.03803629 -0.00503617 0.04289051
v -0.04188343 0.00842882 -0.02443443
v -0.03803629 0.00361990 0.03711980
v -0.03803629 0.00169633 0.03904337
v -0.04188343 0.00265811 -0.01193122
v -0.03682974 -0.00785951 0.03806230
v -0.03803629 -0.00118903 0.04096694
v -0.04092164 0.00554347 -0.00231338
f 180 181 182
f 180 183 181
f 184 181 183
f 185 183 186
f 185 184 183
f 187 183 180
f 187 188 183
f 187 189 188
f 190 184 191
f 190 181 184
f 190 182 181
f 192 180 182
f 193 186 183
f 193 183 188
f 194 190 195
f 194 182 190
f 194 195 192
f 196 195 190
f 197 191 198
f 197 196 190
f 199 188 189
f 199 193 188
f 200 187 180
f 200 180 192
f 200 189 187
f 200 192 195
f 200 195 196
f 201 194 192
f 201 192 182
f 201 182 194
f 202 191 184
f 202 203 204
f 202 204 198
f 202 198 191
f 205 206 196
f 205 197 198
f 205 196 197
f 207 196 206
f 207 206 208
f 207 208 196
f 209 197 190
f 209 190 191
f 209 191 197
f 210 185 186
f 210 199 208
f 210 208 211
f 212 203 185
f 212 210 211
f 213 208 206
f 213 211 208
f 214 212 211
f 214 203 212
f 214 204 203
f 214 198 204
f 215 199 189
f 215 208 199
f 215 189 200
f 215 196 208
f 216 186 193
f 216 193 199
f 216 210 186
f 216 199 210
f 217 185 203
f 217 203 202
f 217 202 184
f 217 184 185
f 218 206 205
f 218 213 206
f 219 212 185
f 219 185 210
f 219 210 212
f 220 198 214
f 220 205 198
f 220 221 205
f 222 211 213
f 223 215 200
f 223 200 196
f 223 196 215
f 224 218 205
f 224 205 221
f 224 221 213
f 224 213 218
f 225 214 211
f 225 211 222
f 225 222 213
f 225 213 221
f 225 220 214
f 225 221 220

o geometry_4
v -0.00716991 0.02965112 0.03414863
v -0.00725917 0.02670274 0.03519623
v -0.00730139 0.02795911 0.03426171
v -0.00717128 0.02726255 0.05579637
v -0.00725917 0.02574095 0.04577587
v -0.00725917 0.02574095 0.05635550
v -0.02649487 0.01612310 0.03808159
v -0.02818334 0.01667343 0.03431029
v -0.01110631 0.02766452 0.05635550
v -0.01302988 0.02670274 0.05635550
v -0.02553309 0.01612310 0.04673765
v -0.00822096 0.02670274 0.03423445
v -0.03061957 0.01657227 0.03415882
v -0.01173429 0.02874371 0.03415122
v -0.02168595 0.02574095 0.03423445
v -0.00725917 0.02862631 0.05539372
v -0.01302988 0.02766452 0.05443193
v -0.02072416 0.02477917 0.05250836
v -0.01976238 0.02477917 0.05443193
v -0.01687702 0.02574095 0.05539372
v -0.01302988 0.02477917 0.05635550
v -0.00822096 0.03054988 0.03423445
v -0.01495345 0.02862631 0.03423445
v -0.02553309 0.01612310 0.05250836
v -0.03107750 0.01595356 0.03420944
v -0.03130380 0.01708489 0.04000516
v -0.03034201 0.01900846 0.03423445
v -0.02938023 0.01997024 0.03808159
v -0.02841844 0.01997024 0.04481408
v -0.02841844 0.02093203 0.03615802
v -0.02841844 0.01900846 0.05154658
v -0.02841844 0.02093203 0.03423445
v -0.01976238 0.02670274 0.03423445
v -0.02168595 0.02574095 0.03808159
v -0.02938023 0.01804667 0.05058479
v -0.03034201 0.01708489 0.04866122
v -0.02938023 0.01708489 0.05250836
v -0.02168595 0.02381738 0.05347015
v -0.02457130 0.02189381 0.05250836
v -0.02745666 0.01997024 0.05058479
v -0.00822096 0.02862631 0.05539372
v -0.01880059 0.02381738 0.05539372
v -0.00725917 0.03054988 0.03519623
v -0.01206810 0.02958809 0.03808159
v -0.02938023 0.01612310 0.05250836
v -0.01110631 0.02477917 0.05635550
v -0.02264773 0.01997024 0.05443193
v -0.03067212 0.01564986 0.03993534
v -0.02168595 0.02477917 0.04673765
v -0.02457130 0.02381738 0.03615802
v -0.03034201 0.01900846 0.03615802
v -0.02457130 0.02381738 0.03423445
v -0.01976238 0.02670274 0.03711980
v -0.02938023 0.01900846 0.04481408
v -0.01880059 0.02285560 0.05539372
v -0.02649487 0.01900846 0.05347015
v -0.00822096 0.03054988 0.03519623
v -0.01110631 0.02862631 0.05058479
v -0.02168595 0.01997024 0.05443193
v -0.02971351 0.01565223 0.04859175
v -0.01495345 0.02862631 0.03615802
v -0.02072416 0.02574095 0.04289051
v -0.01687702 0.02766452 0.03904337
v -0.02649487 0.01804667 0.05347015
f 226 227 228
f 226 229 227
f 230 227 229
f 230 229 231
f 232 227 230
f 233 227 232
f 234 235 231
f 236 232 230
f 236 230 231
f 237 228 227
f 237 227 233
f 237 226 228
f 238 226 237
f 238 239 226
f 240 239 238
f 241 234 231
f 241 231 229
f 241 229 226
f 242 243 244
f 245 235 234
f 245 242 244
f 245 234 242
f 246 231 235
f 247 239 248
f 247 226 239
f 249 236 231
f 250 238 237
f 250 237 233
f 250 233 232
f 250 251 252
f 250 252 238
f 253 254 255
f 253 255 252
f 253 256 254
f 257 252 255
f 257 238 252
f 258 248 239
f 258 239 240
f 258 240 259
f 260 261 262
f 260 262 256
f 263 264 244
f 263 244 243
f 263 243 264
f 265 264 254
f 265 254 256
f 265 256 264
f 266 242 234
f 266 234 241
f 267 235 245
f 267 246 235
f 267 245 244
f 268 241 226
f 268 226 247
f 268 266 241
f 269 247 248
f 270 262 261
f 271 246 272
f 271 249 231
f 271 231 246
f 273 250 232
f 273 232 236
f 273 251 250
f 274 243 259
f 274 264 243
f 274 254 264
f 275 255 254
f 275 274 259
f 275 254 274
f 275 259 240
f 275 257 255
f 276 253 252
f 276 252 251
f 276 251 261
f 277 240 238
f 277 238 257
f 277 275 240
f 277 257 275
f 278 258 259
f 278 248 258
f 279 261 260
f 279 276 261
f 279 253 276
f 279 260 256
f 279 256 253
f 280 272 246
f 280 246 267
f 281 280 267
f 281 262 270
f 281 267 244
f 281 256 262
f 281 264 256
f 281 244 264
f 282 268 247
f 282 266 268
f 282 247 269
f 283 269 242
f 283 242 266
f 283 282 269
f 283 266 282
f 284 271 272
f 284 249 271
f 285 273 236
f 285 236 249
f 285 249 270
f 285 270 261
f 285 261 251
f 285 251 273
f 286 278 269
f 286 269 248
f 286 248 278
f 287 278 259
f 287 259 243
f 287 243 242
f 287 242 278
f 288 278 242
f 288 242 269
f 288 269 278
f 289 281 270
f 289 272 280
f 289 280 281
f 289 270 249
f 289 284 272
f 289 249 284

o geometry_5
v -0.00725917 0.02574095 0.05635550
v 0.00620581 0.02574095 0.05635550
v 0.00524403 0.02862631 0.05635550
v -0.00629739 0.02862631 0.05635550
v 0.00620581 0.02862631 0.05539372
v -0.00725917 0.02670274 0.03711980
v 0.00524403 0.02766452 0.02750196
v 0.00620581 0.02670274 0.03711980
v -0.00346647 0.02911550 0.02658498
v 0.00524403 0.03535880 0.03519623
v 0.00332046 0.03535880 0.03327266
v 0.00444979 0.03540310 0.04443166
v 0.00622837 0.03039685 0.02651991
v 0.00332046 0.03151166 0.02654017
v -0.00341203 0.03151166 0.02654017
v 0.00043511 0.03535880 0.04577587
v 0.00384980 0.03538573 0.04540861
v 0.00635637 0.02860403 0.02758373
v 0.00620581 0.02574095 0.04769944
v -0.00533560 0.03439702 0.03519623
v 0.00622019 0.02871601 0.02654798
v -0.00730139 0.02795911 0.03426171
v 0.00620581 0.03054988 0.03327266
v -0.00148846 0.03439702 0.03134910
v -0.00725917 0.02574095 0.04769944
v -0.00533560 0.03439702 0.04481408
v -0.00716991 0.02965112 0.03414863
v 0.00620581 0.02958809 0.04481408
v 0.00139689 0.03439702 0.03134910
v -0.00437382 0.03439702 0.03327266
v -0.00725917 0.02862631 0.05539372
v -0.00533560 0.03247344 0.03231088
v -0.00725917 0.03054988 0.03615802
v -0.00341203 0.03439702 0.03231088
v -0.00725917 0.02958809 0.04673765
f 290 291 292
f 293 290 292
f 294 292 291
f 295 296 297
f 298 296 295
f 299 300 301
f 299 302 300
f 299 301 294
f 303 300 302
f 303 302 304
f 305 293 292
f 305 301 300
f 306 294 301
f 306 292 294
f 306 305 292
f 306 301 305
f 307 294 291
f 307 297 296
f 308 291 290
f 308 295 297
f 308 307 291
f 308 297 307
f 309 305 300
f 310 296 298
f 310 307 296
f 310 302 307
f 310 298 304
f 310 304 302
f 311 298 295
f 311 304 298
f 312 302 299
f 312 307 302
f 313 303 304
f 314 308 290
f 314 295 308
f 314 311 295
f 314 290 311
f 315 293 305
f 315 305 309
f 316 304 311
f 317 312 299
f 317 299 294
f 317 294 307
f 317 307 312
f 318 313 300
f 318 300 303
f 318 303 313
f 319 309 300
f 319 304 309
f 320 290 293
f 320 293 315
f 320 311 290
f 321 316 309
f 321 309 304
f 321 304 316
f 322 315 309
f 322 309 316
f 322 316 311
f 323 319 300
f 323 300 313
f 323 313 304
f 323 304 319
f 324 320 315
f 324 315 322
f 324 322 311
f 324 311 320

o geometry_6
v -0.01975557 0.01607134 -0.03481000
v -0.01965739 0.03021231 -0.02434612
v -0.01976238 0.01708489 -0.03212871
v -0.01976238 0.02670274 -0.02443443
v -0.04025906 0.00911222 -0.02441187
v -0.03773776 0.00967412 -0.02446081
v -0.02938023 0.00939061 -0.03309049
v -0.01976238 0.01900846 -0.03501406
v -0.02938023 0.01323775 -0.03597585
v -0.02264773 0.01900846 -0.03501406
v -0.02936304 0.00935787 -0.03584347
v -0.03322737 0.01035239 -0.03597585
v -0.03611272 0.00939061 -0.03501406
v -0.01981069 0.01627922 -0.03358447
v -0.03803629 0.01708489 -0.02443443
v -0.03226558 0.02381738 -0.02443443
v -0.03034201 0.01323775 -0.03597585
v -0.03322737 0.01612310 -0.03405228
v -0.02072416 0.02189381 -0.03405228
v -0.02457130 0.02093203 -0.03405228
v -0.02072416 0.02381738 -0.03309049
v -0.01976238 0.02381738 -0.03309049
v -0.01976238 0.02670274 -0.03116692
v -0.03611272 0.01035239 -0.03501406
v -0.03303123 0.00914095 -0.03517301
v -0.01976238 0.02958809 -0.02828157
v -0.02072416 0.02958809 -0.02828157
v -0.02649487 0.02189381 -0.03309049
v -0.02745666 0.02285560 -0.03212871
v -0.02264773 0.02477917 -0.03212871
v -0.02841844 0.01900846 -0.03405228
v -0.02553309 0.01804667 -0.03501406
v -0.01976238 0.02189381 -0.03405228
v -0.03995986 0.01035239 -0.03116692
v -0.04013931 0.00903253 -0.02717380
v -0.02072416 0.03054988 -0.02635800
v -0.02649487 0.02670274 -0.02828157
v -0.02360952 0.02958809 -0.02539621
v -0.02938023 0.02381738 -0.03020514
v -0.03034201 0.02381738 -0.02924335
v -0.02072416 0.02670274 -0.03116692
v -0.02360952 0.02670274 -0.03020514
v -0.03034201 0.02093203 -0.03212871
v -0.03130380 0.01516132 -0.03501406
v -0.03995986 0.00939061 -0.03116692
v -0.01976238 0.03054988 -0.02635800
v -0.03130380 0.02477917 -0.02443443
v -0.03130380 0.02477917 -0.02539621
v -0.02168595 0.03054988 -0.02539621
v -0.02360952 0.02958809 -0.02443443
v -0.02841844 0.02670274 -0.02539621
v -0.03803629 0.01708489 -0.02635800
v -0.03707451 0.01708489 -0.02924335
v -0.03899808 0.01516132 -0.02635800
v -0.02938023 0.02285560 -0.03116692
v -0.03611272 0.01708489 -0.03116692
v -0.03611272 0.01612310 -0.03212871
v -0.03707451 0.01131418 -0.03405228
v -0.03515094 0.01708489 -0.03212871
v -0.04092164 0.01035239 -0.02731978
v -0.04092164 0.01035239 -0.02443443
v -0.03899808 0.01516132 -0.02443443
v -0.02841844 0.02670274 -0.02443443
v -0.02168595 0.03054988 -0.02443443
f 325 326 327
f 328 327 326
f 328 326 329
f 330 328 329
f 330 327 328
f 330 331 327
f 330 329 331
f 332 333 334
f 332 326 325
f 335 325 331
f 335 336 333
f 335 332 325
f 335 333 332
f 335 337 336
f 338 331 325
f 338 325 327
f 338 327 331
f 339 329 326
f 339 326 340
f 341 333 336
f 341 336 342
f 341 334 333
f 343 332 334
f 343 344 345
f 343 334 344
f 346 347 326
f 346 343 345
f 346 345 347
f 348 342 336
f 348 336 337
f 349 335 331
f 349 331 329
f 349 337 335
f 350 326 347
f 350 347 351
f 352 342 353
f 352 353 354
f 352 354 345
f 352 345 344
f 355 344 341
f 355 352 344
f 355 342 352
f 356 341 344
f 356 344 334
f 356 334 341
f 357 332 343
f 357 343 346
f 357 346 326
f 357 326 332
f 358 348 337
f 359 349 329
f 359 337 349
f 360 350 351
f 361 362 351
f 361 363 364
f 365 347 345
f 365 345 354
f 365 351 347
f 366 351 365
f 366 365 354
f 366 354 353
f 366 361 351
f 366 363 361
f 367 353 342
f 368 355 341
f 368 341 342
f 368 342 355
f 369 358 337
f 369 337 359
f 370 326 350
f 370 350 360
f 371 340 326
f 371 372 340
f 373 362 374
f 373 360 351
f 373 351 362
f 373 370 360
f 375 374 362
f 375 362 361
f 375 361 364
f 375 364 372
f 375 372 371
f 376 372 377
f 376 339 340
f 376 340 372
f 376 378 339
f 376 377 358
f 376 358 378
f 379 353 367
f 379 366 353
f 379 363 366
f 380 364 363
f 380 372 364
f 380 377 372
f 380 381 358
f 380 358 377
f 382 381 342
f 382 342 348
f 382 348 358
f 382 358 381
f 383 367 342
f 383 342 381
f 383 379 367
f 383 381 380
f 383 380 363
f 383 363 379
f 384 359 329
f 384 329 385
f 384 369 359
f 384 358 369
f 384 378 358
f 384 385 378
f 386 378 385
f 386 339 378
f 386 385 329
f 386 329 339
f 387 371 326
f 387 326 374
f 387 375 371
f 387 374 375
f 388 373 374
f 388 374 326
f 388 326 370
f 388 370 373

o geometry_7
v 0.00620581 -0.03388971 0.02173125
v -0.00827259 -0.03444044 0.02657991
v 0.00626799 -0.03451552 0.02658887
v 0.00620581 -0.04062221 -0.01096944
v 0.00621582 -0.03786386 -0.02638570
v -0.00533560 -0.03773685 0.02654017
v -0.01110631 -0.03581328 -0.02635800
v -0.01321560 -0.03630047 -0.02646522
v 0.00620581 -0.03773685 0.02461660
v 0.00617533 -0.03646999 0.02651541
v 0.00524403 -0.03773685 0.02654017
v 0.00235868 -0.04158399 -0.02635800
v -0.00437382 -0.04158399 -0.02635800
v -0.00533560 -0.04158399 -0.02154907
v 0.00620581 -0.03581328 -0.00327516
v -0.01206810 -0.03388971 0.00345733
v 0.00043511 -0.03869864 0.02173125
v -0.00818586 -0.03639448 0.02651159
v -0.00533560 -0.04158399 -0.02443443
v -0.01206810 -0.04062221 -0.02443443
v -0.01110631 -0.04062221 -0.02635800
v 0.00617031 -0.04016833 -0.02626032
v -0.00052668 -0.04158399 -0.01481658
v -0.01326144 -0.03447833 0.00734997
v -0.01276235 -0.03894345 -0.02618833
v -0.01302988 -0.03966042 -0.01193122
v -0.01206810 -0.04062221 -0.01962550
v 0.00428224 -0.04158399 -0.02443443
v 0.00139689 -0.04158399 -0.01674015
v -0.01206810 -0.03773685 0.01115161
v -0.01302988 -0.03773685 0.00730447
v -0.00822096 -0.03773685 0.02269303
v -0.01336222 -0.03473452 0.00352264
v -0.00725917 -0.03773685 0.02461660
v 0.00428224 -0.04158399 -0.02154907
v -0.00148846 -0.04158399 -0.01481658
v -0.00245025 -0.03869864 0.01980768
v -0.01302988 -0.03869864 -0.00038981
v 0.00332046 -0.04158399 -0.01962550
v -0.00052668 -0.03869864 0.02173125
v -0.00148846 -0.03966042 0.00922804
v -0.00341203 -0.04158399 -0.01674015
v -0.01206810 -0.03869864 0.00345733
v -0.01110631 -0.03869864 0.00634269
v -0.00437382 -0.04158399 -0.01866372
v -0.01014453 -0.03869864 0.00826626
f 389 390 391
f 392 393 391
f 394 391 390
f 395 393 396
f 397 392 391
f 397 391 398
f 399 398 391
f 399 391 394
f 399 397 398
f 399 392 397
f 400 401 396
f 400 396 393
f 400 402 401
f 403 395 389
f 403 393 395
f 403 389 391
f 403 391 393
f 404 395 396
f 404 390 389
f 404 389 395
f 405 399 394
f 405 392 399
f 406 394 390
f 407 408 401
f 407 401 402
f 407 402 408
f 409 396 401
f 409 401 408
f 410 400 393
f 410 393 392
f 411 402 400
f 412 390 404
f 412 406 390
f 413 409 408
f 413 396 409
f 413 414 396
f 413 408 414
f 415 414 408
f 415 408 402
f 416 410 392
f 416 400 410
f 416 411 400
f 417 392 405
f 417 405 411
f 417 411 416
f 418 412 419
f 418 406 412
f 418 420 406
f 421 412 404
f 421 404 396
f 421 396 414
f 421 419 412
f 422 394 406
f 422 406 420
f 423 417 416
f 423 416 392
f 424 411 405
f 424 402 411
f 425 394 422
f 426 421 414
f 426 419 421
f 426 418 419
f 427 423 392
f 427 392 417
f 427 417 423
f 428 424 405
f 428 429 424
f 428 425 429
f 428 405 394
f 428 394 425
f 430 402 424
f 430 424 429
f 430 425 422
f 430 429 425
f 431 415 432
f 431 418 426
f 431 432 420
f 431 420 418
f 431 426 414
f 431 414 415
f 433 430 415
f 433 415 402
f 433 402 430
f 434 432 415
f 434 415 430
f 434 430 422
f 434 422 420
f 434 420 432

o geometry_8
v 0.00909117 -0.03196614 0.03711980
v 0.01037452 -0.03283081 0.03718573
v 0.01020492 -0.03333655 0.03138025
v -0.00245025 -0.03292793 0.05347015
v 0.00139689 -0.03581328 0.05347015
v 0.01005295 -0.03292793 0.05347015
v 0.01013756 -0.03232676 0.05216164
v 0.01005295 -0.03485150 0.05250836
v 0.01005295 -0.03581328 0.04289051
v 0.01005295 -0.03388971 0.05347015
v 0.00617533 -0.03646999 0.02651541
v -0.00827259 -0.03444044 0.02657991
v 0.00626799 -0.03451552 0.02658887
v 0.00909117 -0.03677507 0.03134910
v 0.00428224 -0.03773685 0.02654017
v 0.00716760 -0.03292793 0.03134910
v -0.00815302 -0.03603833 0.03129376
v -0.00437382 -0.03773685 0.02750196
v -0.00245025 -0.03581328 0.05250836
v -0.00437382 -0.03773685 0.02654017
v -0.00245025 -0.03292793 0.04096694
v 0.00428224 -0.03196614 0.04962301
v -0.00052668 -0.03581328 0.05347015
v -0.00052668 -0.03677507 0.04577587
v 0.00428224 -0.03196614 0.05250836
v 0.00993376 -0.03549392 0.03132367
v 0.00716760 -0.03485150 0.05347015
v -0.00824051 -0.03409824 0.03136414
v -0.00818586 -0.03639448 0.02651159
v -0.00245025 -0.03677507 0.04289051
v 0.00139689 -0.03773685 0.03327266
v 0.00812938 -0.03581328 0.04673765
v 0.00524403 -0.03581328 0.05154658
v 0.00428224 -0.03581328 0.05250836
v -0.00245025 -0.03773685 0.03134910
v 0.00909117 -0.03677507 0.03231088
v 0.00139689 -0.03677507 0.04577587
v -0.00052668 -0.03773685 0.03327266
v 0.00428224 -0.03773685 0.02750196
v 0.00812938 -0.03677507 0.03423445
f 435 436 437
f 438 439 440
f 441 442 436
f 441 436 435
f 443 436 442
f 444 440 439
f 444 441 440
f 444 442 441
f 445 446 447
f 445 448 449
f 445 447 437
f 450 447 446
f 450 437 447
f 450 435 437
f 450 446 435
f 451 452 453
f 451 453 438
f 454 449 452
f 455 456 435
f 455 438 456
f 457 438 453
f 457 439 438
f 457 458 439
f 457 453 458
f 459 441 435
f 459 435 456
f 459 456 438
f 459 438 440
f 459 440 441
f 460 437 436
f 460 436 443
f 460 443 448
f 460 445 437
f 460 448 445
f 461 444 439
f 461 439 442
f 461 442 444
f 462 451 438
f 462 438 455
f 462 455 435
f 462 435 446
f 463 446 445
f 463 445 449
f 463 449 454
f 463 462 446
f 463 451 462
f 463 454 452
f 463 452 451
f 464 458 453
f 464 453 452
f 465 452 449
f 466 443 442
f 466 442 467
f 468 467 442
f 468 442 439
f 469 464 452
f 469 458 464
f 469 452 465
f 470 449 448
f 470 448 443
f 470 443 466
f 471 466 467
f 471 465 466
f 471 467 468
f 471 458 465
f 471 468 439
f 471 439 458
f 472 469 465
f 472 465 458
f 472 458 469
f 473 470 465
f 473 465 449
f 473 449 470
f 474 470 466
f 474 466 465
f 474 465 470

o geometry_9
v 0.04179186 0.00458168 -0.03020514
v 0.04103792 0.00429876 -0.02723428
v 0.04179186 -0.00984509 -0.02731978
v 0.03986829 -0.01657758 -0.02731978
v 0.03066215 -0.02467981 -0.02722983
v 0.04179186 -0.00695973 -0.03309049
v 0.03844765 0.00477159 -0.02737528
v 0.03217401 0.00458168 -0.03405228
v 0.03409758 0.00458168 -0.03789942
v 0.03794472 0.00458168 -0.03597585
v 0.03986829 0.00458168 -0.03405228
v 0.04083007 0.00361990 -0.03309049
v 0.03890650 0.00169633 -0.03597585
v 0.04179186 -0.00503617 -0.03309049
v 0.04083007 -0.00503617 -0.03501406
v 0.03203629 0.00437831 -0.03717858
v 0.03217401 0.00073454 -0.03886120
v 0.03070285 -0.02106559 -0.03714994
v 0.03121222 -0.01850115 -0.03886120
v 0.03409758 -0.01561580 -0.03886120
v 0.03505936 -0.00311260 -0.03886120
v 0.03698293 0.00361990 -0.03693763
v 0.03505936 -0.02523365 -0.02731978
v 0.03217401 -0.02523365 -0.03501406
v 0.03505936 -0.02523365 -0.02924335
v 0.04179186 -0.00888330 -0.03116692
v 0.03986829 -0.01657758 -0.03116692
v 0.04083007 -0.01369223 -0.02731978
v 0.03794472 -0.02042472 -0.02731978
v 0.04083007 -0.00022724 -0.03405228
v 0.03986829 -0.00311260 -0.03597585
v 0.04179186 -0.00118903 -0.03212871
v 0.03110033 -0.01553815 -0.03840430
v 0.03121222 -0.02331008 -0.03693763
v 0.03217401 -0.02138651 -0.03789942
v 0.03217401 -0.01850115 -0.03886120
v 0.03313579 0.00073454 -0.03886120
v 0.03505936 -0.01273044 -0.03886120
v 0.03794472 -0.00503617 -0.03789942
v 0.03505936 0.00361990 -0.03789942
v 0.03794472 0.00073454 -0.03693763
v 0.03890650 -0.00311260 -0.03693763
v 0.03986829 0.00169633 -0.03501406
v 0.03890650 -0.00792152 -0.03693763
v 0.03602115 -0.01561580 -0.03789942
v 0.03794472 -0.01273044 -0.03693763
v 0.04179186 -0.00984509 -0.02924335
v 0.03794472 -0.02042472 -0.02828157
v 0.03217401 -0.02331008 -0.03693763
v 0.03078884 -0.02473836 -0.03451181
v 0.03505936 -0.02427186 -0.03212871
v 0.03602115 -0.02138651 -0.03405228
v 0.03890650 -0.01657758 -0.03405228
v 0.04083007 -0.00695973 -0.03501406
v 0.03794472 -0.00599795 -0.03789942
v 0.03986829 -0.01465401 -0.03309049
v 0.03794472 -0.01561580 -0.03597585
v 0.04083007 -0.01369223 -0.02924335
v 0.03890650 -0.01850115 -0.03020514
v 0.03409758 -0.02427186 -0.03405228
v 0.03313579 -0.02234829 -0.03693763
v 0.03794472 -0.01946294 -0.03212871
v 0.03890650 -0.01465401 -0.03501406
v 0.03313579 -0.02523365 -0.03405228
f 475 476 477
f 478 476 479
f 480 475 477
f 481 482 479
f 481 479 476
f 481 476 475
f 483 481 484
f 483 482 481
f 485 475 486
f 485 481 475
f 485 484 481
f 485 487 484
f 488 480 489
f 488 475 480
f 490 483 491
f 490 482 483
f 490 492 479
f 490 479 482
f 493 491 494
f 495 494 491
f 496 483 484
f 496 484 487
f 497 498 499
f 497 479 498
f 500 501 480
f 500 480 477
f 502 478 501
f 502 477 476
f 502 476 478
f 503 497 499
f 503 478 479
f 503 479 497
f 504 488 489
f 504 486 488
f 504 489 505
f 506 488 486
f 506 486 475
f 506 475 488
f 507 490 491
f 507 492 490
f 507 493 492
f 507 491 493
f 508 493 509
f 508 492 493
f 510 493 494
f 510 494 509
f 510 509 493
f 511 495 491
f 511 491 483
f 512 495 513
f 512 494 495
f 514 483 496
f 514 511 483
f 514 495 511
f 514 496 513
f 514 513 495
f 515 496 487
f 515 513 496
f 516 487 505
f 516 515 487
f 516 513 515
f 516 505 489
f 517 505 487
f 517 487 485
f 517 504 505
f 517 485 486
f 517 486 504
f 518 516 489
f 518 513 516
f 519 509 494
f 519 494 512
f 519 518 520
f 521 500 477
f 521 501 500
f 521 477 502
f 522 503 499
f 523 508 509
f 523 498 508
f 524 508 498
f 524 498 479
f 524 479 492
f 524 492 508
f 525 526 527
f 528 518 489
f 528 489 480
f 528 520 518
f 529 512 513
f 529 513 518
f 529 519 512
f 529 518 519
f 530 527 480
f 530 480 501
f 530 501 527
f 531 519 520
f 532 521 502
f 532 502 501
f 532 501 521
f 533 522 499
f 533 503 522
f 533 501 478
f 533 478 503
f 533 525 501
f 533 499 525
f 534 526 525
f 535 523 509
f 535 509 519
f 535 519 531
f 535 526 534
f 535 498 523
f 535 531 527
f 535 527 526
f 536 525 527
f 536 527 501
f 536 501 525
f 537 527 531
f 537 528 480
f 537 480 527
f 537 531 520
f 537 520 528
f 538 534 525
f 538 525 499
f 538 499 498
f 538 535 534
f 538 498 535

o geometry_10
v 0.02736508 -0.00215081 -0.03982299
v 0.02744153 -0.00206599 -0.03751247
v 0.02751185 -0.01570677 -0.03745192
v 0.02159437 -0.00695973 -0.04078477
v 0.02159437 -0.00311260 -0.04078477
v 0.00716677 -0.00214778 -0.03697604
v 0.00716760 -0.02042472 -0.04078477
v 0.00909117 -0.00215081 -0.03886120
v 0.01680837 -0.02434855 -0.03719062
v 0.00042335 -0.02431931 -0.03731299
v 0.01678545 -0.02427186 -0.03982299
v 0.02727712 -0.01555907 -0.03918921
v 0.01967080 -0.00311260 -0.04078477
v 0.00716760 -0.00311260 -0.03886120
v 0.01390009 -0.01850115 -0.04078477
v 0.00717059 -0.00216272 -0.03776366
v 0.00045605 -0.01559710 -0.03813367
v 0.01678545 -0.00215081 -0.03982299
v 0.00909117 -0.02427186 -0.03982299
v 0.00043511 -0.02331008 -0.03982299
v 0.00042381 -0.01562005 -0.03735703
v 0.00043511 -0.01850115 -0.03982299
v 0.01005295 -0.02042472 -0.04078477
v 0.01870902 -0.01369223 -0.04078477
v 0.00044867 -0.02423075 -0.03845351
v 0.00812938 -0.01753937 -0.04078477
v 0.02063259 -0.00984509 -0.04078477
v 0.00716760 -0.01946294 -0.04078477
f 539 540 541
f 539 542 543
f 544 541 540
f 545 543 542
f 546 544 540
f 547 544 548
f 547 541 544
f 547 549 541
f 550 539 541
f 550 541 549
f 550 542 539
f 551 543 545
f 551 552 546
f 551 539 543
f 553 545 542
f 554 546 552
f 554 544 546
f 554 552 555
f 556 546 540
f 556 540 539
f 556 551 546
f 556 539 551
f 557 547 548
f 557 549 547
f 557 558 545
f 557 545 549
f 559 548 544
f 559 554 555
f 559 544 554
f 560 552 551
f 560 545 558
f 560 555 552
f 560 559 555
f 560 558 548
f 560 548 559
f 561 553 549
f 561 549 545
f 561 545 553
f 562 550 549
f 562 549 553
f 562 553 542
f 563 557 548
f 563 548 558
f 563 558 557
f 564 560 551
f 564 551 545
f 565 562 542
f 565 542 550
f 565 550 562
f 566 564 545
f 566 545 560
f 566 560 564

o geometry_11
v 0.01101474 0.03054988 0.02942553
v 0.01078304 0.02898786 0.03417586
v 0.01113822 0.02702354 0.03426471
v 0.00812938 0.03054988 0.03423445
v 0.00624720 0.02800590 0.03426596
v 0.01134950 0.02757242 0.02758400
v 0.01090748 0.02920726 -0.02888916
v 0.01101474 0.03151166 -0.02828157
v 0.01101474 0.03343523 -0.02443443
v 0.00909117 0.03054988 0.03327266
v 0.00620581 0.02766452 0.02557839
v 0.00619624 0.02947520 -0.02911430
v 0.00812938 0.02670274 0.03327266
v 0.00559456 0.03444239 -0.02346824
v 0.00812938 0.02670274 0.03423445
v 0.01005295 0.02670274 0.02750196
v 0.01101474 0.03054988 -0.02924335
v 0.00620581 0.03054988 0.03423445
v 0.00620581 0.03247344 -0.02731978
v 0.01101474 0.03439702 -0.02058729
v 0.01101474 0.03439702 -0.01385479
v 0.01101474 0.03343523 -0.00231338
v 0.01005295 0.03343523 -0.02539621
v 0.00620581 0.03151166 0.02557839
v 0.00620581 0.03439702 -0.00616052
v 0.00716760 0.03439702 -0.00616052
v 0.00909117 0.03247344 -0.02731978
v 0.00812938 0.03439702 -0.02347264
v 0.00716760 0.03151166 0.02557839
f 567 568 569
f 570 571 569
f 570 569 568
f 572 569 573
f 572 567 569
f 574 575 572
f 576 570 568
f 576 568 567
f 577 578 579
f 577 580 578
f 577 571 580
f 581 569 571
f 581 577 579
f 581 571 577
f 582 573 569
f 582 581 579
f 582 569 581
f 582 579 578
f 582 578 573
f 583 573 578
f 583 574 572
f 583 572 573
f 584 580 571
f 584 571 570
f 585 578 580
f 585 583 578
f 585 574 583
f 586 587 572
f 586 572 575
f 586 580 587
f 588 567 572
f 588 572 587
f 588 576 567
f 589 575 574
f 590 591 580
f 590 580 584
f 590 584 570
f 592 588 587
f 592 587 580
f 592 580 591
f 592 576 588
f 592 591 590
f 593 585 580
f 593 580 589
f 593 589 574
f 593 574 585
f 594 589 580
f 594 580 586
f 594 586 575
f 594 575 589
f 595 592 590
f 595 590 570
f 595 570 576
f 595 576 592

o geometry_12
v 0.03025044 0.01997024 0.02750196
v 0.02832687 0.01997024 0.04481408
v 0.02778213 0.01858091 0.04475857
v 0.02108322 0.02640785 -0.02469479
v 0.03313579 0.02189381 -0.02443443
v 0.02736508 0.02093203 -0.02443443
v 0.01106745 0.03092158 -0.02260914
v 0.01101474 0.02670274 0.02365482
v 0.01078304 0.02898786 0.03417586
v 0.01094197 0.03293479 -0.02237977
v 0.01390009 0.03343523 -0.02251086
v 0.02255616 0.02958809 -0.02443443
v 0.03058073 0.01851281 0.01781976
v 0.03121222 0.01997024 0.01788411
v 0.03313579 0.02093203 -0.00904587
v 0.03270523 0.01966731 -0.01293139
v 0.03025044 0.02093203 0.01980768
v 0.02447973 0.02862631 -0.01096944
v 0.03217401 0.02285560 -0.01481658
v 0.03257021 0.02047108 -0.02427997
v 0.02255616 0.01900846 0.04481408
v 0.01926875 0.02266838 0.04489341
v 0.02255616 0.01900846 0.04096694
v 0.01967080 0.02574095 0.04481408
v 0.01842540 0.02500624 0.04474236
v 0.01113822 0.02702354 0.03426471
v 0.02042299 0.02902884 -0.02426105
v 0.03121222 0.02381738 -0.02443443
v 0.02351794 0.02958809 -0.02347264
v 0.02351794 0.02958809 -0.01385479
v 0.02640330 0.02766452 -0.02251086
v 0.02159437 0.02477917 -0.02443443
v 0.02640330 0.01900846 0.01018983
v 0.01101474 0.03439702 -0.01962550
v 0.01101474 0.03343523 -0.00423694
v 0.01197652 0.03439702 -0.01577836
v 0.02960769 0.01850398 0.02743646
v 0.03313579 0.02189381 -0.01674015
v 0.03025044 0.02477917 -0.01962550
v 0.03247703 0.01950676 -0.00910460
v 0.03217401 0.02189381 -0.00616052
v 0.02255616 0.02766452 0.01211340
v 0.02832687 0.01997024 -0.01289301
v 0.01197652 0.02574095 0.02942553
v 0.02159437 0.02477917 0.04481408
v 0.02063259 0.02574095 0.04192873
v 0.01967080 0.02093203 0.04481408
v 0.01967080 0.03151166 -0.01674015
v 0.02447973 0.02862631 -0.02443443
v 0.02640330 0.02766452 -0.01674015
v 0.03025044 0.02477917 -0.02154907
v 0.01086476 0.03346281 -0.01585514
v 0.01197652 0.03439702 -0.01962550
v 0.02447973 0.02766452 -0.00135159
v 0.01582366 0.03151166 0.00249555
v 0.01197652 0.03054988 0.02750196
v 0.02159437 0.02574095 0.03615802
v 0.01101474 0.03054988 0.02750196
v 0.01197652 0.02958809 0.03423445
v 0.01293831 0.02958809 0.03327266
v 0.01293831 0.03343523 -0.00616052
v 0.01390009 0.03343523 -0.01000766
v 0.01197652 0.03343523 -0.00423694
v 0.01486188 0.03343523 -0.01481658
f 596 597 598
f 599 600 601
f 602 603 604
f 602 604 605
f 602 601 603
f 602 605 599
f 606 607 605
f 608 609 596
f 610 611 600
f 610 609 608
f 612 597 596
f 612 613 597
f 612 614 613
f 615 601 600
f 615 600 611
f 616 598 597
f 616 597 617
f 616 618 598
f 619 620 617
f 619 604 620
f 621 620 604
f 621 604 603
f 622 599 605
f 622 605 607
f 622 607 599
f 623 600 599
f 624 625 626
f 624 607 606
f 624 626 623
f 627 602 599
f 627 599 601
f 627 601 602
f 628 608 618
f 629 630 631
f 629 606 605
f 632 608 596
f 632 596 598
f 632 598 618
f 632 618 608
f 633 610 600
f 633 634 614
f 633 600 634
f 635 610 608
f 635 611 610
f 635 628 611
f 635 608 628
f 636 596 609
f 636 609 610
f 636 610 633
f 636 612 596
f 636 633 614
f 636 614 612
f 637 613 625
f 638 615 611
f 638 601 615
f 638 628 601
f 638 611 628
f 639 618 616
f 639 628 618
f 639 603 601
f 639 601 628
f 639 621 603
f 640 619 617
f 640 617 597
f 640 641 619
f 642 617 620
f 642 620 621
f 642 616 617
f 642 639 616
f 642 621 639
f 643 625 624
f 644 623 599
f 644 599 607
f 644 624 623
f 644 607 624
f 645 634 626
f 645 626 625
f 645 625 613
f 645 613 614
f 645 614 634
f 646 623 626
f 646 626 634
f 646 634 600
f 646 600 623
f 647 629 605
f 647 605 604
f 647 604 630
f 647 630 629
f 648 629 631
f 648 606 629
f 648 643 624
f 648 624 606
f 649 637 597
f 649 597 613
f 649 613 637
f 650 641 637
f 650 651 641
f 650 637 625
f 650 625 643
f 652 637 641
f 652 641 640
f 652 640 597
f 652 597 637
f 653 651 630
f 653 630 604
f 654 604 619
f 654 653 604
f 654 651 653
f 655 619 641
f 655 641 651
f 655 654 619
f 655 651 654
f 656 657 631
f 656 650 657
f 656 651 650
f 658 631 630
f 658 630 651
f 658 656 631
f 658 651 656
f 659 631 657
f 659 650 643
f 659 657 650
f 659 648 631
f 659 643 648

o geometry_13
v 0.02063259 0.01708489 -0.03597585
v 0.02065418 0.01716962 -0.03327385
v 0.02736508 0.00939061 -0.03789942
v 0.02738331 0.00941322 -0.03508884
v 0.02744153 -0.00206599 -0.03751247
v 0.00620581 0.01035239 -0.03693763
v 0.00620581 0.00939061 -0.03405228
v 0.00620396 0.01713314 -0.03326524
v 0.01870902 -0.00118903 -0.03597585
v 0.01197397 -0.00213298 -0.03707099
v 0.00909117 0.01323775 -0.03309049
v 0.01101474 0.01708489 -0.03693763
v 0.02736508 0.00458168 -0.03886120
v 0.02159437 0.00361990 -0.03982299
v 0.02736508 -0.00215081 -0.03982299
v 0.01774723 0.00169633 -0.03982299
v 0.01967080 0.00939061 -0.03886120
v 0.01678545 0.01323775 -0.03789942
v 0.00909117 0.01516132 -0.03693763
v 0.01293831 -0.00215081 -0.03886120
v 0.00622101 0.00920812 -0.03599919
v 0.01836076 -0.00234379 -0.03917237
v 0.02736508 0.00554347 -0.03501406
v 0.00620581 0.01323775 -0.03309049
v 0.00623050 0.01701340 -0.03555521
v 0.01005295 0.01612310 -0.03693763
v 0.01774723 0.00939061 -0.03886120
v 0.01197652 0.01708489 -0.03693763
v 0.02736508 -0.00118903 -0.03982299
v 0.01293831 -0.00118903 -0.03886120
v 0.01197720 -0.00215351 -0.03786865
v 0.01967080 0.00361990 -0.03982299
f 660 661 662
f 663 664 662
f 663 662 661
f 665 666 667
f 668 669 664
f 668 666 669
f 670 661 667
f 671 667 661
f 672 662 664
f 673 674 675
f 673 676 662
f 673 662 672
f 677 660 662
f 677 662 676
f 678 675 665
f 679 675 674
f 680 669 666
f 680 666 665
f 681 674 664
f 681 664 669
f 681 679 674
f 682 668 664
f 682 664 663
f 682 663 661
f 682 670 668
f 682 661 670
f 683 670 667
f 683 667 666
f 683 666 668
f 683 668 670
f 684 671 685
f 684 667 671
f 684 685 678
f 684 678 665
f 684 665 667
f 686 671 676
f 686 685 671
f 686 678 685
f 686 675 678
f 686 676 673
f 687 671 661
f 687 661 660
f 687 660 677
f 687 677 676
f 687 676 671
f 688 672 664
f 688 664 674
f 688 673 672
f 688 674 673
f 689 679 665
f 689 665 675
f 689 675 679
f 690 669 680
f 690 681 669
f 690 679 681
f 690 680 665
f 690 665 679
f 691 686 673
f 691 673 675
f 691 675 686

o geometry_14
v 0.03855611 -0.01071526 0.00247162
v 0.03628394 -0.01086756 0.00251248
v 0.03668855 -0.01545318 0.00728110
v 0.02968128 -0.02562897 -0.02738399
v 0.03698293 -0.01080688 -0.02731978
v 0.04046918 -0.01071318 -0.02732110
v 0.03698293 -0.01753937 0.00730447
v 0.03890650 -0.01369223 0.00249555
v 0.03986829 -0.01080688 -0.00231338
v 0.03991106 -0.01056660 -0.01680290
v 0.04083007 -0.01176866 -0.01674015
v 0.03602115 -0.01080688 -0.01193122
v 0.02857030 -0.02546829 -0.00902259
v 0.03313579 -0.02523365 -0.00904587
v 0.03409758 -0.02331008 0.00345733
v 0.04083007 -0.01369223 -0.02731978
v 0.03986829 -0.01657758 -0.02731978
v 0.03986829 -0.01657758 -0.02154907
v 0.03794472 -0.02042472 -0.02539621
v 0.03505936 -0.02523365 -0.02347264
v 0.03505936 -0.02523365 -0.02731978
v 0.02885509 -0.02574277 -0.01476606
v 0.03409758 -0.02523365 -0.01385479
v 0.03890650 -0.01465401 0.00057198
v 0.03794472 -0.01657758 0.00249555
v 0.03602115 -0.01946294 0.00730447
v 0.03890650 -0.01561580 -0.00327516
v 0.03505936 -0.02427186 -0.01577836
v 0.03286890 -0.02219510 0.00728365
v 0.03121222 -0.01850115 0.00730447
v 0.03393663 -0.01607221 0.00736592
v 0.03217401 -0.01657758 0.00730447
v 0.02832687 -0.02427186 -0.01481658
v 0.03505936 -0.01176866 0.00249555
v 0.04083007 -0.01369223 -0.02443443
v 0.03794472 -0.02042472 -0.02731978
v 0.03409758 -0.02427186 -0.00423694
v 0.03986829 -0.01176866 -0.00231338
v 0.03890650 -0.01657758 -0.00904587
v 0.03890650 -0.01753937 -0.01577836
v 0.03409758 -0.02234829 0.00730447
v 0.02832687 -0.02427186 -0.00904587
v 0.02928865 -0.02427186 -0.02731978
v 0.03505936 -0.01176866 -0.00038981
v 0.03184430 -0.01980995 0.00735091
v 0.03217401 -0.01657758 0.00634269
f 692 693 694
f 695 696 697
f 698 692 694
f 698 699 692
f 700 692 699
f 701 697 696
f 701 700 697
f 701 692 700
f 702 697 700
f 703 701 696
f 703 693 692
f 703 692 701
f 704 705 706
f 707 708 695
f 707 695 697
f 707 697 702
f 707 709 708
f 710 708 709
f 710 711 712
f 710 709 711
f 713 695 712
f 713 712 711
f 713 711 714
f 713 714 705
f 713 705 704
f 715 699 698
f 716 698 717
f 716 715 698
f 716 718 715
f 719 717 706
f 719 706 711
f 720 704 706
f 720 721 704
f 722 717 698
f 722 723 721
f 722 698 694
f 722 694 693
f 722 693 723
f 724 703 696
f 724 713 704
f 724 695 713
f 725 723 693
f 725 693 703
f 726 707 702
f 726 702 709
f 726 709 707
f 727 710 712
f 727 708 710
f 727 712 695
f 727 695 708
f 728 714 711
f 728 711 706
f 728 706 705
f 728 705 714
f 729 702 700
f 729 700 699
f 729 699 715
f 729 715 718
f 729 718 709
f 729 709 702
f 730 716 717
f 730 709 718
f 730 718 716
f 731 717 719
f 731 730 717
f 731 709 730
f 731 719 711
f 731 711 709
f 732 720 706
f 732 706 717
f 732 717 722
f 733 724 704
f 733 704 721
f 733 721 723
f 733 723 724
f 734 724 696
f 734 696 695
f 734 695 724
f 735 723 725
f 735 725 703
f 735 703 724
f 736 732 722
f 736 722 721
f 736 721 720
f 736 720 732
f 737 735 724
f 737 724 723
f 737 723 735

o geometry_15
v 0.00716760 0.04209129 -0.01866372
v 0.00620581 0.03535880 -0.01577836
v 0.00620581 0.03632058 -0.02443443
v 0.00716760 0.04978557 -0.00712230
v 0.00716760 0.05651807 -0.00712230
v 0.00716760 0.05170914 -0.01481658
v 0.00542724 0.03507982 -0.02402655
v 0.00482408 0.03487755 -0.02477665
v -0.00526350 0.03450401 -0.01953045
v 0.00224072 0.03487206 -0.02580390
v -0.00335663 0.03468829 -0.01488294
v -0.00431551 0.03469671 -0.01584092
v -0.00341203 0.04978557 -0.00712230
v -0.00139617 0.03488022 -0.02583481
v 0.00235868 0.03632058 -0.02635800
v -0.00148846 0.03632058 -0.02635800
v -0.00388540 0.03485270 -0.02483499
v 0.00524403 0.03632058 -0.02539621
v 0.00235868 0.04978557 -0.01770193
v 0.00716760 0.04209129 -0.01481658
v 0.00524403 0.03535880 -0.01481658
v 0.00620581 0.04882379 -0.00712230
v 0.00716760 0.04690022 -0.01770193
v -0.00341203 0.05651807 -0.00712230
v -0.00118627 0.05667867 -0.00673864
v 0.00496191 0.05670606 -0.00674590
v -0.00245025 0.04882379 -0.00712230
v -0.00052668 0.04786200 -0.00712230
v -0.00437382 0.04978557 -0.00904587
v -0.00437382 0.03632058 -0.02539621
v 0.00524403 0.04882379 -0.01770193
v 0.00524403 0.05555628 -0.01193122
v 0.00524403 0.05170914 -0.01577836
v 0.00332046 0.05651807 -0.01096944
v 0.00332046 0.04786200 -0.00712230
v 0.00716760 0.04401486 -0.01866372
v 0.00716760 0.04882379 -0.01674015
v -0.00437382 0.05074736 -0.00904587
v -0.00341203 0.05651807 -0.00808408
v -0.00437382 0.03728237 -0.01481658
v -0.00533560 0.03535880 -0.02443443
v 0.00428224 0.05074736 -0.01674015
v 0.00524403 0.05747985 -0.00808408
v 0.00716760 0.05459450 -0.01193122
v -0.00148846 0.05747985 -0.00808408
v 0.00043511 0.05747985 -0.00904587
v -0.00052668 0.03632058 -0.01385479
v 0.00620581 0.04978557 -0.01674015
v 0.00620581 0.03824415 -0.02347264
v 0.00043511 0.04978557 -0.01770193
v -0.00341203 0.04978557 -0.01674015
v -0.00437382 0.04978557 -0.01577836
v -0.00245025 0.05170914 -0.01577836
v -0.00148846 0.05555628 -0.01193122
v -0.00437382 0.05074736 -0.01481658
v -0.00533560 0.03632058 -0.01962550
v -0.00533560 0.03632058 -0.02443443
v 0.00332046 0.05747985 -0.00904587
v 0.00716760 0.05651807 -0.00808408
v 0.00235868 0.03632058 -0.01385479
v -0.00148846 0.05074736 -0.01674015
v 0.00043511 0.05651807 -0.01096944
v -0.00341203 0.05459450 -0.01193122
v -0.00533560 0.03728237 -0.02347264
f 738 739 740
f 741 738 742
f 743 742 738
f 744 745 740
f 744 740 739
f 744 739 745
f 746 747 745
f 748 745 739
f 748 746 745
f 748 749 746
f 748 750 749
f 751 752 747
f 751 753 752
f 751 746 754
f 751 747 746
f 755 745 747
f 755 747 752
f 755 740 745
f 756 752 753
f 757 741 739
f 757 739 738
f 757 738 741
f 758 741 759
f 758 739 741
f 758 748 739
f 760 743 738
f 761 750 762
f 763 741 742
f 763 759 741
f 764 765 762
f 764 762 750
f 764 748 765
f 764 750 748
f 766 749 750
f 766 750 761
f 767 751 754
f 767 753 751
f 768 755 752
f 769 743 770
f 769 756 771
f 772 758 759
f 772 759 763
f 772 763 762
f 772 762 765
f 773 760 738
f 773 738 740
f 773 740 760
f 774 743 760
f 775 761 776
f 775 766 761
f 777 766 746
f 777 746 749
f 777 749 766
f 778 767 754
f 778 754 746
f 779 769 770
f 779 756 769
f 779 768 752
f 779 752 756
f 780 769 771
f 780 763 742
f 781 742 743
f 781 743 769
f 782 761 762
f 782 780 783
f 782 762 763
f 782 763 780
f 782 776 761
f 784 772 765
f 784 765 748
f 785 774 755
f 785 755 768
f 785 770 743
f 785 743 774
f 785 779 770
f 785 768 779
f 786 740 755
f 786 755 774
f 786 774 760
f 786 760 740
f 787 756 753
f 787 771 756
f 788 789 790
f 791 771 787
f 791 776 782
f 792 775 776
f 793 746 766
f 793 766 775
f 793 778 746
f 794 767 778
f 794 788 767
f 794 789 788
f 794 778 793
f 795 780 771
f 795 771 783
f 795 783 780
f 796 780 742
f 796 742 781
f 796 781 769
f 796 769 780
f 797 784 748
f 797 748 758
f 797 758 772
f 797 772 784
f 798 787 753
f 798 791 787
f 798 790 791
f 798 788 790
f 798 753 767
f 798 767 788
f 799 783 771
f 799 771 791
f 799 791 782
f 799 782 783
f 800 792 776
f 800 776 791
f 800 791 790
f 800 790 789
f 800 789 792
f 801 793 775
f 801 775 792
f 801 794 793
f 801 792 789
f 801 789 794

o geometry_16
v -0.02602837 0.02127115 0.03320286
v -0.02649487 0.01612310 0.05250836
v -0.02649487 0.01516132 0.05250836
v -0.02745666 0.02189381 0.03327266
v -0.02649487 0.01804667 0.02365482
v -0.02799344 0.02515100 -0.01296071
v -0.02600220 0.02217171 0.02549990
v -0.02938023 0.01419953 0.05250836
v -0.02938023 0.02574095 -0.01289301
v -0.02938023 0.02574095 -0.01193122
v -0.03322737 0.02189381 -0.01289301
v -0.02745666 0.02285560 0.02557839
v -0.02649487 0.01516132 0.04481408
v -0.02841844 0.02093203 -0.01289301
v -0.03034201 0.01131418 0.05154658
v -0.03130380 0.00939061 0.05058479
v -0.02938023 0.01612310 0.05250836
v -0.03034201 0.01612310 0.05154658
v -0.03322737 0.01227596 0.05058479
v -0.03927970 0.00912514 -0.01295182
v -0.03688801 0.00969651 -0.01282487
v -0.03515094 0.00939061 -0.00712230
v -0.02938023 0.02093203 0.03038731
v -0.02938023 0.02477917 -0.00327516
v -0.03130380 0.02381738 -0.00712230
v -0.02649487 0.01708489 0.03038731
v -0.02841844 0.01227596 0.04769944
v -0.03130380 0.00939061 0.03808159
v -0.02841844 0.01997024 -0.00808408
v -0.03515094 0.01035239 -0.01193122
v -0.03282862 0.00937933 0.04991335
v -0.03352992 0.00922606 0.04922257
v -0.03418915 0.01131418 0.04962301
v -0.03515094 0.01035239 0.04481408
v -0.03418915 0.01227596 0.04673765
v -0.02841844 0.01419953 0.05250836
v -0.03130380 0.01131418 0.05154658
v -0.03707451 0.01708489 -0.01289301
v -0.03707451 0.01708489 -0.01193122
v -0.03130380 0.01612310 0.04673765
v -0.03322737 0.02189381 -0.01096944
v -0.03707451 0.01612310 -0.00519873
v -0.03418915 0.00939061 0.00345733
v -0.03426136 0.00907118 0.04473525
v -0.03611272 0.00939061 0.03423445
v -0.02841844 0.01227596 0.05058479
v -0.03226558 0.01419953 0.05058479
v -0.03707451 0.01516132 0.00057198
v -0.03515094 0.01131418 0.04096694
v -0.03803629 0.01419953 -0.00519873
v -0.03803629 0.01516132 -0.01000766
v -0.03611272 0.01516132 0.01018983
v -0.03995986 0.00939061 -0.01000766
v -0.03995986 0.01035239 -0.01000766
v -0.03899808 0.01323775 -0.01193122
v -0.03611272 0.01035239 0.03423445
v -0.03226558 0.01516132 0.04481408
v -0.03995986 0.01035239 -0.01289301
v -0.03899808 0.01323775 -0.01289301
f 802 803 804
f 802 805 803
f 806 807 808
f 809 804 803
f 810 811 807
f 810 807 812
f 810 812 811
f 813 808 807
f 813 807 811
f 813 802 808
f 813 805 802
f 814 802 804
f 814 808 802
f 815 807 806
f 816 817 804
f 818 803 805
f 818 805 819
f 818 809 803
f 818 819 820
f 818 820 809
f 821 815 822
f 821 807 815
f 821 822 823
f 824 819 805
f 824 805 813
f 825 813 811
f 825 811 826
f 825 824 813
f 825 826 824
f 827 823 806
f 827 806 808
f 827 808 814
f 828 814 804
f 828 829 814
f 828 817 829
f 830 815 806
f 830 806 823
f 830 823 815
f 831 815 823
f 831 823 822
f 831 822 815
f 832 833 817
f 834 835 833
f 834 836 835
f 834 832 820
f 834 833 832
f 837 816 804
f 837 804 809
f 837 809 816
f 838 816 809
f 838 809 820
f 838 817 816
f 838 832 817
f 838 820 832
f 839 812 807
f 839 807 821
f 839 840 812
f 841 819 824
f 842 812 840
f 842 826 811
f 842 811 812
f 842 840 843
f 842 843 841
f 842 841 824
f 842 824 826
f 844 814 829
f 844 827 814
f 844 823 827
f 845 829 817
f 845 817 833
f 845 844 829
f 845 821 823
f 845 823 844
f 845 833 835
f 845 835 846
f 847 828 804
f 847 804 817
f 847 817 828
f 848 834 820
f 848 820 819
f 848 836 834
f 848 841 836
f 848 819 841
f 849 836 843
f 850 835 836
f 850 836 851
f 852 843 840
f 852 849 843
f 852 851 836
f 852 836 849
f 853 841 843
f 853 843 836
f 854 845 846
f 854 821 845
f 854 846 855
f 856 851 852
f 856 852 840
f 856 840 839
f 856 850 851
f 857 855 846
f 857 846 835
f 857 835 850
f 857 856 855
f 857 850 856
f 858 853 836
f 858 836 841
f 858 841 853
f 859 854 855
f 859 821 854
f 859 855 856
f 860 859 856
f 860 856 839
f 860 839 821
f 860 821 859

o geometry_17
v 0.04179186 -0.00695973 -0.01289301
v 0.04179186 -0.00984509 -0.02731978
v 0.04179186 0.00458168 -0.01674015
v 0.04132381 0.00167093 -0.02726418
v 0.03895875 0.00169936 -0.02732616
v 0.03850179 0.00476941 -0.02054510
v 0.03890650 -0.00118903 0.02942553
v 0.03890650 0.00458168 0.02365482
v 0.03758358 0.00263477 0.02939994
v 0.03532398 0.00468561 0.02463513
v 0.03590502 0.00491379 0.01505797
v 0.03505936 -0.00888330 0.01018983
v 0.03543077 -0.00704551 0.02944946
v 0.03690861 0.00493021 0.00063412
v 0.03810342 -0.01084640 -0.02734080
v 0.03602115 -0.00984509 -0.00808408
v 0.03628394 -0.01086756 0.00251248
v 0.03698293 -0.01080688 -0.02251086
v 0.03890650 -0.00695973 0.02750196
v 0.03890650 -0.00599795 0.02942553
v 0.04179186 -0.00984509 -0.02347264
v 0.03698293 -0.00984509 -0.02251086
v 0.04088469 0.00427910 -0.02065289
v 0.04179186 -0.00311260 -0.01289301
v 0.03986829 -0.00311260 0.01596054
v 0.03552329 0.00267298 0.02945703
v 0.03755559 0.00445189 0.02458846
v 0.03787873 0.00488356 -0.01282517
v 0.04046918 -0.01071318 -0.02732110
v 0.04083007 -0.01080688 -0.01289301
v 0.03986829 -0.01080688 0.00153376
v 0.03602115 -0.01080688 -0.00808408
v 0.03591422 -0.01004251 0.01120670
v 0.03760172 -0.00687907 0.02940124
v 0.03986829 -0.00888330 0.00826626
v 0.04179186 -0.00792152 -0.01577836
v 0.03794472 -0.00695973 -0.02731978
v 0.04179186 0.00169633 -0.01481658
v 0.03986829 -0.00599795 0.01596054
v 0.03823964 -0.00967074 0.01110608
v 0.04083007 -0.00888330 -0.00519873
v 0.03986829 -0.00022724 0.01499875
v 0.04179186 0.00361990 -0.01577836
f 861 862 863
f 864 862 865
f 864 863 862
f 866 864 865
f 867 868 869
f 867 863 868
f 870 868 871
f 870 872 873
f 874 868 863
f 874 871 868
f 875 865 862
f 876 870 871
f 876 872 870
f 877 878 875
f 879 861 880
f 881 862 861
f 882 866 865
f 882 878 876
f 882 876 871
f 882 871 874
f 883 866 863
f 883 863 864
f 883 864 866
f 884 861 863
f 885 867 880
f 885 861 884
f 886 873 880
f 886 880 867
f 886 867 869
f 886 870 873
f 886 869 870
f 887 870 869
f 887 869 868
f 887 868 870
f 888 874 863
f 888 863 866
f 888 882 874
f 888 866 882
f 889 875 862
f 890 877 875
f 890 891 877
f 890 875 889
f 890 881 891
f 890 889 862
f 890 862 881
f 892 876 878
f 892 878 877
f 892 877 872
f 892 872 876
f 893 877 891
f 893 873 872
f 893 872 877
f 894 879 880
f 894 880 873
f 894 873 893
f 895 879 891
f 896 881 861
f 896 891 881
f 896 861 879
f 896 879 895
f 897 875 878
f 897 878 882
f 897 882 865
f 897 865 875
f 898 884 863
f 899 885 880
f 899 880 861
f 899 861 885
f 900 893 891
f 900 891 879
f 900 894 893
f 900 879 894
f 901 896 895
f 901 895 891
f 901 891 896
f 902 867 885
f 902 885 884
f 902 884 898
f 903 902 898
f 903 898 863
f 903 863 867
f 903 867 902

o geometry_18
v 0.01199293 0.00442893 -0.03696718
v 0.00716760 -0.00311260 -0.03886120
v 0.00235868 0.00458168 -0.03789942
v 0.01006718 0.00921979 -0.03605920
v -0.01715533 0.00948571 -0.03614201
v 0.01005078 0.00942487 -0.03516892
v 0.01197435 0.00460554 -0.03610805
v 0.01197652 -0.00215081 -0.03597585
v 0.01197720 -0.00215351 -0.03786865
v 0.01005295 0.00458168 -0.03501406
v -0.00148846 0.00842882 -0.03405228
v -0.01688854 0.00951621 -0.03476866
v -0.01687702 0.00746704 -0.03405228
v -0.01302988 0.00746704 -0.03405228
v -0.00822383 -0.01754447 -0.03703800
v -0.01110631 0.00265811 -0.03789942
v -0.01399167 0.00169633 -0.03789942
v 0.00721820 -0.01568030 -0.03859081
v 0.00042517 -0.01755702 -0.03728492
v -0.00150135 0.00959348 -0.03496923
v -0.01399167 -0.00888330 -0.03597585
v -0.01686787 0.00450133 -0.03643566
v -0.01398811 -0.01080946 -0.03776251
v -0.00918274 -0.00984509 -0.03886120
v 0.00524403 -0.00311260 -0.03886120
v -0.00533560 0.00361990 -0.03789942
v 0.00715142 -0.01562188 -0.03753825
v -0.00828230 -0.01768982 -0.03855771
v -0.01399326 -0.01080461 -0.03700240
v -0.01688696 0.00469051 -0.03561723
v -0.00437382 -0.00599795 -0.03886120
v 0.00044520 -0.01752239 -0.03852407
v 0.00139689 -0.00407438 -0.03886120
v -0.00822096 -0.00792152 -0.03886120
f 904 905 906
f 907 906 908
f 907 904 906
f 907 909 904
f 910 904 909
f 910 911 904
f 912 904 911
f 912 905 904
f 913 909 914
f 913 910 909
f 913 911 910
f 915 908 916
f 915 916 914
f 917 918 914
f 917 914 916
f 919 920 908
f 921 905 912
f 921 912 911
f 922 911 913
f 922 913 914
f 922 914 918
f 923 915 914
f 923 914 909
f 923 908 915
f 923 907 908
f 923 909 907
f 924 917 916
f 924 918 917
f 925 908 920
f 925 920 926
f 927 926 920
f 927 905 921
f 928 906 905
f 928 905 927
f 929 919 908
f 929 908 906
f 929 928 919
f 929 906 928
f 930 922 921
f 930 921 911
f 930 911 922
f 931 922 918
f 931 927 921
f 931 926 927
f 932 918 924
f 932 931 918
f 932 926 931
f 932 925 926
f 932 924 916
f 933 916 908
f 933 908 925
f 933 932 916
f 933 925 932
f 934 920 919
f 934 928 927
f 935 931 921
f 935 921 922
f 935 922 931
f 936 934 919
f 936 919 928
f 936 928 934
f 937 934 927
f 937 927 920
f 937 920 934

o geometry_19
v -0.00918274 0.03439702 -0.02347264
v -0.00920321 0.02304055 -0.03159805
v -0.00918274 0.03054988 -0.02251086
v 0.01123369 0.02930383 -0.02585042
v 0.01103366 0.02964665 -0.02543547
v 0.01101474 0.02285560 -0.03020514
v 0.01101088 0.02280036 -0.03295456
v 0.00620581 0.03054988 -0.02251086
v 0.00567130 0.03539874 -0.02250900
v 0.00812938 0.02285560 -0.03020514
v -0.00917770 0.02279984 -0.03295404
v -0.00918274 0.02574095 -0.03309049
v 0.01101474 0.02477917 -0.03309049
v 0.00909117 0.02574095 -0.03309049
v 0.01101474 0.02862631 -0.03116692
v 0.00235868 0.03535880 -0.02731978
v -0.00148846 0.03535880 -0.02731978
v 0.00524403 0.03535880 -0.02635800
v 0.00139689 0.03439702 -0.02828157
v 0.00620581 0.03535880 -0.02539621
v -0.00912411 0.03367922 -0.02233635
v -0.00444038 0.03531052 -0.02253327
v -0.00918274 0.03343523 -0.02635800
v 0.01101474 0.02958809 -0.03020514
v 0.00716760 0.02766452 -0.03212871
v -0.00918274 0.02766452 -0.03212871
v -0.00533560 0.03535880 -0.02539621
v -0.00052668 0.03439702 -0.02828157
v -0.00725917 0.03151166 -0.02924335
v -0.00437382 0.03535880 -0.02635800
f 938 939 940
f 941 942 943
f 941 943 944
f 945 940 943
f 945 943 942
f 945 942 946
f 947 943 940
f 947 940 939
f 948 939 949
f 948 947 939
f 948 944 943
f 948 943 947
f 950 949 951
f 950 948 949
f 950 944 948
f 950 951 952
f 950 941 944
f 950 952 941
f 953 954 946
f 953 946 955
f 953 956 954
f 953 955 952
f 953 952 956
f 957 955 946
f 957 946 942
f 958 938 940
f 958 945 946
f 958 940 945
f 959 958 946
f 959 938 958
f 960 939 938
f 961 941 952
f 961 942 941
f 961 957 942
f 961 952 955
f 961 955 957
f 962 956 952
f 962 952 951
f 962 951 949
f 963 949 939
f 963 939 960
f 963 962 949
f 963 956 962
f 964 959 946
f 964 938 959
f 964 960 938
f 965 963 954
f 965 954 956
f 965 956 963
f 966 963 960
f 966 954 963
f 967 960 964
f 967 966 960
f 967 954 966
f 967 964 946
f 967 946 954

o geometry_20
v 0.00622837 0.03039685 0.02651991
v 0.00622019 0.02871601 0.02654798
v 0.00622316 0.03163208 -0.02254169
v 0.00620581 0.03535880 -0.01481658
v -0.00346647 0.02911550 0.02658498
v -0.00825876 0.02889013 0.02271744
v -0.00822096 0.02862631 0.01499875
v 0.00567130 0.03539874 -0.02250900
v 0.00125564 0.03066326 0.02687446
v 0.00620581 0.02862631 0.01596054
v -0.00919822 0.03170009 -0.02255738
v -0.00913002 0.03392792 -0.01293850
v -0.00822096 0.03247344 0.01499875
v -0.00809255 0.03062642 0.02260856
v -0.00444038 0.03531052 -0.02253327
v -0.00912411 0.03367922 -0.02233635
v -0.00924914 0.03210754 -0.01283704
v -0.00822096 0.03535880 -0.01962550
v -0.00822096 0.03535880 -0.01481658
v -0.00822096 0.03343523 0.00538090
v -0.00148846 0.03151166 0.02654017
v 0.00620581 0.03151166 0.02557839
v 0.00139689 0.03535880 -0.00808408
v 0.00620581 0.03247344 0.01692232
v -0.00338354 0.03017686 0.02649948
v 0.00332046 0.03535880 -0.01000766
v -0.00533560 0.03535880 -0.01193122
v -0.00148846 0.03535880 -0.00904587
v -0.00533560 0.03247344 0.01788411
v 0.00043511 0.03535880 -0.00808408
v -0.00629739 0.03343523 0.00730447
f 968 969 970
f 971 968 970
f 972 973 969
f 974 969 973
f 975 971 970
f 976 972 969
f 976 969 968
f 977 974 970
f 977 970 969
f 977 969 974
f 978 974 973
f 978 970 974
f 979 973 980
f 981 980 973
f 981 973 972
f 982 975 970
f 982 970 978
f 982 978 983
f 984 978 973
f 984 973 979
f 984 979 983
f 984 983 978
f 985 979 986
f 985 983 979
f 985 982 983
f 985 986 975
f 985 975 982
f 987 979 980
f 987 986 979
f 988 980 981
f 988 976 968
f 988 968 989
f 988 989 990
f 991 990 989
f 991 989 968
f 991 968 971
f 992 988 981
f 992 981 972
f 992 972 976
f 992 976 988
f 993 991 971
f 993 990 991
f 993 971 975
f 993 975 990
f 994 986 987
f 994 995 975
f 994 975 986
f 996 987 980
f 996 980 988
f 997 995 996
f 997 990 975
f 997 975 995
f 997 996 988
f 997 988 990
f 998 994 987
f 998 987 996
f 998 996 995
f 998 995 994

o geometry_21
v -0.02072416 -0.03485150 0.00730447
v -0.01866348 -0.03450284 0.00727647
v -0.01880059 -0.03100436 0.00730447
v -0.01845670 -0.03590058 -0.00911610
v -0.01877061 -0.03669883 -0.02059341
v -0.01880059 -0.03292793 -0.01866372
v -0.03242095 -0.01954009 0.00731743
v -0.03322737 -0.02523365 -0.00327516
v -0.03226558 -0.02523365 0.00730447
v -0.01899345 -0.03437997 -0.02054939
v -0.02072416 -0.03196614 -0.02058729
v -0.03226558 -0.02138651 -0.02058729
v -0.03322737 -0.02715722 -0.02058729
v -0.03355385 -0.02166878 -0.02055467
v -0.01880059 -0.03100436 0.00249555
v -0.03226558 -0.01946294 -0.00808408
v -0.01846853 -0.03496889 0.00242774
v -0.01976238 -0.03677507 -0.00904587
v -0.03331908 -0.01950848 -0.00326751
v -0.03130380 -0.01946294 0.00730447
v -0.02649487 -0.03100436 0.00730447
v -0.03226558 -0.02042472 -0.01481658
v -0.03130380 -0.01946294 0.00345733
v -0.01976238 -0.03004257 0.00730447
v -0.01976238 -0.03581328 0.00249555
v -0.03363889 -0.01966729 -0.00804978
v -0.03226558 -0.02619543 0.00057198
v -0.03370563 -0.02066222 -0.01477671
v -0.03322737 -0.02715722 -0.01866372
v -0.01976238 -0.03004257 0.00634269
v -0.02841844 -0.03196614 -0.01770193
v -0.02168595 -0.03677507 -0.02058729
v -0.02168595 -0.03677507 -0.01866372
v -0.02072416 -0.03581328 -0.00231338
v -0.03322737 -0.02619543 -0.01000766
v -0.03034201 -0.03004257 -0.01481658
v -0.02938023 -0.02908079 0.00345733
v -0.02841844 -0.03004257 0.00345733
v -0.02841844 -0.03196614 -0.02058729
v -0.02457130 -0.03485150 -0.02058729
v -0.02457130 -0.03485150 -0.01962550
v -0.02360952 -0.03388971 -0.00135159
v -0.02745666 -0.03100436 0.00057198
v -0.02264773 -0.03388971 0.00538090
v -0.03130380 -0.02908079 -0.01577836
v -0.02938023 -0.03100436 -0.01481658
v -0.02745666 -0.03196614 -0.01000766
f 999 1000 1001
f 1002 1003 1004
f 1005 999 1001
f 1006 1007 1005
f 1008 1009 1004
f 1008 1004 1003
f 1008 1003 1009
f 1010 1004 1009
f 1010 1011 1012
f 1010 1009 1003
f 1010 1003 1011
f 1013 1002 1004
f 1013 1004 1014
f 1015 1001 1000
f 1015 1013 1001
f 1015 1002 1013
f 1016 1003 1002
f 1016 1002 1015
f 1017 1005 1018
f 1017 1018 1014
f 1017 1006 1005
f 1019 1005 1007
f 1019 999 1005
f 1020 1014 1004
f 1020 1004 1010
f 1021 1013 1014
f 1021 1014 1018
f 1022 1001 1013
f 1022 1005 1001
f 1022 1018 1005
f 1022 1021 1018
f 1023 1016 1015
f 1023 1015 1000
f 1023 1000 999
f 1024 1017 1014
f 1024 1006 1017
f 1024 1014 1020
f 1025 1007 1006
f 1026 1012 1011
f 1026 1011 1027
f 1026 1006 1024
f 1026 1024 1020
f 1026 1020 1010
f 1026 1010 1012
f 1028 1022 1013
f 1028 1013 1021
f 1028 1021 1022
f 1029 1027 1011
f 1030 1003 1016
f 1030 1016 1031
f 1032 1023 999
f 1032 1031 1016
f 1032 1016 1023
f 1033 1025 1006
f 1033 1027 1025
f 1033 1026 1027
f 1033 1006 1026
f 1034 1027 1029
f 1035 1007 1025
f 1035 1019 1007
f 1035 1036 1019
f 1035 1025 1034
f 1037 1029 1011
f 1037 1011 1003
f 1038 1030 1031
f 1038 1029 1037
f 1038 1037 1003
f 1038 1003 1030
f 1039 1031 1040
f 1039 1038 1031
f 1039 1029 1038
f 1041 1040 1019
f 1041 1019 1036
f 1042 999 1019
f 1042 1019 1040
f 1042 1032 999
f 1042 1040 1031
f 1042 1031 1032
f 1043 1034 1025
f 1043 1025 1027
f 1043 1027 1034
f 1044 1034 1029
f 1044 1035 1034
f 1044 1036 1035
f 1044 1041 1036
f 1045 1039 1040
f 1045 1040 1041
f 1045 1029 1039
f 1045 1044 1029
f 1045 1041 1044

o geometry_22
v 0.03924733 0.00918349 -0.02063219
v 0.03684894 0.00966956 -0.02052460
v 0.03986829 0.00939061 -0.01193122
v 0.03505936 0.00939061 0.04866122
v 0.03206254 0.00972455 0.04295006
v 0.03409758 0.00939061 0.05058479
v 0.03596562 0.00969601 -0.00897724
v 0.03121222 0.00939061 0.05058479
v 0.04083007 0.00746704 -0.01674015
v 0.04083007 0.00554347 -0.00712230
v 0.04083007 0.00458168 -0.00712230
v 0.04078434 0.00456643 -0.02059059
v 0.03602115 0.00554347 0.04962301
v 0.03602115 0.00746704 0.04769944
v 0.03602115 0.00265811 0.04962301
v 0.03698293 0.00265811 0.04866122
v 0.03121222 0.00842882 0.05058479
v 0.03409758 0.00939061 0.00345733
v 0.03992234 0.00716426 -0.02065293
v 0.03698293 0.00554347 -0.02058729
v 0.03794472 0.00265811 0.03808159
v 0.03698293 0.00458168 0.04769944
v 0.03986829 0.00842882 -0.00712230
v 0.03794472 0.00458168 0.03711980
v 0.03602115 0.00842882 -0.02058729
v 0.03850179 0.00476941 -0.02054510
v 0.03698293 0.00458168 -0.01674015
v 0.03313579 0.00361990 0.04192873
v 0.03409758 0.00265811 0.03423445
v 0.03313579 0.00361990 0.04962301
v 0.03217401 0.00554347 0.04481408
v 0.03409758 0.00265811 0.04962301
v 0.03584800 0.00268338 0.02467015
v 0.03602115 0.00939061 0.03808159
v 0.03698293 0.00939061 0.02654017
v 0.03698293 0.00746704 0.03615802
v 0.03505936 0.00842882 0.04962301
v 0.03217401 0.00554347 0.04962301
v 0.03409758 0.00746704 0.05058479
v 0.03121222 0.00842882 0.04289051
v 0.03794472 0.00361990 0.03808159
v 0.03698293 0.00554347 0.04481408
v 0.03698293 0.00361990 0.04866122
v 0.03602115 0.00746704 -0.01770193
v 0.03602115 0.00458168 -0.00423694
v 0.03792120 0.00265659 0.02461494
v 0.03890650 0.00939061 0.00153376
v 0.03217401 0.00746704 0.05058479
v 0.03409758 0.00458168 0.02269303
v 0.03602115 0.00554347 -0.00904587
v 0.03794472 0.00746704 0.02365482
v 0.03217401 0.00842882 0.02942553
v 0.03409758 0.00842882 0.00345733
v 0.03505936 0.00842882 -0.00904587
v 0.03217401 0.00746704 0.03423445
v 0.03409758 0.00650525 0.01211340
f 1046 1047 1048
f 1049 1050 1051
f 1052 1050 1048
f 1052 1048 1047
f 1053 1051 1050
f 1054 1048 1055
f 1054 1046 1048
f 1056 1054 1055
f 1056 1057 1054
f 1058 1059 1049
f 1058 1060 1061
f 1058 1051 1060
f 1062 1051 1053
f 1063 1053 1050
f 1063 1050 1052
f 1063 1052 1047
f 1064 1054 1057
f 1064 1046 1054
f 1064 1057 1065
f 1066 1056 1055
f 1067 1059 1058
f 1068 1069 1055
f 1068 1055 1048
f 1070 1047 1046
f 1070 1064 1065
f 1070 1046 1064
f 1070 1063 1047
f 1071 1065 1057
f 1071 1057 1072
f 1071 1072 1065
f 1073 1074 1075
f 1073 1075 1076
f 1077 1075 1074
f 1077 1062 1075
f 1078 1074 1072
f 1078 1072 1057
f 1079 1049 1059
f 1079 1059 1080
f 1079 1080 1050
f 1079 1050 1049
f 1081 1080 1059
f 1082 1058 1049
f 1082 1049 1051
f 1082 1051 1058
f 1083 1062 1076
f 1083 1076 1075
f 1083 1075 1062
f 1084 1060 1051
f 1084 1051 1062
f 1084 1077 1060
f 1085 1062 1053
f 1085 1053 1063
f 1085 1076 1062
f 1086 1066 1055
f 1086 1055 1069
f 1086 1069 1067
f 1086 1061 1066
f 1087 1067 1069
f 1087 1059 1067
f 1087 1081 1059
f 1087 1069 1081
f 1088 1067 1058
f 1088 1058 1061
f 1088 1086 1067
f 1088 1061 1086
f 1089 1070 1065
f 1089 1065 1072
f 1090 1072 1074
f 1091 1074 1078
f 1091 1066 1061
f 1091 1061 1060
f 1091 1077 1074
f 1091 1060 1077
f 1091 1078 1057
f 1091 1057 1056
f 1091 1056 1066
f 1092 1069 1068
f 1092 1068 1048
f 1092 1080 1081
f 1092 1048 1050
f 1092 1050 1080
f 1093 1084 1062
f 1093 1062 1077
f 1093 1077 1084
f 1094 1073 1076
f 1094 1090 1074
f 1094 1074 1073
f 1095 1089 1072
f 1095 1072 1090
f 1096 1092 1081
f 1096 1081 1069
f 1096 1069 1092
f 1097 1085 1063
f 1097 1063 1098
f 1099 1098 1063
f 1099 1063 1070
f 1099 1070 1089
f 1099 1089 1098
f 1100 1094 1076
f 1100 1076 1085
f 1100 1085 1097
f 1101 1097 1098
f 1101 1095 1090
f 1101 1100 1097
f 1101 1090 1094
f 1101 1094 1100
f 1101 1098 1089
f 1101 1089 1095

o geometry_23
v 0.01005295 -0.03196614 0.03231088
v 0.02447973 -0.02331008 0.03615802
v 0.02447973 -0.02427186 0.03134910
v 0.01101474 -0.03196614 0.03134910
v 0.02447973 -0.02331008 0.05058479
v 0.02640330 -0.02331008 0.05058479
v 0.02447973 -0.02234829 0.04962301
v 0.01005295 -0.03100436 0.05250836
v 0.01678545 -0.03004257 0.05250836
v 0.02798185 -0.02215091 0.04903750
v 0.02879964 -0.02195801 0.04831554
v 0.02928865 -0.02331008 0.04866122
v 0.02447973 -0.02234829 0.04673765
v 0.02570189 -0.02451634 0.03137300
v 0.02544151 -0.02908079 0.03134910
v 0.02447973 -0.02811900 0.04962301
v 0.02640330 -0.02523365 0.05058479
v 0.02063259 -0.03004257 0.05154658
v 0.02832687 -0.02427186 0.04962301
v 0.00993376 -0.03549392 0.03132367
v 0.01293831 -0.03004257 0.05250836
v 0.02159437 -0.02908079 0.05154658
v 0.01197652 -0.03388971 0.05250836
v 0.01005295 -0.03100436 0.04481408
v 0.02910674 -0.02217717 0.04671972
v 0.02544151 -0.02811900 0.04385230
v 0.01020492 -0.03333655 0.03138025
v 0.01005295 -0.03485150 0.05154658
v 0.01101474 -0.03485150 0.05154658
v 0.01870902 -0.03196614 0.05058479
v 0.01486188 -0.03292793 0.05250836
v 0.00973421 -0.03495927 0.03897539
v 0.02544151 -0.02908079 0.03327266
v 0.01101474 -0.03581328 0.03904337
v 0.00983326 -0.03341240 0.05217069
v 0.01678545 -0.03292793 0.04866122
v 0.01870902 -0.03292793 0.04000516
v 0.02351794 -0.02908079 0.04769944
v 0.01678545 -0.03100436 0.05250836
v 0.01774723 -0.03196614 0.05154658
v 0.01582366 -0.03292793 0.05154658
v 0.01967080 -0.03292793 0.03134910
v 0.01774723 -0.03388971 0.03134910
v 0.01197652 -0.03581328 0.03134910
v 0.01197652 -0.03581328 0.03519623
v 0.02063259 -0.03100436 0.04769944
v 0.01967080 -0.03292793 0.03231088
v 0.01774723 -0.03388971 0.03231088
f 1102 1103 1104
f 1102 1104 1105
f 1106 1107 1108
f 1106 1108 1109
f 1110 1107 1106
f 1111 1112 1108
f 1111 1108 1107
f 1111 1107 1113
f 1111 1113 1112
f 1114 1112 1103
f 1114 1108 1112
f 1114 1103 1102
f 1114 1109 1108
f 1115 1104 1103
f 1115 1116 1104
f 1117 1118 1119
f 1120 1113 1107
f 1120 1107 1118
f 1120 1118 1117
f 1121 1105 1104
f 1121 1104 1116
f 1122 1110 1106
f 1122 1106 1109
f 1122 1109 1110
f 1123 1119 1118
f 1123 1118 1107
f 1123 1107 1110
f 1124 1110 1109
f 1125 1114 1102
f 1125 1109 1114
f 1126 1112 1113
f 1126 1113 1116
f 1126 1116 1115
f 1126 1115 1103
f 1126 1103 1112
f 1127 1120 1117
f 1127 1113 1120
f 1128 1121 1102
f 1128 1102 1105
f 1128 1105 1121
f 1129 1130 1124
f 1131 1117 1119
f 1132 1119 1123
f 1132 1110 1124
f 1132 1124 1130
f 1133 1121 1129
f 1133 1125 1102
f 1133 1102 1121
f 1134 1116 1113
f 1134 1113 1127
f 1135 1129 1121
f 1135 1130 1129
f 1136 1129 1124
f 1136 1124 1109
f 1136 1133 1129
f 1136 1109 1125
f 1136 1125 1133
f 1137 1131 1130
f 1137 1130 1138
f 1137 1138 1131
f 1139 1127 1117
f 1139 1117 1131
f 1139 1134 1127
f 1140 1132 1123
f 1140 1123 1110
f 1140 1110 1132
f 1141 1132 1131
f 1141 1131 1119
f 1141 1119 1132
f 1142 1132 1130
f 1142 1130 1131
f 1142 1131 1132
f 1143 1116 1134
f 1143 1144 1121
f 1143 1121 1116
f 1145 1135 1121
f 1145 1121 1144
f 1146 1138 1130
f 1146 1130 1135
f 1146 1145 1144
f 1146 1135 1145
f 1147 1139 1131
f 1147 1131 1138
f 1147 1138 1134
f 1147 1134 1139
f 1148 1143 1134
f 1148 1134 1138
f 1148 1144 1143
f 1149 1146 1144
f 1149 1138 1146
f 1149 1148 1138
f 1149 1144 1148

o geometry_24
v 0.03121222 -0.02523365 -0.03597585
v 0.03161131 -0.02371190 -0.02738505
v 0.03066215 -0.02467981 -0.02722983
v 0.03025044 -0.02331008 -0.02731978
v 0.03025044 -0.01561580 -0.03501406
v 0.03110033 -0.01553815 -0.03840430
v 0.01675240 -0.01557090 -0.03951073
v 0.01677676 -0.01562689 -0.03835720
v 0.02968128 -0.02562897 -0.02738399
v 0.03169844 -0.01591571 -0.03572468
v 0.01678545 -0.02042472 -0.03693763
v 0.03025044 -0.01561580 -0.03982299
v 0.01678545 -0.02427186 -0.03982299
v 0.02736508 -0.02042472 -0.03982299
v 0.01680837 -0.02434855 -0.03719062
v 0.03025044 -0.02523365 -0.03693763
v 0.02832687 -0.02523365 -0.03789942
v 0.02069021 -0.02538893 -0.03632988
v 0.02928865 -0.02427186 -0.02731978
v 0.03121222 -0.01946294 -0.03886120
v 0.02447973 -0.02523365 -0.03886120
v 0.03121222 -0.02234829 -0.03789942
v 0.03025044 -0.01657758 -0.03982299
v 0.03025044 -0.02138651 -0.03886120
v 0.02159437 -0.02331008 -0.03982299
v 0.02059608 -0.02508504 -0.03832863
v 0.03121222 -0.02427186 -0.03693763
v 0.02640330 -0.02427186 -0.03886120
v 0.01870902 -0.02427186 -0.03982299
v 0.02928865 -0.02234829 -0.03886120
f 1150 1151 1152
f 1153 1152 1151
f 1154 1155 1156
f 1154 1156 1157
f 1154 1157 1153
f 1154 1153 1151
f 1158 1150 1152
f 1159 1151 1150
f 1159 1154 1151
f 1159 1155 1154
f 1160 1157 1156
f 1161 1156 1155
f 1162 1161 1163
f 1162 1156 1161
f 1162 1160 1156
f 1162 1164 1160
f 1165 1158 1166
f 1165 1150 1158
f 1167 1158 1164
f 1167 1166 1158
f 1167 1164 1162
f 1168 1158 1152
f 1168 1152 1153
f 1168 1153 1157
f 1168 1157 1160
f 1168 1160 1164
f 1168 1164 1158
f 1169 1155 1159
f 1169 1161 1155
f 1170 1166 1167
f 1171 1169 1159
f 1172 1163 1161
f 1172 1161 1169
f 1173 1172 1169
f 1173 1163 1172
f 1173 1169 1171
f 1173 1165 1166
f 1174 1162 1163
f 1174 1163 1170
f 1175 1170 1167
f 1175 1167 1162
f 1175 1162 1170
f 1176 1171 1159
f 1176 1159 1150
f 1176 1150 1165
f 1176 1173 1171
f 1176 1165 1173
f 1177 1170 1163
f 1177 1166 1170
f 1178 1174 1170
f 1178 1170 1162
f 1178 1162 1174
f 1179 1177 1163
f 1179 1163 1173
f 1179 1173 1166
f 1179 1166 1177

o geometry_25
v 0.00524403 0.04112951 0.04577587
v 0.00524403 0.03535880 0.04577587
v 0.00620581 0.04593843 0.04096694
v 0.00620581 0.04305308 0.04096694
v 0.00620581 0.04497665 0.03327266
v 0.00332046 0.04593843 0.04481408
v 0.00398865 0.04654066 0.03180249
v -0.00437382 0.04497665 0.04385230
v -0.00245025 0.04112951 0.04769944
v 0.00235868 0.03054988 0.04769944
v 0.00235868 0.04112951 0.04769944
v 0.00428224 0.04112951 0.04673765
v 0.00620581 0.04305308 0.03615802
v 0.00620581 0.04593843 0.03327266
v -0.00370667 0.04538898 0.03459363
v 0.00044847 0.04604488 0.03143498
v 0.00428224 0.04497665 0.03134910
v 0.00524403 0.04593843 0.04289051
v -0.00245025 0.03054988 0.04769944
v -0.00437382 0.03054988 0.04673765
v 0.00428224 0.03247344 0.04673765
v 0.00325753 0.03055410 0.04571040
v 0.00428224 0.04401486 0.04577587
v -0.00341203 0.03439702 0.03327266
v 0.00043018 0.03437170 0.03330181
v 0.00299886 0.03490980 0.03475620
v -0.00383848 0.03054889 0.04535562
v 0.00524403 0.04401486 0.04481408
v -0.00437382 0.03824415 0.04673765
v -0.00533560 0.04112951 0.04481408
v -0.00533560 0.04209129 0.04192873
v -0.00148846 0.04497665 0.04577587
v -0.00148846 0.04401486 0.04673765
v -0.00341203 0.04401486 0.04577587
v 0.00139689 0.04209129 0.04769944
v 0.00332046 0.04305308 0.04673765
v -0.00306541 0.04548034 0.03369005
v 0.00442704 0.03507422 0.03650610
v -0.00533560 0.03439702 0.03615802
v -0.00437382 0.04209129 0.04577587
v -0.00533560 0.04209129 0.04385230
v -0.00341203 0.04497665 0.04481408
v -0.00148846 0.04209129 0.04769944
v 0.00139689 0.04401486 0.04673765
v -0.00437382 0.03439702 0.03423445
v -0.00533560 0.03439702 0.04481408
v -0.00533560 0.04016772 0.03808159
v -0.00341203 0.04209129 0.04673765
v -0.00437382 0.04401486 0.04481408
v -0.00533560 0.03535880 0.03615802
v -0.00533560 0.04112951 0.03904337
f 1180 1181 1182
f 1183 1184 1182
f 1183 1182 1181
f 1185 1186 1187
f 1188 1189 1190
f 1191 1181 1180
f 1191 1190 1189
f 1192 1183 1181
f 1192 1184 1183
f 1193 1186 1182
f 1193 1182 1184
f 1194 1186 1195
f 1194 1187 1186
f 1196 1193 1184
f 1196 1186 1193
f 1196 1195 1186
f 1197 1182 1186
f 1197 1186 1185
f 1198 1188 1199
f 1198 1189 1188
f 1200 1191 1189
f 1200 1181 1191
f 1200 1189 1201
f 1202 1191 1180
f 1203 1196 1204
f 1203 1195 1196
f 1205 1196 1184
f 1205 1204 1196
f 1205 1201 1204
f 1206 1201 1189
f 1206 1203 1204
f 1206 1204 1201
f 1206 1198 1199
f 1206 1189 1198
f 1207 1180 1182
f 1207 1182 1197
f 1207 1202 1180
f 1207 1197 1185
f 1207 1185 1202
f 1208 1209 1199
f 1208 1199 1188
f 1210 1187 1194
f 1211 1212 1185
f 1211 1213 1212
f 1214 1188 1190
f 1215 1190 1191
f 1215 1191 1202
f 1215 1214 1190
f 1216 1194 1195
f 1216 1195 1203
f 1217 1205 1184
f 1217 1184 1192
f 1217 1192 1181
f 1217 1181 1200
f 1217 1200 1201
f 1217 1201 1205
f 1218 1206 1199
f 1218 1209 1210
f 1219 1209 1208
f 1220 1210 1209
f 1220 1209 1187
f 1220 1187 1210
f 1221 1211 1185
f 1221 1185 1187
f 1221 1187 1213
f 1221 1213 1211
f 1222 1214 1212
f 1222 1188 1214
f 1222 1213 1188
f 1222 1212 1213
f 1223 1185 1212
f 1223 1212 1214
f 1223 1214 1215
f 1223 1215 1202
f 1223 1202 1185
f 1224 1216 1203
f 1224 1194 1216
f 1224 1203 1206
f 1224 1206 1218
f 1225 1218 1199
f 1225 1199 1209
f 1225 1209 1218
f 1226 1218 1210
f 1227 1188 1213
f 1227 1213 1219
f 1227 1219 1208
f 1227 1208 1188
f 1228 1219 1213
f 1228 1213 1187
f 1228 1187 1209
f 1228 1209 1219
f 1229 1224 1218
f 1229 1194 1224
f 1229 1226 1194
f 1229 1218 1226
f 1230 1226 1210
f 1230 1210 1194
f 1230 1194 1226

o geometry_26
v 0.02127551 0.02873733 -0.02417068
v 0.02063259 0.02477917 -0.02443443
v 0.03940576 0.00923110 -0.02444230
v 0.04103792 0.00429876 -0.02723428
v 0.04179186 0.00554347 -0.02731978
v 0.03698293 0.00458168 -0.02731978
v 0.02832687 0.00458168 -0.03501406
v 0.02064214 0.00958147 -0.03578858
v 0.02032933 0.02879017 -0.02515927
v 0.03986829 0.01131418 -0.02443443
v 0.03890650 0.01419953 -0.02443443
v 0.03602115 0.01804667 -0.02443443
v 0.03217401 0.02285560 -0.02443443
v 0.04179186 0.00554347 -0.02828157
v 0.04094337 0.00426328 -0.02818534
v 0.02735416 0.00455521 -0.03779046
v 0.03689345 0.00972298 -0.02453674
v 0.02741806 0.00468268 -0.03638045
v 0.02063253 0.00938862 -0.03692963
v 0.02159437 0.01035239 -0.03789942
v 0.02063259 0.01708489 -0.03597585
v 0.02928865 0.00842882 -0.03789942
v 0.03313579 0.00554347 -0.03789942
v 0.03313579 0.00458168 -0.03789942
v 0.03602115 0.00458168 -0.03693763
v 0.03698293 0.01227596 -0.03309049
v 0.03409758 0.01900846 -0.02924335
v 0.03698293 0.01516132 -0.03020514
v 0.03505936 0.00939061 -0.03597585
v 0.03505936 0.01323775 -0.03405228
v 0.03890650 0.00554347 -0.03501406
v 0.03890650 0.01323775 -0.02828157
v 0.03217401 0.02285560 -0.02539621
v 0.02928865 0.02189381 -0.03116692
v 0.03602115 0.00554347 -0.03693763
v 0.03025044 0.01131418 -0.03693763
v 0.03890650 0.00458168 -0.03501406
v 0.04083007 0.00554347 -0.03212871
v 0.02159437 0.02958809 -0.02539621
v 0.02159437 0.02766452 -0.02924335
v 0.02928865 0.02381738 -0.02828157
v 0.02042299 0.02902884 -0.02426105
v 0.02063259 0.02574095 -0.03116692
v 0.02255616 0.02285560 -0.03309049
v 0.03890650 0.01419953 -0.02539621
v 0.03794472 0.01516132 -0.02731978
v 0.03698293 0.01612310 -0.02828157
v 0.04083007 0.00650525 -0.03116692
v 0.02351794 0.01035239 -0.03789942
v 0.02544151 0.01323775 -0.03693763
v 0.02544151 0.01612310 -0.03597585
v 0.02640330 0.01997024 -0.03405228
v 0.04083007 0.00458168 -0.03212871
v 0.02059951 0.01298502 -0.03602483
v 0.03217401 0.00650525 -0.03789942
v 0.02832687 0.01227596 -0.03693763
v 0.03121222 0.01323775 -0.03597585
v 0.03121222 0.01516132 -0.03501406
v 0.03986829 0.00650525 -0.03309049
v 0.03121222 0.02189381 -0.02924335
v 0.02544151 0.02574095 -0.02924335
v 0.02351794 0.02381738 -0.03212871
v 0.02928865 0.02093203 -0.03212871
v 0.03698293 0.00650525 -0.03597585
f 1231 1232 1233
f 1234 1235 1233
f 1236 1234 1233
f 1236 1237 1234
f 1238 1236 1232
f 1238 1237 1236
f 1239 1238 1232
f 1240 1241 1231
f 1240 1231 1233
f 1240 1233 1235
f 1240 1235 1241
f 1242 1243 1231
f 1242 1231 1241
f 1244 1241 1235
f 1244 1235 1234
f 1245 1234 1237
f 1245 1237 1246
f 1245 1244 1234
f 1247 1236 1233
f 1247 1233 1232
f 1247 1232 1236
f 1248 1246 1237
f 1248 1237 1238
f 1249 1250 1246
f 1249 1248 1238
f 1249 1246 1248
f 1249 1251 1250
f 1249 1238 1239
f 1252 1253 1250
f 1254 1246 1250
f 1254 1250 1253
f 1254 1253 1255
f 1254 1245 1246
f 1254 1255 1245
f 1256 1257 1258
f 1256 1259 1260
f 1256 1261 1259
f 1256 1258 1262
f 1263 1243 1242
f 1264 1256 1260
f 1265 1261 1255
f 1265 1255 1253
f 1265 1253 1266
f 1267 1255 1261
f 1267 1261 1268
f 1267 1245 1255
f 1269 1270 1239
f 1269 1231 1243
f 1269 1243 1263
f 1269 1263 1271
f 1272 1239 1232
f 1272 1232 1231
f 1272 1269 1239
f 1272 1231 1269
f 1273 1239 1270
f 1273 1251 1239
f 1273 1274 1251
f 1275 1262 1276
f 1275 1244 1262
f 1275 1241 1244
f 1275 1242 1241
f 1275 1263 1242
f 1275 1276 1263
f 1277 1258 1257
f 1277 1263 1276
f 1277 1257 1263
f 1277 1276 1262
f 1277 1262 1258
f 1278 1244 1268
f 1278 1268 1262
f 1278 1262 1244
f 1279 1250 1251
f 1279 1251 1280
f 1279 1252 1250
f 1281 1280 1251
f 1281 1274 1282
f 1281 1251 1274
f 1283 1268 1244
f 1283 1244 1245
f 1283 1267 1268
f 1283 1245 1267
f 1284 1249 1239
f 1284 1239 1251
f 1284 1251 1249
f 1285 1252 1266
f 1285 1266 1253
f 1285 1253 1252
f 1286 1266 1252
f 1286 1280 1281
f 1286 1279 1280
f 1286 1252 1279
f 1287 1282 1288
f 1287 1281 1282
f 1287 1286 1281
f 1287 1266 1286
f 1287 1265 1266
f 1287 1259 1265
f 1287 1288 1260
f 1287 1260 1259
f 1289 1268 1261
f 1289 1261 1256
f 1289 1256 1262
f 1289 1262 1268
f 1290 1263 1257
f 1290 1271 1263
f 1290 1257 1256
f 1290 1256 1264
f 1291 1290 1264
f 1291 1271 1290
f 1291 1269 1271
f 1291 1270 1269
f 1292 1291 1264
f 1292 1270 1291
f 1292 1273 1270
f 1292 1274 1273
f 1292 1282 1274
f 1293 1288 1282
f 1293 1292 1264
f 1293 1282 1292
f 1293 1264 1260
f 1293 1260 1288
f 1294 1265 1259
f 1294 1259 1261
f 1294 1261 1265

o geometry_27
v 0.00620581 0.00939061 -0.03405228
v -0.01976238 0.02093203 -0.03020514
v -0.01400220 0.00955641 -0.03480171
v 0.01101474 0.02285560 -0.03405228
v 0.01103600 0.02299865 -0.03143854
v 0.01101474 0.02093203 -0.03501406
v 0.00620581 0.01997024 -0.03597585
v -0.01591524 0.02285560 -0.03405228
v 0.01101474 0.01804667 -0.03597585
v -0.01495345 0.01804667 -0.03597585
v 0.00620600 0.00938843 -0.03596443
v 0.01102664 0.01733115 -0.03380611
v -0.00918274 0.01997024 -0.03597585
v -0.01976238 0.01708489 -0.03212871
v -0.01979936 0.02294985 -0.03033539
v -0.01976238 0.01900846 -0.03501406
v -0.01398654 0.00932908 -0.03565394
v 0.01091185 0.01677407 -0.03571599
v 0.01101474 0.02093203 -0.03116692
v -0.01599707 0.02331384 -0.03090883
v -0.01976238 0.02189381 -0.03405228
v 0.00909117 0.01900846 -0.03597585
v -0.01974047 0.01693741 -0.03457204
v -0.01880059 0.02093203 -0.03020514
v -0.01591524 0.02189381 -0.03020514
v -0.01965096 0.02248384 -0.03239504
v -0.01302988 0.01900846 -0.03597585
f 1295 1296 1297
f 1298 1299 1300
f 1298 1300 1301
f 1298 1301 1302
f 1303 1304 1301
f 1303 1305 1304
f 1303 1300 1299
f 1303 1299 1306
f 1307 1302 1301
f 1307 1301 1304
f 1308 1297 1296
f 1308 1309 1310
f 1308 1296 1309
f 1311 1304 1305
f 1311 1295 1297
f 1311 1305 1295
f 1311 1310 1304
f 1311 1297 1308
f 1312 1295 1305
f 1312 1306 1295
f 1312 1303 1306
f 1312 1305 1303
f 1313 1295 1306
f 1313 1306 1299
f 1314 1309 1299
f 1314 1302 1309
f 1314 1298 1302
f 1314 1299 1298
f 1315 1310 1309
f 1315 1302 1307
f 1316 1303 1301
f 1316 1301 1300
f 1316 1300 1303
f 1317 1311 1308
f 1317 1308 1310
f 1317 1310 1311
f 1318 1296 1295
f 1318 1295 1313
f 1319 1313 1299
f 1319 1299 1309
f 1319 1318 1313
f 1319 1309 1296
f 1319 1296 1318
f 1320 1315 1309
f 1320 1309 1302
f 1320 1302 1315
f 1321 1315 1307
f 1321 1307 1304
f 1321 1304 1310
f 1321 1310 1315

o geometry_28
v -0.01880059 0.02670274 -0.00519873
v -0.01880059 0.03054988 -0.00038981
v -0.01909986 0.02751724 -0.00030913
v -0.02649487 0.02093203 -0.00038981
v -0.01976238 0.02670274 -0.02443443
v -0.01880059 0.02766452 -0.01289301
v -0.01856958 0.03088561 -0.01295697
v -0.01965739 0.03021231 -0.02434612
v -0.01976238 0.03151166 -0.02347264
v -0.02745666 0.02574095 -0.00038981
v -0.02841844 0.02477917 -0.00038981
v -0.02360952 0.02862631 -0.00038981
v -0.01976238 0.03054988 -0.00038981
v -0.02852037 0.02100922 -0.00037917
v -0.02264773 0.03054988 -0.02443443
v -0.02649487 0.02093203 -0.00135159
v -0.01976238 0.03151166 -0.01000766
v -0.02168595 0.03151166 -0.01674015
v -0.01847471 0.03062850 -0.01009789
v -0.02841844 0.02574095 -0.00616052
v -0.02168595 0.03054988 -0.00712230
v -0.02657904 0.02395630 -0.02447891
v -0.02553309 0.02862631 -0.02443443
v -0.02168595 0.03151166 -0.02154907
v -0.02745666 0.02093203 -0.00712230
v -0.02896387 0.02134508 -0.00706537
v -0.02360952 0.03054988 -0.01770193
v -0.02264773 0.02958809 -0.00327516
v -0.02649487 0.02766452 -0.02443443
v -0.02072416 0.03151166 -0.02347264
v -0.02457130 0.02958809 -0.02347264
v -0.02457130 0.02381738 -0.02443443
v -0.02873093 0.02232995 -0.01284447
v -0.02457130 0.02958809 -0.01481658
v -0.02264773 0.03054988 -0.01193122
v -0.02360952 0.03054988 -0.01962550
v -0.02745666 0.02670274 -0.00808408
f 1322 1323 1324
f 1322 1324 1325
f 1322 1326 1327
f 1328 1329 1330
f 1328 1327 1326
f 1328 1326 1329
f 1331 1332 1324
f 1331 1324 1333
f 1334 1333 1324
f 1334 1324 1323
f 1335 1325 1324
f 1335 1324 1332
f 1336 1329 1326
f 1336 1330 1329
f 1337 1322 1325
f 1337 1326 1322
f 1338 1328 1330
f 1338 1323 1328
f 1338 1330 1339
f 1338 1334 1323
f 1340 1322 1327
f 1340 1327 1328
f 1340 1328 1323
f 1340 1323 1322
f 1341 1332 1331
f 1341 1331 1333
f 1342 1338 1339
f 1342 1334 1338
f 1343 1336 1326
f 1343 1344 1336
f 1345 1339 1330
f 1346 1337 1325
f 1346 1325 1335
f 1347 1335 1332
f 1347 1332 1341
f 1347 1346 1335
f 1348 1339 1345
f 1349 1333 1334
f 1349 1334 1342
f 1350 1341 1344
f 1350 1344 1343
f 1351 1345 1330
f 1351 1330 1336
f 1351 1336 1345
f 1352 1345 1336
f 1352 1336 1344
f 1353 1346 1343
f 1353 1343 1326
f 1353 1326 1337
f 1353 1337 1346
f 1354 1343 1346
f 1354 1346 1347
f 1354 1350 1343
f 1354 1347 1341
f 1354 1341 1350
f 1355 1348 1344
f 1356 1342 1339
f 1356 1339 1348
f 1356 1349 1342
f 1356 1333 1349
f 1356 1355 1333
f 1356 1348 1355
f 1357 1348 1345
f 1357 1345 1352
f 1357 1352 1344
f 1357 1344 1348
f 1358 1341 1333
f 1358 1333 1355
f 1358 1355 1344
f 1358 1344 1341

o geometry_29
v -0.03418915 -0.01561580 -0.03116692
v -0.03845901 -0.01089049 -0.02055486
v -0.02841844 -0.02427186 -0.03020514
v -0.02953002 -0.02632494 -0.02057232
v -0.03418915 -0.02619543 -0.02058729
v -0.02826555 -0.03078030 -0.02633615
v -0.02841844 -0.02619543 -0.02635800
v -0.03869064 -0.01092809 -0.02735959
v -0.02938023 -0.03100436 -0.03020514
v -0.02938023 -0.03004257 -0.03116692
v -0.02813641 -0.02960435 -0.03094993
v -0.03083282 -0.02183911 -0.03254794
v -0.03000316 -0.02577222 -0.02052506
v -0.03707451 -0.02234829 -0.02058729
v -0.04092164 -0.01465401 -0.02058729
v -0.02794809 -0.03027353 -0.02984326
v -0.04059044 -0.01074012 -0.02061140
v -0.04188343 -0.01176866 -0.02539621
v -0.03995986 -0.01657758 -0.03020514
v -0.03611272 -0.02427186 -0.02828157
v -0.03707451 -0.02234829 -0.03020514
v -0.03474472 -0.01588965 -0.03253382
v -0.03707451 -0.02138651 -0.03212871
v -0.04098197 -0.01063270 -0.02726880
v -0.03849813 -0.01536445 -0.03188017
v -0.02894193 -0.02475461 -0.03161407
v -0.03611272 -0.02331008 -0.03116692
v -0.03611272 -0.02234829 -0.03212871
v -0.03611272 -0.02427186 -0.02347264
v -0.04188343 -0.01176866 -0.02731978
v -0.03899808 -0.01753937 -0.03212871
v -0.04094930 -0.01061904 -0.02545239
v -0.03226558 -0.02811900 -0.03020514
v -0.03515094 -0.02523365 -0.02154907
v -0.03515094 -0.02523365 -0.02924335
f 1359 1360 1361
f 1362 1361 1360
f 1363 1364 1362
f 1365 1362 1364
f 1365 1361 1362
f 1366 1360 1359
f 1367 1368 1369
f 1367 1364 1363
f 1370 1359 1361
f 1370 1369 1368
f 1371 1363 1362
f 1371 1362 1360
f 1371 1372 1363
f 1371 1373 1372
f 1371 1360 1373
f 1374 1369 1361
f 1374 1361 1365
f 1374 1365 1364
f 1374 1367 1369
f 1374 1364 1367
f 1375 1373 1360
f 1375 1376 1373
f 1377 1378 1373
f 1377 1379 1378
f 1380 1366 1359
f 1380 1359 1370
f 1380 1370 1381
f 1382 1360 1366
f 1382 1380 1383
f 1382 1366 1380
f 1384 1370 1361
f 1384 1361 1369
f 1384 1369 1370
f 1385 1379 1381
f 1385 1378 1379
f 1385 1368 1367
f 1386 1381 1370
f 1386 1370 1368
f 1386 1385 1381
f 1386 1368 1385
f 1387 1372 1373
f 1387 1373 1378
f 1388 1377 1373
f 1388 1373 1376
f 1388 1376 1382
f 1388 1382 1383
f 1389 1381 1379
f 1389 1379 1377
f 1389 1380 1381
f 1389 1383 1380
f 1389 1388 1383
f 1389 1377 1388
f 1390 1382 1376
f 1390 1376 1375
f 1390 1375 1360
f 1390 1360 1382
f 1391 1385 1367
f 1392 1363 1372
f 1392 1372 1387
f 1392 1367 1363
f 1392 1387 1378
f 1393 1378 1385
f 1393 1385 1391
f 1393 1391 1367
f 1393 1392 1378
f 1393 1367 1392

o geometry_30
v -0.03995986 0.00939061 -0.03212871
v -0.03755634 0.00961392 -0.02644983
v -0.03152849 0.00959875 -0.03363984
v -0.03130380 0.00746704 -0.03309049
v -0.03611272 -0.01465401 -0.02731978
v -0.03130380 -0.01561580 -0.03405228
v -0.03121020 0.00926770 -0.03556227
v -0.03118128 -0.01555833 -0.03735509
v -0.03130380 0.00265811 -0.03789942
v -0.03515094 -0.00022724 -0.03789942
v -0.03515094 -0.01273044 -0.03789942
v -0.03130380 0.00842882 -0.03693763
v -0.03418915 0.00939061 -0.03597585
v -0.03707451 0.00746704 -0.02635800
v -0.03899808 -0.00215081 -0.02635800
v -0.04020335 0.00908532 -0.02632640
v -0.03673091 -0.01592185 -0.02736464
v -0.03322737 -0.01561580 -0.03789942
v -0.03226558 0.00265811 -0.03789942
v -0.03515094 0.00554347 -0.03693763
v -0.03707451 0.00939061 -0.03501406
v -0.03226558 0.00842882 -0.03693763
v -0.04092164 0.00939061 -0.03020514
v -0.04188343 0.00746704 -0.02924335
v -0.04221713 -0.00221410 -0.02632926
v -0.04284521 0.00169633 -0.02635800
v -0.04188343 -0.01176866 -0.02731978
v -0.04284521 -0.00599795 -0.02924335
v -0.04284521 -0.00215081 -0.03116692
v -0.03707451 -0.01561580 -0.03597585
v -0.03803629 -0.00022724 -0.03693763
v -0.03899808 0.00842882 -0.03405228
v -0.04284521 0.00073454 -0.02924335
v -0.04092164 0.00746704 -0.03212871
v -0.04103483 0.00711049 -0.02632911
v -0.03949454 -0.01538320 -0.02727897
v -0.04092164 -0.01465401 -0.03020514
v -0.03995986 -0.01561580 -0.03212871
v -0.04188343 -0.01176866 -0.02828157
v -0.04188343 -0.01080688 -0.03020514
v -0.03611272 -0.01465401 -0.03693763
v -0.03899808 -0.01561580 -0.03405228
v -0.03803629 -0.00792152 -0.03693763
v -0.04092164 -0.00215081 -0.03501406
v -0.03707451 0.00650525 -0.03597585
v -0.04092164 -0.01369223 -0.03212871
v -0.03899808 0.00169633 -0.03597585
v -0.04188343 0.00650525 -0.03020514
v -0.04284521 0.00169633 -0.02731978
v -0.04188343 -0.00022724 -0.03309049
v -0.03995986 0.00842882 -0.03309049
v -0.03995986 0.00554347 -0.03405228
v -0.04007385 -0.01423021 -0.02724543
v -0.03418915 -0.01465401 -0.03789942
v -0.03899808 -0.01176866 -0.03597585
v -0.04284521 -0.00407438 -0.03116692
v -0.04188343 -0.00599795 -0.03309049
v -0.04092164 -0.01176866 -0.03309049
v -0.03995986 -0.01369223 -0.03405228
v -0.03899808 0.00554347 -0.03501406
v -0.04092164 0.00169633 -0.03405228
v -0.04188343 0.00458168 -0.03116692
v -0.03707451 -0.01273044 -0.03693763
v -0.04092164 -0.00407438 -0.03501406
f 1394 1395 1396
f 1397 1398 1399
f 1397 1396 1395
f 1397 1400 1396
f 1401 1402 1400
f 1401 1397 1399
f 1401 1400 1397
f 1403 1402 1404
f 1405 1400 1402
f 1406 1396 1400
f 1406 1400 1405
f 1407 1397 1395
f 1407 1398 1397
f 1407 1408 1398
f 1407 1395 1409
f 1407 1409 1408
f 1410 1399 1398
f 1410 1398 1408
f 1410 1401 1399
f 1411 1404 1402
f 1411 1402 1401
f 1411 1401 1410
f 1412 1403 1413
f 1412 1402 1403
f 1412 1405 1402
f 1414 1394 1396
f 1414 1396 1406
f 1414 1406 1413
f 1415 1406 1405
f 1415 1413 1406
f 1415 1412 1413
f 1415 1405 1412
f 1416 1409 1395
f 1416 1395 1394
f 1416 1417 1409
f 1418 1408 1409
f 1418 1419 1420
f 1421 1420 1419
f 1421 1419 1422
f 1423 1411 1410
f 1424 1413 1403
f 1424 1403 1404
f 1425 1394 1414
f 1426 1422 1419
f 1427 1416 1394
f 1428 1417 1419
f 1428 1409 1417
f 1428 1418 1409
f 1428 1419 1418
f 1429 1410 1408
f 1429 1408 1418
f 1429 1420 1430
f 1429 1430 1431
f 1429 1431 1410
f 1432 1430 1420
f 1432 1421 1433
f 1432 1420 1421
f 1434 1411 1423
f 1435 1423 1410
f 1435 1410 1431
f 1436 1424 1404
f 1436 1437 1424
f 1438 1414 1413
f 1438 1413 1424
f 1438 1425 1414
f 1439 1432 1433
f 1439 1430 1432
f 1439 1431 1430
f 1439 1435 1431
f 1440 1424 1437
f 1440 1438 1424
f 1441 1426 1417
f 1441 1422 1426
f 1441 1417 1416
f 1441 1416 1427
f 1442 1426 1419
f 1442 1419 1417
f 1442 1417 1426
f 1443 1437 1422
f 1444 1427 1394
f 1444 1394 1425
f 1444 1445 1427
f 1444 1425 1445
f 1446 1429 1418
f 1446 1418 1420
f 1446 1420 1429
f 1447 1434 1404
f 1447 1404 1411
f 1447 1411 1434
f 1448 1434 1423
f 1448 1423 1435
f 1449 1421 1422
f 1449 1422 1437
f 1449 1433 1421
f 1449 1439 1433
f 1449 1450 1451
f 1449 1451 1439
f 1452 1439 1451
f 1452 1435 1439
f 1452 1448 1435
f 1452 1451 1448
f 1453 1425 1438
f 1453 1438 1440
f 1453 1445 1425
f 1453 1440 1445
f 1454 1443 1427
f 1454 1437 1443
f 1454 1427 1445
f 1454 1445 1440
f 1454 1440 1437
f 1455 1441 1427
f 1455 1427 1443
f 1455 1443 1422
f 1455 1422 1441
f 1456 1448 1436
f 1456 1436 1404
f 1456 1404 1434
f 1456 1434 1448
f 1457 1437 1436
f 1457 1436 1448
f 1457 1449 1437
f 1457 1450 1449
f 1457 1448 1451
f 1457 1451 1450

o geometry_31
v -0.01398345 0.00450954 -0.03648694
v -0.01399251 -0.01561611 -0.03696870
v -0.01399167 -0.01369223 -0.03982299
v -0.03133679 0.00460163 -0.03513211
v -0.03130380 0.00361990 -0.03789942
v -0.03144768 -0.01568424 -0.03525495
v -0.01399167 0.00169633 -0.03789942
v -0.02264773 0.00458168 -0.03886120
v -0.01406839 -0.01572609 -0.03896437
v -0.01495345 -0.01561580 -0.03597585
v -0.01976238 -0.01561580 -0.03982299
v -0.01399167 -0.00984509 -0.03597585
v -0.01399167 0.00169633 -0.03501406
v -0.02938023 -0.01561580 -0.03501406
v -0.01400236 0.00469881 -0.03566326
v -0.03034201 0.00458168 -0.03789942
v -0.02457130 -0.00407438 -0.03982299
v -0.02168595 0.00361990 -0.03886120
v -0.02938023 -0.01561580 -0.03886120
v -0.03126054 0.00453531 -0.03663416
v -0.02457130 0.00458168 -0.03886120
v -0.03130380 -0.00599795 -0.03886120
v -0.03130380 -0.01176866 -0.03886120
v -0.02264773 -0.00407438 -0.03982299
v -0.02360952 -0.00984509 -0.03982299
v -0.03118128 -0.01555833 -0.03735509
v -0.03034201 -0.00407438 -0.03886120
v -0.02457130 -0.00695973 -0.03982299
v -0.02168595 -0.01369223 -0.03982299
f 1458 1459 1460
f 1461 1462 1463
f 1464 1458 1460
f 1464 1465 1458
f 1466 1467 1463
f 1466 1459 1467
f 1466 1468 1460
f 1466 1460 1459
f 1469 1467 1459
f 1469 1470 1467
f 1469 1458 1470
f 1469 1459 1458
f 1471 1467 1470
f 1471 1463 1467
f 1471 1461 1463
f 1471 1470 1461
f 1472 1461 1470
f 1472 1470 1458
f 1472 1458 1465
f 1473 1461 1472
f 1474 1460 1468
f 1475 1464 1460
f 1475 1465 1464
f 1476 1466 1463
f 1476 1468 1466
f 1477 1473 1462
f 1477 1462 1461
f 1477 1461 1473
f 1478 1473 1472
f 1478 1472 1465
f 1478 1465 1474
f 1478 1474 1462
f 1478 1462 1473
f 1479 1480 1463
f 1479 1463 1462
f 1479 1474 1480
f 1481 1474 1465
f 1481 1460 1474
f 1481 1475 1460
f 1481 1465 1475
f 1482 1474 1468
f 1482 1476 1480
f 1483 1476 1463
f 1483 1463 1480
f 1483 1480 1476
f 1484 1479 1462
f 1484 1462 1474
f 1484 1474 1479
f 1485 1482 1480
f 1485 1480 1474
f 1485 1474 1482
f 1486 1482 1468
f 1486 1468 1476
f 1486 1476 1482

o geometry_32
v -0.01302988 0.02958809 0.03423445
v -0.02690917 0.01836042 0.03427769
v -0.01206810 0.02574095 0.03423445
v -0.01173429 0.02874371 0.03415122
v -0.01206810 0.02574095 0.03038731
v -0.01172497 0.03064371 0.01491320
v -0.01206810 0.02766452 0.01115161
v -0.01188569 0.03105024 0.01014435
v -0.01302988 0.03151166 0.01499875
v -0.02553309 0.01804667 0.03134910
v -0.02745666 0.01900846 0.00730447
v -0.02745666 0.01997024 0.00057198
v -0.02360952 0.02285560 -0.00038981
v -0.01976238 0.02574095 -0.00038981
v -0.01877752 0.02952556 -0.00039620
v -0.01399167 0.03151166 0.01018983
v -0.01976238 0.02958809 0.00922804
v -0.02168595 0.02958809 0.00153376
v -0.02168595 0.02766452 0.02076946
v -0.02457130 0.02381738 0.03423445
v -0.02360952 0.02477917 0.03327266
v -0.02649487 0.02285560 0.03134910
v -0.02553309 0.01804667 0.03423445
v -0.02891673 0.02034760 0.00062398
v -0.02893294 0.01939810 0.00735817
v -0.02874287 0.01925415 0.01022369
v -0.01521428 0.02837438 0.00545121
v -0.02168595 0.02958809 -0.00038981
v -0.02745666 0.02574095 -0.00038981
v -0.01399167 0.03151166 0.01115161
v -0.01488797 0.03037241 0.00536277
v -0.02745666 0.02574095 0.00057198
v -0.02072416 0.02766452 0.02461660
v -0.02072416 0.02670274 0.03327266
v -0.02168595 0.02574095 0.03423445
v -0.02597704 0.02120264 0.03415696
v -0.02852037 0.02100922 -0.00037917
v -0.02841844 0.02381738 0.01018983
v -0.01222717 0.02903099 0.01022854
v -0.01909986 0.02751724 -0.00030913
v -0.02264773 0.02862631 0.00538090
v -0.02457130 0.02477917 0.02750196
v -0.02168595 0.02670274 0.02942553
v -0.01783881 0.02766452 0.03423445
v -0.02649487 0.02093203 -0.00038981
v -0.02841844 0.02477917 -0.00038981
v -0.02841844 0.02477917 0.00249555
v -0.02745666 0.02285560 0.02269303
v -0.02360952 0.02766452 0.00826626
v -0.02457130 0.02766452 0.00153376
f 1487 1488 1489
f 1487 1489 1490
f 1491 1490 1489
f 1492 1493 1494
f 1492 1491 1493
f 1492 1490 1491
f 1495 1492 1494
f 1495 1487 1490
f 1495 1490 1492
f 1496 1491 1489
f 1497 1498 1493
f 1497 1493 1491
f 1497 1491 1496
f 1499 1500 1493
f 1499 1493 1498
f 1499 1501 1500
f 1502 1495 1494
f 1503 1495 1504
f 1503 1487 1495
f 1505 1503 1504
f 1506 1507 1508
f 1509 1496 1489
f 1509 1489 1488
f 1509 1488 1496
f 1510 1497 1511
f 1510 1498 1497
f 1512 1496 1488
f 1512 1497 1496
f 1512 1511 1497
f 1513 1493 1500
f 1514 1501 1515
f 1514 1515 1504
f 1514 1502 1501
f 1514 1504 1502
f 1516 1502 1504
f 1516 1504 1495
f 1516 1495 1502
f 1517 1502 1494
f 1517 1501 1502
f 1517 1494 1513
f 1518 1504 1515
f 1519 1487 1503
f 1519 1503 1505
f 1519 1520 1487
f 1519 1505 1520
f 1521 1506 1488
f 1521 1520 1507
f 1521 1507 1506
f 1522 1506 1508
f 1522 1508 1488
f 1522 1488 1506
f 1523 1498 1510
f 1524 1511 1512
f 1524 1512 1488
f 1525 1513 1494
f 1525 1494 1493
f 1525 1493 1513
f 1526 1513 1500
f 1526 1500 1501
f 1526 1517 1513
f 1526 1501 1517
f 1527 1505 1504
f 1528 1508 1507
f 1529 1520 1505
f 1529 1507 1520
f 1529 1528 1507
f 1529 1518 1528
f 1530 1487 1520
f 1530 1520 1521
f 1530 1521 1488
f 1530 1488 1487
f 1531 1499 1498
f 1531 1498 1523
f 1531 1501 1499
f 1532 1523 1510
f 1532 1531 1523
f 1532 1515 1501
f 1532 1501 1531
f 1532 1518 1515
f 1533 1524 1508
f 1533 1518 1532
f 1533 1532 1510
f 1533 1510 1511
f 1533 1511 1524
f 1533 1528 1518
f 1533 1508 1528
f 1534 1524 1488
f 1534 1488 1508
f 1534 1508 1524
f 1535 1527 1518
f 1535 1505 1527
f 1535 1529 1505
f 1535 1518 1529
f 1536 1527 1504
f 1536 1504 1518
f 1536 1518 1527

o geometry_33
v -0.01880059 -0.03004257 -0.03116692
v -0.01846561 -0.03687636 -0.02158126
v -0.01877481 -0.02995862 -0.03580524
v -0.01846074 -0.03684691 -0.02531999
v -0.01880059 -0.03196614 -0.03597585
v -0.02168595 -0.03100436 -0.03597585
v -0.01899345 -0.03437997 -0.02054939
v -0.02072416 -0.03196614 -0.02058729
v -0.02140502 -0.02957080 -0.03523693
v -0.02859283 -0.02539896 -0.03133160
v -0.02745666 -0.02523365 -0.03020514
v -0.01976238 -0.03773685 -0.02539621
v -0.01880059 -0.03677507 -0.03020514
v -0.01880059 -0.03581328 -0.03212871
v -0.02072416 -0.03485150 -0.03309049
v -0.02553309 -0.03100436 -0.03405228
v -0.02841844 -0.03100436 -0.03116692
v -0.03322737 -0.02715722 -0.02635800
v -0.01877061 -0.03669883 -0.02059341
v -0.02168595 -0.03677507 -0.02058729
v -0.02911549 -0.02679808 -0.02051766
v -0.03274340 -0.02577517 -0.02063252
v -0.03322737 -0.02715722 -0.02058729
v -0.03034201 -0.03100436 -0.02635800
v -0.01976238 -0.03677507 -0.03020514
v -0.02745666 -0.03196614 -0.03116692
v -0.01976238 -0.03773685 -0.02154907
v -0.02841844 -0.03196614 -0.02058729
v -0.03294676 -0.02594646 -0.02633445
v -0.01976238 -0.03196614 -0.03597585
v -0.02072416 -0.03292793 -0.03501406
v -0.02264773 -0.03196614 -0.03501406
v -0.02168595 -0.03677507 -0.02731978
v -0.01976238 -0.03581328 -0.03212871
v -0.02457130 -0.03196614 -0.03405228
v -0.02841844 -0.03196614 -0.02924335
v -0.02264773 -0.03581328 -0.02924335
v -0.03034201 -0.03100436 -0.02443443
v -0.02745666 -0.03292793 -0.02154907
v -0.02072416 -0.03677507 -0.02924335
v -0.02360952 -0.03485150 -0.03020514
v -0.02360952 -0.03388971 -0.03212871
v -0.02264773 -0.03388971 -0.03309049
v -0.02745666 -0.03292793 -0.02731978
v -0.02457130 -0.03485150 -0.02058729
f 1537 1538 1539
f 1540 1539 1538
f 1541 1542 1539
f 1541 1539 1540
f 1543 1537 1544
f 1543 1538 1537
f 1545 1546 1539
f 1545 1539 1542
f 1545 1542 1546
f 1547 1537 1539
f 1547 1539 1546
f 1548 1549 1540
f 1548 1540 1538
f 1550 1541 1540
f 1550 1540 1549
f 1550 1551 1541
f 1552 1553 1546
f 1552 1546 1542
f 1554 1546 1553
f 1555 1543 1556
f 1555 1538 1543
f 1557 1543 1544
f 1557 1556 1543
f 1557 1544 1537
f 1557 1537 1547
f 1558 1547 1546
f 1558 1557 1547
f 1558 1559 1557
f 1560 1554 1553
f 1560 1559 1554
f 1561 1550 1549
f 1561 1549 1548
f 1562 1553 1552
f 1563 1548 1538
f 1563 1538 1555
f 1563 1555 1556
f 1563 1556 1548
f 1564 1557 1559
f 1565 1554 1559
f 1565 1559 1558
f 1565 1558 1546
f 1565 1546 1554
f 1566 1542 1541
f 1566 1541 1551
f 1566 1551 1567
f 1568 1566 1567
f 1568 1542 1566
f 1568 1567 1551
f 1569 1548 1556
f 1570 1561 1551
f 1570 1551 1550
f 1570 1550 1561
f 1571 1562 1552
f 1571 1568 1551
f 1571 1552 1542
f 1571 1542 1568
f 1572 1560 1553
f 1572 1553 1562
f 1572 1573 1569
f 1574 1564 1559
f 1574 1559 1560
f 1574 1575 1564
f 1576 1561 1548
f 1576 1548 1569
f 1576 1569 1573
f 1577 1562 1578
f 1577 1572 1562
f 1577 1573 1572
f 1577 1551 1561
f 1577 1576 1573
f 1577 1561 1576
f 1579 1571 1551
f 1579 1577 1578
f 1579 1551 1577
f 1579 1578 1562
f 1579 1562 1571
f 1580 1572 1569
f 1580 1569 1560
f 1580 1560 1572
f 1581 1564 1575
f 1581 1556 1557
f 1581 1557 1564
f 1581 1575 1574
f 1581 1574 1560
f 1581 1569 1556
f 1581 1560 1569

o geometry_34
v -0.02602493 0.02701304 -0.01681726
v -0.02626921 0.02638949 -0.01292896
v -0.02700293 0.02356468 -0.01281410
v -0.02697556 0.02364894 -0.02468846
v -0.03611272 0.00939061 -0.01866372
v -0.02745666 0.02766452 -0.01674015
v -0.02745666 0.02766452 -0.02347264
v -0.02604597 0.02697022 -0.02336739
v -0.03688801 0.00969651 -0.01282487
v -0.02938023 0.02574095 -0.01289301
v -0.03418915 0.02093203 -0.01289301
v -0.03034201 0.02574095 -0.02443443
v -0.02841844 0.02670274 -0.02443443
v -0.03418915 0.02189381 -0.02443443
v -0.02638639 0.02652337 -0.02437751
v -0.03707451 0.01708489 -0.01289301
v -0.02841844 0.02670274 -0.01385479
v -0.03130380 0.02477917 -0.01577836
v -0.03611272 0.01035239 -0.02443443
v -0.03927970 0.00912514 -0.01295182
v -0.03995986 0.01035239 -0.01289301
v -0.03899808 0.01323775 -0.01289301
v -0.03803629 0.01612310 -0.01385479
v -0.03803629 0.01708489 -0.02058729
v -0.03226558 0.02381738 -0.01674015
v -0.03034201 0.02574095 -0.01770193
v -0.03803629 0.01708489 -0.02443443
v -0.03899808 0.01516132 -0.02443443
v -0.04092164 0.01035239 -0.02443443
v -0.03773776 0.00967412 -0.02446081
v -0.04025906 0.00911222 -0.02441187
v -0.04092164 0.01035239 -0.02154907
v -0.04005753 0.00905334 -0.02162379
v -0.03418915 0.02189381 -0.02058729
v -0.03995986 0.01131418 -0.01481658
v -0.03899808 0.01516132 -0.02154907
v -0.03995986 0.01227596 -0.01866372
f 1582 1583 1584
f 1582 1584 1585
f 1586 1585 1584
f 1587 1582 1588
f 1587 1583 1582
f 1589 1582 1585
f 1589 1588 1582
f 1590 1586 1584
f 1591 1592 1584
f 1591 1584 1583
f 1593 1594 1585
f 1593 1585 1595
f 1593 1588 1594
f 1593 1587 1588
f 1596 1594 1588
f 1596 1588 1589
f 1596 1589 1585
f 1596 1585 1594
f 1597 1590 1584
f 1597 1584 1592
f 1598 1591 1583
f 1598 1583 1587
f 1599 1592 1591
f 1599 1593 1595
f 1599 1591 1598
f 1600 1585 1586
f 1601 1590 1602
f 1601 1586 1590
f 1603 1602 1590
f 1603 1590 1597
f 1604 1597 1592
f 1604 1592 1605
f 1604 1603 1597
f 1606 1592 1599
f 1607 1599 1598
f 1607 1598 1587
f 1607 1587 1593
f 1607 1593 1599
f 1608 1595 1585
f 1608 1585 1609
f 1608 1609 1605
f 1608 1605 1595
f 1610 1609 1585
f 1611 1585 1600
f 1611 1610 1585
f 1611 1612 1610
f 1611 1600 1586
f 1611 1586 1612
f 1613 1601 1602
f 1613 1610 1612
f 1613 1609 1610
f 1614 1612 1586
f 1614 1586 1601
f 1614 1613 1612
f 1614 1601 1613
f 1615 1595 1605
f 1615 1605 1592
f 1615 1592 1606
f 1615 1606 1599
f 1615 1599 1595
f 1616 1613 1602
f 1616 1602 1603
f 1616 1603 1604
f 1617 1604 1605
f 1617 1605 1609
f 1617 1609 1613
f 1618 1616 1604
f 1618 1613 1616
f 1618 1617 1613
f 1618 1604 1617

o geometry_35
v 0.03848445 -0.00973474 0.00727565
v 0.03505936 -0.00984509 0.00730447
v 0.03887697 -0.00695279 0.01114952
v 0.03890650 -0.01273044 0.00730447
v 0.03505936 -0.00695973 0.01692232
v 0.03217401 -0.01273044 0.03519623
v 0.03409758 -0.00695973 0.03134910
v 0.03721630 -0.00678841 0.03514465
v 0.03602115 -0.01176866 0.04769944
v 0.03794472 -0.00888330 0.03519623
v 0.03505936 -0.00984509 0.04866122
v 0.03890650 -0.00792152 0.02461660
v 0.03890650 -0.00984509 0.01884589
v 0.03217401 -0.01176866 0.04192873
v 0.03217401 -0.01273044 0.04866122
v 0.03313579 -0.00984509 0.04866122
v 0.03748160 -0.01357115 0.00727285
v 0.03409758 -0.01273044 0.01018983
v 0.03483311 -0.01411143 0.01024626
v 0.03263211 -0.01403614 0.04790200
v 0.03602115 -0.01369223 0.04577587
v 0.03665146 -0.00712181 0.01119466
v 0.03505936 -0.00792152 0.01307518
v 0.03698293 -0.01080688 0.04192873
v 0.03505936 -0.01369223 0.04866122
v 0.03797764 -0.00674127 0.02455082
v 0.03698293 -0.01273044 0.03615802
v 0.03217401 -0.01176866 0.04769944
v 0.03502683 -0.00717433 0.03525612
v 0.03523850 -0.01379432 0.00731822
v 0.03794472 -0.01369223 0.01788411
v 0.03292650 -0.01410534 0.03525151
v 0.03794472 -0.00984509 0.03231088
v 0.03890650 -0.01273044 0.00826626
v 0.03698293 -0.01369223 0.03231088
f 1619 1620 1621
f 1619 1621 1622
f 1623 1624 1625
f 1626 1627 1628
f 1626 1629 1627
f 1630 1622 1621
f 1630 1626 1628
f 1631 1630 1628
f 1631 1622 1630
f 1632 1625 1624
f 1632 1624 1633
f 1634 1633 1629
f 1634 1629 1626
f 1635 1619 1622
f 1635 1620 1619
f 1636 1637 1624
f 1638 1633 1624
f 1638 1637 1639
f 1640 1623 1621
f 1640 1621 1620
f 1641 1624 1623
f 1641 1636 1624
f 1641 1620 1636
f 1641 1640 1620
f 1641 1623 1640
f 1642 1627 1639
f 1642 1639 1628
f 1642 1628 1627
f 1643 1627 1629
f 1643 1629 1633
f 1643 1633 1638
f 1643 1638 1639
f 1643 1639 1627
f 1644 1623 1625
f 1644 1625 1626
f 1644 1621 1623
f 1644 1630 1621
f 1644 1626 1630
f 1645 1628 1639
f 1646 1632 1633
f 1646 1633 1634
f 1646 1634 1625
f 1646 1625 1632
f 1647 1634 1626
f 1647 1626 1625
f 1647 1625 1634
f 1648 1635 1637
f 1648 1620 1635
f 1648 1636 1620
f 1648 1637 1636
f 1649 1635 1622
f 1649 1637 1635
f 1650 1638 1624
f 1650 1624 1637
f 1650 1637 1638
f 1651 1645 1631
f 1651 1631 1628
f 1651 1628 1645
f 1652 1622 1631
f 1652 1631 1645
f 1652 1649 1622
f 1653 1652 1645
f 1653 1645 1639
f 1653 1649 1652
f 1653 1639 1637
f 1653 1637 1649

o geometry_36
v 0.01005295 -0.03677507 0.03134910
v 0.01590791 -0.03124790 0.03136844
v 0.00623990 -0.03414650 0.03136783
v 0.01582366 -0.03485150 0.02846374
v 0.01564439 -0.03337237 0.03130620
v 0.01708209 -0.03282366 0.00641079
v 0.01683055 -0.03499099 -0.02637135
v 0.01678545 -0.03388971 -0.01866372
v 0.01678545 -0.03869864 -0.02539621
v 0.01486188 -0.03485150 0.03134910
v 0.01005295 -0.04062221 -0.02635800
v 0.01101474 -0.04062221 -0.02058729
v 0.00620581 -0.04062221 -0.01193122
v 0.01390009 -0.03485150 -0.02635800
v 0.00621582 -0.03786386 -0.02638570
v 0.01293831 -0.03100436 0.03134910
v 0.01582366 -0.03100436 0.02173125
v 0.01293831 -0.03100436 0.03038731
v 0.01293831 -0.03581328 0.03038731
v 0.01705862 -0.03275583 0.00736718
v 0.01678545 -0.03677507 0.00153376
v 0.01678545 -0.03869864 -0.02251086
v 0.01293831 -0.03966042 -0.01674015
v 0.00909117 -0.04062221 -0.01481658
v 0.01582366 -0.03869864 -0.02635800
v 0.01101474 -0.04062221 -0.02539621
v 0.00617031 -0.04016833 -0.02626032
v 0.01486188 -0.03100436 0.02173125
v 0.00812938 -0.03292793 0.03134910
v 0.00620581 -0.03388971 0.02076946
v 0.00716760 -0.03677507 -0.02635800
v 0.01486188 -0.03581328 0.02173125
v 0.01678545 -0.03773685 -0.01000766
v 0.00611489 -0.03609805 0.03129759
v 0.00620581 -0.03773685 0.02365482
v 0.00716760 -0.04062221 -0.01193122
v 0.01666510 -0.03736391 -0.02632419
v 0.01582366 -0.03196614 0.00634269
v 0.00812938 -0.03292793 0.02942553
v 0.00620581 -0.03677507 -0.01674015
v 0.01005295 -0.03966042 -0.00423694
v 0.01005295 -0.03773685 0.01980768
v 0.00716760 -0.03773685 0.02365482
v 0.01101474 -0.03677507 0.02750196
v 0.01582366 -0.03869864 -0.01770193
v 0.01582366 -0.03388971 -0.01866372
v 0.01005295 -0.04062221 -0.01674015
f 1654 1655 1656
f 1657 1655 1658
f 1659 1660 1661
f 1659 1662 1660
f 1663 1658 1655
f 1663 1655 1654
f 1663 1657 1658
f 1664 1665 1666
f 1667 1660 1668
f 1667 1661 1660
f 1669 1656 1655
f 1670 1659 1661
f 1670 1669 1655
f 1670 1671 1669
f 1672 1663 1654
f 1672 1657 1663
f 1673 1657 1674
f 1673 1674 1659
f 1673 1655 1657
f 1673 1670 1655
f 1673 1659 1670
f 1675 1662 1659
f 1675 1665 1662
f 1676 1665 1675
f 1677 1666 1665
f 1678 1664 1668
f 1678 1668 1660
f 1679 1662 1665
f 1679 1665 1664
f 1679 1678 1662
f 1679 1664 1678
f 1680 1664 1666
f 1680 1668 1664
f 1681 1671 1670
f 1682 1669 1671
f 1682 1683 1656
f 1682 1656 1669
f 1684 1667 1668
f 1684 1681 1667
f 1684 1683 1671
f 1684 1671 1681
f 1685 1674 1657
f 1685 1657 1672
f 1686 1674 1685
f 1686 1675 1659
f 1686 1659 1674
f 1687 1688 1654
f 1687 1654 1656
f 1687 1656 1683
f 1687 1680 1666
f 1687 1666 1688
f 1689 1688 1666
f 1689 1666 1677
f 1690 1678 1660
f 1690 1660 1662
f 1690 1662 1678
f 1691 1681 1670
f 1691 1670 1661
f 1691 1667 1681
f 1692 1682 1671
f 1692 1671 1683
f 1692 1683 1682
f 1693 1684 1668
f 1693 1683 1684
f 1693 1687 1683
f 1693 1668 1680
f 1693 1680 1687
f 1694 1665 1676
f 1694 1676 1695
f 1694 1689 1677
f 1694 1695 1689
f 1696 1695 1654
f 1696 1654 1688
f 1696 1689 1695
f 1696 1688 1689
f 1697 1672 1654
f 1697 1654 1695
f 1697 1695 1676
f 1697 1676 1686
f 1697 1686 1685
f 1697 1685 1672
f 1698 1686 1676
f 1698 1676 1675
f 1698 1675 1686
f 1699 1691 1661
f 1699 1661 1667
f 1699 1667 1691
f 1700 1694 1677
f 1700 1677 1665
f 1700 1665 1694

o geometry_37
v 0.02890255 -0.02578852 -0.01572330
v 0.03313579 -0.02619543 -0.01577836
v 0.03274453 -0.02485531 -0.01581662
v 0.02351794 -0.02523365 -0.03886120
v 0.02063259 -0.02715722 -0.03886120
v 0.02059608 -0.02508504 -0.03832863
v 0.02063259 -0.03100436 -0.03693763
v 0.02021722 -0.03515979 -0.01583654
v 0.03409758 -0.02619543 -0.02347264
v 0.02063259 -0.03100436 -0.01577836
v 0.02159437 -0.03581328 -0.01577836
v 0.02063259 -0.02523365 -0.03501406
v 0.02976944 -0.02468342 -0.03544122
v 0.03165518 -0.02466074 -0.03367999
v 0.03268001 -0.02475333 -0.03194967
v 0.03217401 -0.02619543 -0.03405228
v 0.02063259 -0.03581328 -0.03020514
v 0.02159437 -0.03581328 -0.03020514
v 0.02736508 -0.03196614 -0.01577836
v 0.03313579 -0.02619543 -0.03212871
v 0.03409758 -0.02619543 -0.02924335
v 0.02736508 -0.03196614 -0.03212871
v 0.02736508 -0.03292793 -0.02539621
v 0.02614075 -0.02486817 -0.03709118
v 0.03025044 -0.02619543 -0.03597585
v 0.03358378 -0.02471264 -0.02916203
v 0.02159437 -0.03388971 -0.03405228
v 0.02063259 -0.03388971 -0.03405228
v 0.03025044 -0.03004257 -0.02154907
v 0.02832687 -0.03196614 -0.02828157
v 0.02640330 -0.03292793 -0.01674015
v 0.02255616 -0.03581328 -0.02731978
v 0.02640330 -0.02619543 -0.03789942
v 0.03359863 -0.02475118 -0.02352143
v 0.02159437 -0.03100436 -0.03693763
v 0.02544151 -0.02908079 -0.03693763
v 0.02255616 -0.02908079 -0.03789942
v 0.02351794 -0.02619543 -0.03886120
v 0.03313579 -0.02715722 -0.02251086
v 0.03025044 -0.03004257 -0.02924335
v 0.02255616 -0.03581328 -0.02154907
v 0.02832687 -0.03196614 -0.02154907
v 0.02736508 -0.03292793 -0.02731978
v 0.03025044 -0.02811900 -0.03405228
v 0.02832687 -0.02908079 -0.03501406
v 0.02832687 -0.02811900 -0.03597585
v 0.02544151 -0.03196614 -0.03405228
v 0.02159437 -0.02715722 -0.03886120
v 0.02447973 -0.02811900 -0.03789942
v 0.02351794 -0.03485150 -0.01770193
v 0.02544151 -0.03388971 -0.02058729
f 1701 1702 1703
f 1704 1705 1706
f 1707 1706 1705
f 1707 1708 1706
f 1709 1703 1702
f 1710 1711 1701
f 1710 1708 1711
f 1712 1701 1703
f 1712 1703 1706
f 1712 1710 1701
f 1712 1706 1708
f 1712 1708 1710
f 1713 1706 1703
f 1713 1703 1714
f 1715 1716 1714
f 1717 1711 1708
f 1717 1718 1711
f 1719 1702 1701
f 1719 1701 1711
f 1720 1721 1722
f 1720 1715 1721
f 1720 1716 1715
f 1723 1721 1709
f 1724 1713 1704
f 1724 1704 1706
f 1724 1706 1713
f 1725 1713 1714
f 1725 1714 1716
f 1725 1704 1713
f 1726 1715 1714
f 1726 1721 1715
f 1727 1718 1717
f 1727 1722 1718
f 1728 1717 1708
f 1728 1708 1707
f 1728 1727 1717
f 1728 1707 1727
f 1729 1702 1719
f 1729 1723 1709
f 1730 1721 1723
f 1731 1719 1711
f 1732 1711 1718
f 1733 1704 1725
f 1734 1726 1714
f 1734 1714 1703
f 1734 1703 1709
f 1734 1709 1721
f 1734 1721 1726
f 1735 1727 1707
f 1735 1736 1727
f 1735 1737 1736
f 1735 1707 1705
f 1738 1705 1704
f 1738 1704 1733
f 1739 1729 1709
f 1739 1709 1702
f 1739 1702 1729
f 1740 1730 1722
f 1740 1722 1721
f 1740 1721 1730
f 1741 1732 1723
f 1741 1711 1732
f 1742 1729 1719
f 1742 1719 1731
f 1742 1723 1729
f 1743 1730 1723
f 1743 1723 1732
f 1743 1722 1730
f 1743 1732 1718
f 1743 1718 1722
f 1744 1722 1745
f 1744 1720 1722
f 1744 1716 1720
f 1744 1745 1725
f 1744 1725 1716
f 1746 1745 1736
f 1746 1736 1725
f 1746 1725 1745
f 1747 1727 1736
f 1747 1736 1745
f 1747 1745 1722
f 1747 1722 1727
f 1748 1738 1737
f 1748 1705 1738
f 1748 1735 1705
f 1748 1737 1735
f 1749 1738 1733
f 1749 1736 1737
f 1749 1737 1738
f 1749 1733 1725
f 1749 1725 1736
f 1750 1731 1711
f 1750 1711 1741
f 1751 1741 1723
f 1751 1750 1741
f 1751 1731 1750
f 1751 1742 1731
f 1751 1723 1742

o geometry_38
v -0.03152284 -0.01999839 0.04186372
v -0.02841844 -0.02042472 0.03134910
v -0.03221540 -0.02039592 0.03134470
v -0.02745666 -0.02042472 0.03711980
v -0.01687702 -0.02811900 0.05058479
v -0.01687702 -0.02908079 0.05154658
v -0.01650932 -0.03140601 0.05112301
v -0.01687702 -0.02811900 0.04866122
v -0.01687702 -0.02908079 0.03711980
v -0.01783881 -0.03196614 0.05154658
v -0.02168595 -0.02908079 0.05154658
v -0.02745666 -0.02042472 0.04962301
v -0.01653708 -0.03302527 0.03608860
v -0.01666788 -0.03335787 0.03130638
v -0.01687702 -0.03004257 0.03134910
v -0.01750156 -0.03303213 0.03128023
v -0.02168595 -0.03196614 0.03134910
v -0.03226558 -0.02234829 0.03134910
v -0.03226558 -0.02138651 0.04192873
v -0.03226558 -0.02234829 0.03615802
v -0.01783881 -0.02908079 0.03134910
v -0.01783881 -0.03388971 0.03615802
v -0.02072416 -0.02715722 0.05154658
v -0.03034201 -0.02042472 0.04962301
v -0.01783881 -0.02811900 0.05154658
v -0.03130380 -0.02234829 0.04673765
v -0.03130380 -0.02138651 0.04866122
v -0.02553309 -0.02811900 0.04769944
v -0.02457130 -0.02811900 0.05058479
v -0.02457130 -0.03004257 0.03134910
v -0.02457130 -0.03004257 0.03423445
v -0.03130380 -0.02042472 0.04866122
v -0.01783881 -0.03292793 0.04769944
v -0.02168595 -0.02811900 0.05154658
v -0.01976238 -0.02715722 0.05154658
v -0.02938023 -0.02331008 0.04962301
v -0.01976238 -0.03100436 0.05154658
v -0.02649487 -0.02811900 0.03808159
v -0.01659264 -0.03207680 0.04762715
v -0.03034201 -0.02138651 0.04962301
v -0.01880059 -0.03196614 0.05058479
v -0.02553309 -0.02908079 0.03711980
v -0.02457130 -0.02908079 0.04481408
v -0.03034201 -0.02427186 0.03808159
v -0.02168595 -0.03196614 0.03231088
v -0.01976238 -0.03292793 0.03519623
v -0.01880059 -0.03292793 0.04192873
v -0.02072416 -0.03100436 0.04962301
v -0.02264773 -0.03100436 0.03711980
v -0.02360952 -0.02908079 0.04962301
f 1752 1753 1754
f 1752 1755 1753
f 1756 1757 1758
f 1756 1758 1759
f 1756 1759 1755
f 1760 1759 1758
f 1760 1755 1759
f 1760 1753 1755
f 1761 1758 1757
f 1761 1757 1762
f 1763 1756 1755
f 1763 1755 1752
f 1764 1765 1766
f 1764 1760 1758
f 1764 1766 1760
f 1767 1765 1768
f 1767 1754 1753
f 1767 1766 1765
f 1769 1754 1767
f 1770 1752 1754
f 1770 1769 1771
f 1770 1754 1769
f 1772 1760 1766
f 1772 1753 1760
f 1772 1767 1753
f 1772 1766 1767
f 1773 1768 1765
f 1773 1765 1764
f 1774 1762 1757
f 1775 1774 1763
f 1775 1763 1752
f 1776 1757 1756
f 1776 1756 1763
f 1776 1774 1757
f 1777 1770 1771
f 1777 1778 1770
f 1777 1779 1780
f 1781 1769 1767
f 1781 1767 1768
f 1781 1768 1782
f 1783 1770 1778
f 1783 1752 1770
f 1783 1775 1752
f 1783 1778 1775
f 1784 1773 1764
f 1784 1758 1761
f 1785 1775 1762
f 1785 1762 1774
f 1785 1774 1775
f 1786 1776 1763
f 1786 1763 1774
f 1786 1774 1776
f 1787 1777 1780
f 1787 1778 1777
f 1788 1761 1762
f 1788 1762 1780
f 1789 1771 1769
f 1790 1784 1764
f 1790 1764 1758
f 1790 1758 1784
f 1791 1775 1778
f 1791 1778 1787
f 1791 1762 1775
f 1791 1787 1780
f 1791 1780 1762
f 1792 1784 1761
f 1792 1761 1788
f 1792 1788 1780
f 1793 1779 1789
f 1793 1794 1779
f 1793 1782 1794
f 1793 1781 1782
f 1793 1789 1769
f 1793 1769 1781
f 1795 1777 1771
f 1795 1771 1789
f 1795 1789 1779
f 1795 1779 1777
f 1796 1782 1768
f 1796 1768 1773
f 1796 1773 1797
f 1798 1797 1773
f 1798 1773 1784
f 1799 1784 1792
f 1799 1798 1784
f 1799 1794 1798
f 1799 1779 1794
f 1800 1798 1794
f 1800 1794 1782
f 1800 1797 1798
f 1800 1796 1797
f 1800 1782 1796
f 1801 1780 1779
f 1801 1779 1799
f 1801 1799 1792
f 1801 1792 1780

o geometry_39
v 0.02061169 0.01698141 -0.03476310
v 0.02063259 0.01900846 -0.03501406
v 0.02084481 0.02723545 -0.02259894
v 0.02063259 0.01708489 -0.03212871
v 0.01091185 0.01677407 -0.03571599
v 0.01102664 0.01733115 -0.03380611
v 0.01101474 0.02958809 -0.02251086
v 0.02063259 0.03054988 -0.02347264
v 0.02063259 0.03054988 -0.02251086
v 0.02063259 0.02477917 -0.03212871
v 0.02063259 0.02862631 -0.02828157
v 0.01870902 0.02670274 -0.02251086
v 0.01261470 0.03258377 -0.02225802
v 0.01094197 0.03293479 -0.02237977
v 0.01293831 0.01804667 -0.03597585
v 0.01101474 0.01804667 -0.03597585
v 0.01282797 0.01670746 -0.03511661
v 0.02063259 0.02958809 -0.02635800
v 0.01293831 0.03343523 -0.02347264
v 0.02063259 0.02189381 -0.03405228
v 0.01967080 0.02670274 -0.03116692
v 0.01582366 0.02766452 -0.02251086
v 0.01870902 0.01708489 -0.03212871
v 0.01101474 0.02093203 -0.03501406
v 0.01101474 0.02670274 -0.03212871
v 0.01197652 0.02958809 -0.03020514
v 0.01390009 0.02670274 -0.03212871
v 0.01101474 0.02958809 -0.03020514
v 0.01101474 0.03151166 -0.02828157
v 0.01870902 0.03151166 -0.02251086
v 0.01101474 0.03343523 -0.02443443
v 0.01967080 0.03054988 -0.02539621
v 0.01967080 0.01997024 -0.03501406
v 0.01197652 0.03151166 -0.02828157
v 0.01870902 0.02574095 -0.03212871
v 0.01678545 0.02285560 -0.03405228
v 0.01870902 0.03151166 -0.02347264
v 0.01197652 0.02093203 -0.03501406
v 0.01967080 0.02766452 -0.03020514
v 0.01582366 0.03151166 -0.02635800
v 0.01582366 0.02477917 -0.03309049
v 0.01967080 0.02958809 -0.02731978
v 0.01293831 0.03247344 -0.02635800
v 0.01197652 0.03343523 -0.02443443
f 1802 1803 1804
f 1802 1804 1805
f 1806 1807 1808
f 1809 1810 1804
f 1811 1812 1804
f 1813 1804 1810
f 1813 1810 1814
f 1813 1805 1804
f 1815 1808 1814
f 1815 1806 1808
f 1816 1803 1802
f 1816 1806 1817
f 1816 1802 1806
f 1818 1806 1802
f 1818 1802 1805
f 1818 1807 1806
f 1819 1809 1804
f 1819 1804 1812
f 1820 1815 1814
f 1821 1811 1804
f 1821 1804 1803
f 1822 1812 1811
f 1822 1811 1821
f 1823 1813 1814
f 1823 1814 1808
f 1823 1808 1807
f 1823 1807 1813
f 1824 1813 1807
f 1824 1805 1813
f 1824 1818 1805
f 1824 1807 1818
f 1825 1816 1817
f 1825 1817 1806
f 1825 1806 1826
f 1827 1828 1826
f 1829 1826 1806
f 1829 1827 1826
f 1829 1830 1827
f 1829 1815 1830
f 1829 1806 1815
f 1831 1820 1814
f 1831 1814 1810
f 1831 1810 1809
f 1832 1830 1815
f 1832 1815 1820
f 1833 1809 1819
f 1833 1819 1812
f 1834 1821 1803
f 1834 1803 1816
f 1835 1830 1832
f 1835 1827 1830
f 1835 1822 1827
f 1836 1822 1821
f 1836 1827 1822
f 1836 1828 1827
f 1837 1821 1834
f 1838 1831 1809
f 1838 1809 1833
f 1838 1820 1831
f 1839 1834 1816
f 1839 1816 1825
f 1839 1837 1834
f 1839 1825 1837
f 1840 1835 1812
f 1840 1812 1822
f 1840 1822 1835
f 1841 1812 1835
f 1841 1838 1833
f 1842 1828 1836
f 1842 1836 1821
f 1842 1821 1837
f 1842 1826 1828
f 1842 1837 1825
f 1842 1825 1826
f 1843 1841 1833
f 1843 1833 1812
f 1843 1812 1841
f 1844 1841 1835
f 1845 1832 1820
f 1845 1841 1844
f 1845 1820 1838
f 1845 1838 1841
f 1845 1844 1835
f 1845 1835 1832

o geometry_40
v -0.00918274 0.02285560 -0.03020514
v -0.00916675 0.03424267 -0.01674075
v -0.00927483 0.03240711 -0.01674302
v -0.00917770 0.02279984 -0.03295404
v -0.01985075 0.02886680 -0.01671627
v -0.01815405 0.02948419 -0.01665497
v -0.00918274 0.02574095 -0.03309049
v -0.01976238 0.02381738 -0.03309049
v -0.01783881 0.02285560 -0.02924335
v -0.01880059 0.03247344 -0.01674015
v -0.01302988 0.03439702 -0.02154907
v -0.01880059 0.03247344 -0.02154907
v -0.01997521 0.02339410 -0.02995155
v -0.01965096 0.02248384 -0.03239504
v -0.01302988 0.03439702 -0.01674015
v -0.00918274 0.02862631 -0.03116692
v -0.00918274 0.03343523 -0.02635800
v -0.00918274 0.03439702 -0.02347264
v -0.01976238 0.03151166 -0.02443443
v -0.01976238 0.03054988 -0.02731978
v -0.01206810 0.03247344 -0.02731978
v -0.01976238 0.02574095 -0.03212871
v -0.01687702 0.02477917 -0.03309049
v -0.01591524 0.02670274 -0.03212871
v -0.01302988 0.02862631 -0.03116692
v -0.01399167 0.02958809 -0.03020514
v -0.01110631 0.03439702 -0.02347264
v -0.01783881 0.03247344 -0.02347264
v -0.01954587 0.03092594 -0.01680246
v -0.01783881 0.02958809 -0.02924335
v -0.01014453 0.02574095 -0.03309049
v -0.01783881 0.02766452 -0.03116692
v -0.01014453 0.03343523 -0.02635800
v -0.01399167 0.03343523 -0.02443443
v -0.01399167 0.03054988 -0.02924335
f 1846 1847 1848
f 1846 1849 1847
f 1846 1848 1850
f 1851 1850 1848
f 1851 1848 1847
f 1852 1849 1853
f 1854 1846 1850
f 1855 1850 1851
f 1856 1857 1855
f 1858 1854 1850
f 1859 1853 1849
f 1859 1849 1846
f 1859 1846 1854
f 1859 1858 1853
f 1859 1854 1858
f 1860 1855 1851
f 1860 1851 1847
f 1860 1856 1855
f 1861 1849 1852
f 1861 1862 1847
f 1861 1847 1849
f 1863 1847 1862
f 1863 1860 1847
f 1863 1856 1860
f 1864 1855 1857
f 1864 1858 1850
f 1864 1865 1858
f 1866 1862 1861
f 1867 1858 1865
f 1867 1853 1858
f 1868 1852 1853
f 1868 1867 1869
f 1868 1853 1867
f 1870 1866 1861
f 1870 1871 1866
f 1870 1861 1852
f 1872 1863 1862
f 1872 1856 1863
f 1873 1864 1857
f 1873 1857 1856
f 1874 1864 1850
f 1874 1850 1855
f 1874 1855 1864
f 1875 1865 1866
f 1875 1867 1865
f 1876 1868 1869
f 1876 1852 1868
f 1876 1870 1852
f 1876 1869 1870
f 1877 1871 1870
f 1877 1875 1871
f 1877 1867 1875
f 1877 1870 1869
f 1877 1869 1867
f 1878 1872 1862
f 1878 1862 1866
f 1879 1873 1856
f 1879 1856 1872
f 1879 1865 1864
f 1879 1864 1873
f 1879 1872 1878
f 1879 1878 1866
f 1879 1866 1865
f 1880 1875 1866
f 1880 1866 1871
f 1880 1871 1875

o geometry_41
v -0.00822096 -0.03388971 0.01884589
v -0.00824051 -0.03409824 0.03136414
v -0.00815302 -0.03603833 0.03129376
v -0.01014453 -0.03677507 0.03134910
v -0.02173117 -0.02819172 0.03135562
v -0.01976238 -0.02811900 0.03134910
v -0.02072416 -0.02811900 0.02173125
v -0.00820350 -0.03754756 0.01113740
v -0.00828633 -0.03554878 0.01120193
v -0.00947336 -0.03379678 0.03142019
v -0.02168595 -0.03196614 0.03134910
v -0.01976238 -0.02811900 0.02750196
v -0.00918274 -0.03292793 0.02750196
v -0.02214718 -0.02877347 0.02178730
v -0.00822096 -0.03773685 0.02173125
v -0.01014453 -0.03388971 0.01115161
v -0.02072416 -0.02908079 0.01018983
v -0.01976238 -0.03004257 0.00730447
v -0.02182478 -0.03023957 0.00732134
v -0.01185217 -0.03708799 0.00724930
v -0.01880059 -0.03388971 0.03134910
v -0.02168595 -0.03388971 0.00730447
v -0.02072416 -0.03485150 0.00730447
v -0.02215967 -0.02975297 0.01024739
v -0.01237089 -0.03479497 0.00737855
v -0.02168595 -0.03292793 0.02269303
v -0.01014453 -0.03773685 0.02076946
v -0.01302988 -0.03773685 0.01018983
v -0.01976238 -0.03485150 0.01499875
v -0.01302988 -0.03773685 0.00730447
v -0.02168595 -0.03388971 0.01211340
v -0.00918274 -0.03773685 0.02173125
v -0.01591524 -0.03677507 0.00922804
v -0.01591524 -0.03677507 0.00730447
v -0.02072416 -0.03485150 0.00826626
v -0.01110631 -0.03677507 0.02942553
v -0.01399167 -0.03581328 0.02942553
v -0.01783881 -0.03485150 0.02461660
v -0.01591524 -0.03581328 0.02173125
v -0.01495345 -0.03677507 0.01403697
v -0.01110631 -0.03773685 0.01788411
f 1881 1882 1883
f 1884 1883 1882
f 1885 1886 1887
f 1888 1881 1883
f 1888 1889 1881
f 1890 1884 1882
f 1890 1885 1891
f 1890 1882 1886
f 1890 1886 1885
f 1892 1881 1887
f 1892 1887 1886
f 1893 1886 1882
f 1893 1882 1881
f 1893 1892 1886
f 1893 1881 1892
f 1894 1885 1887
f 1894 1891 1885
f 1895 1888 1883
f 1895 1883 1884
f 1896 1881 1889
f 1897 1898 1899
f 1897 1887 1881
f 1897 1896 1898
f 1897 1881 1896
f 1897 1894 1887
f 1900 1889 1888
f 1901 1890 1891
f 1901 1884 1890
f 1902 1899 1898
f 1902 1900 1903
f 1902 1898 1900
f 1904 1897 1899
f 1904 1894 1897
f 1904 1899 1902
f 1905 1896 1889
f 1905 1889 1900
f 1905 1900 1898
f 1905 1898 1896
f 1906 1901 1891
f 1906 1891 1894
f 1906 1894 1904
f 1907 1908 1895
f 1909 1901 1906
f 1910 1900 1888
f 1910 1888 1895
f 1910 1895 1908
f 1911 1902 1903
f 1911 1906 1904
f 1911 1904 1902
f 1912 1907 1895
f 1912 1895 1884
f 1912 1884 1907
f 1913 1910 1908
f 1914 1903 1900
f 1914 1900 1910
f 1914 1913 1903
f 1914 1910 1913
f 1915 1911 1903
f 1915 1909 1906
f 1915 1906 1911
f 1915 1913 1909
f 1915 1903 1913
f 1916 1907 1884
f 1916 1884 1901
f 1916 1901 1917
f 1916 1917 1908
f 1918 1901 1909
f 1918 1919 1917
f 1918 1917 1901
f 1920 1913 1908
f 1920 1919 1918
f 1920 1918 1909
f 1920 1909 1913
f 1920 1908 1917
f 1920 1917 1919
f 1921 1916 1908
f 1921 1908 1907
f 1921 1907 1916

o geometry_42
v 0.03748160 -0.01357115 0.00727285
v 0.03523223 -0.01325643 0.04090430
v 0.03794472 -0.01369223 0.01499875
v 0.03409758 -0.01369223 0.00730447
v 0.03505936 -0.01369223 0.04769944
v 0.03409758 -0.01369223 0.04866122
v 0.03505936 -0.01465401 0.04769944
v 0.03313579 -0.01369223 0.01499875
v 0.03121222 -0.01369223 0.04866122
v 0.03121222 -0.01369223 0.04096694
v 0.03602115 -0.01465401 0.04096694
v 0.03409758 -0.01561580 0.04866122
v 0.03794472 -0.01561580 0.00730447
v 0.03794472 -0.01561580 0.00922804
v 0.02503238 -0.02747531 0.03610071
v 0.02640330 -0.02811900 0.03615802
v 0.02500499 -0.02663577 0.04572626
v 0.02544151 -0.02234829 0.03519623
v 0.02640330 -0.02715722 0.04577587
v 0.02686765 -0.02859979 0.00725583
v 0.02736508 -0.02908079 0.01692232
v 0.02591683 -0.02861039 0.01687475
v 0.02640047 -0.02907805 0.00730420
v 0.02832687 -0.01946294 0.04962301
v 0.02544151 -0.02138651 0.04577587
v 0.02640330 -0.02427186 0.00730447
v 0.03217401 -0.01369223 0.02750196
v 0.03794472 -0.01465401 0.01499875
v 0.03121222 -0.02138651 0.04866122
v 0.03025044 -0.01946294 0.04962301
v 0.02928865 -0.02234829 0.04962301
v 0.03409758 -0.02234829 0.01018983
v 0.03313579 -0.02331008 0.01403697
v 0.02522511 -0.02777854 0.03131878
v 0.02538012 -0.02613769 0.04673160
v 0.03409758 -0.02234829 0.00730447
v 0.03121222 -0.02523365 0.01596054
v 0.02544151 -0.02138651 0.04866122
v 0.02544151 -0.02331008 0.03134910
v 0.02640330 -0.02331008 0.01499875
v 0.03313579 -0.01465401 0.00826626
v 0.03698293 -0.01465401 0.02846374
v 0.03602115 -0.01850115 0.01403697
v 0.03025044 -0.02138651 0.04962301
v 0.03025044 -0.02234829 0.04866122
v 0.03217401 -0.02042472 0.04769944
v 0.03217401 -0.02138651 0.04192873
v 0.03698293 -0.01753937 0.00730447
v 0.02928865 -0.02715722 0.01692232
v 0.02640330 -0.02138651 0.04962301
v 0.03025044 -0.02331008 0.04385230
v 0.03313579 -0.01946294 0.04385230
v 0.03313579 -0.02042472 0.03711980
v 0.03313579 -0.02234829 0.02269303
v 0.03505936 -0.01561580 0.04577587
v 0.03698293 -0.01753937 0.00826626
v 0.02736508 -0.02619543 0.04577587
v 0.02657278 -0.02259637 0.04923963
v 0.03217401 -0.02331008 0.02461660
v 0.02832687 -0.02619543 0.03615802
f 1922 1923 1924
f 1922 1925 1923
f 1926 1923 1927
f 1926 1927 1928
f 1926 1924 1923
f 1929 1923 1925
f 1930 1927 1923
f 1930 1923 1931
f 1932 1926 1928
f 1932 1924 1926
f 1933 1928 1927
f 1934 1922 1924
f 1934 1924 1935
f 1936 1937 1938
f 1936 1938 1939
f 1940 1938 1937
f 1941 1925 1922
f 1942 1937 1943
f 1942 1943 1944
f 1945 1927 1930
f 1946 1930 1931
f 1946 1931 1939
f 1946 1939 1938
f 1947 1944 1943
f 1947 1941 1944
f 1947 1925 1941
f 1948 1939 1931
f 1948 1929 1939
f 1948 1931 1923
f 1948 1923 1929
f 1949 1935 1924
f 1950 1928 1933
f 1951 1933 1927
f 1951 1945 1952
f 1951 1927 1945
f 1953 1954 1942
f 1955 1943 1937
f 1955 1937 1936
f 1955 1947 1943
f 1955 1936 1947
f 1956 1940 1952
f 1956 1938 1940
f 1957 1941 1922
f 1957 1944 1941
f 1957 1953 1942
f 1957 1942 1944
f 1958 1942 1954
f 1959 1930 1946
f 1959 1946 1938
f 1959 1938 1956
f 1960 1947 1936
f 1960 1936 1939
f 1960 1939 1947
f 1961 1947 1939
f 1961 1939 1929
f 1961 1929 1947
f 1962 1947 1929
f 1962 1929 1925
f 1962 1925 1947
f 1963 1932 1935
f 1963 1935 1949
f 1963 1949 1924
f 1963 1924 1932
f 1964 1935 1932
f 1965 1950 1933
f 1965 1951 1952
f 1965 1933 1951
f 1966 1952 1940
f 1966 1965 1952
f 1966 1950 1965
f 1967 1928 1950
f 1967 1950 1968
f 1969 1934 1935
f 1969 1953 1957
f 1969 1957 1922
f 1969 1922 1934
f 1970 1942 1958
f 1971 1945 1930
f 1971 1930 1959
f 1971 1952 1945
f 1971 1959 1956
f 1972 1968 1950
f 1973 1968 1974
f 1973 1967 1968
f 1973 1964 1932
f 1973 1974 1964
f 1975 1974 1968
f 1975 1964 1974
f 1975 1953 1964
f 1975 1954 1953
f 1976 1932 1928
f 1976 1928 1967
f 1976 1973 1932
f 1976 1967 1973
f 1977 1964 1953
f 1977 1953 1969
f 1977 1969 1935
f 1977 1935 1964
f 1978 1940 1937
f 1978 1937 1942
f 1978 1972 1950
f 1978 1966 1940
f 1978 1950 1966
f 1979 1971 1956
f 1979 1956 1952
f 1979 1952 1971
f 1980 1958 1954
f 1980 1968 1972
f 1980 1975 1968
f 1980 1954 1975
f 1981 1970 1958
f 1981 1958 1980
f 1981 1980 1972
f 1981 1972 1978
f 1981 1978 1942
f 1981 1942 1970

o geometry_43
v -0.00820885 0.03142819 0.01402900
v -0.00341203 0.03151166 0.03423445
v -0.00333833 0.03060645 0.02259405
v -0.00341203 0.02766452 0.03038731
v -0.00349448 0.02840548 0.03430232
v -0.00918274 0.03054988 0.03423445
v -0.01210000 0.02678389 0.03424221
v -0.00918274 0.02670274 0.03423445
v -0.00822096 0.02862631 0.01403697
v -0.01175711 0.03072502 0.01395943
v -0.00455443 0.03149391 0.03424258
v -0.00350488 0.02946072 0.02276946
v -0.01110631 0.02670274 0.02461660
v -0.01206810 0.03151166 0.01884589
v -0.01173429 0.02874371 0.03415122
v -0.01206810 0.03054988 0.02846374
v -0.01110631 0.03054988 0.03134910
v -0.01110631 0.02766452 0.01499875
v -0.00918274 0.02670274 0.03231088
v -0.01239666 0.02850041 0.01507871
v -0.01210286 0.02871474 0.01404543
v -0.01241077 0.02757451 0.02469999
f 1982 1983 1984
f 1985 1983 1986
f 1985 1984 1983
f 1987 1988 1986
f 1989 1985 1986
f 1989 1986 1988
f 1990 1982 1984
f 1990 1991 1982
f 1992 1987 1986
f 1992 1986 1983
f 1993 1990 1984
f 1993 1984 1985
f 1993 1985 1990
f 1994 1989 1988
f 1995 1992 1983
f 1995 1983 1982
f 1995 1982 1991
f 1996 1997 1988
f 1996 1988 1987
f 1998 1987 1992
f 1998 1995 1997
f 1998 1992 1995
f 1998 1996 1987
f 1998 1997 1996
f 1999 1990 1985
f 1999 1985 1994
f 2000 1994 1985
f 2000 1985 1989
f 2000 1989 1994
f 2001 1995 1991
f 2001 1999 1994
f 2002 1991 1990
f 2002 1990 1999
f 2002 2001 1991
f 2002 1999 2001
f 2003 1988 1997
f 2003 1997 1995
f 2003 1995 2001
f 2003 2001 1994
f 2003 1994 1988

o geometry_44
v -0.03611272 -0.01080688 0.04769944
v -0.03707451 -0.01080688 -0.01577836
v -0.03322737 -0.01080688 0.04866122
v -0.04092164 -0.01080688 -0.00904587
v -0.03610377 -0.00399291 0.02853806
v -0.03803629 -0.00407438 -0.01289301
v -0.04157781 -0.00408761 -0.01580253
v -0.03707451 -0.00792152 0.04673765
v -0.03418915 -0.00792152 0.04866122
v -0.03732255 -0.00410528 0.03802515
v -0.03322737 -0.00792152 0.04769944
v -0.03322737 -0.00792152 0.04192873
v -0.03322737 -0.01080688 0.03519623
v -0.03515094 -0.01080688 0.04866122
v -0.04025568 -0.01067264 -0.01582685
v -0.03803629 -0.00503617 -0.01577836
v -0.03943817 -0.00418332 -0.01574769
v -0.03322737 -0.00984509 0.03519623
v -0.03707451 -0.01080688 0.04096694
v -0.03707451 -0.00984509 0.04481408
v -0.03899808 -0.00407438 0.03038731
v -0.03515094 -0.00503617 0.02461660
v -0.03707451 -0.00888330 0.04673765
v -0.03322737 -0.00984509 0.04866122
v -0.03536982 -0.00406349 0.03809734
v -0.04188343 -0.00792152 -0.01577836
v -0.03611272 -0.00695973 0.00441912
v -0.03803629 -0.01080688 0.02942553
v -0.04188343 -0.00407438 -0.00712230
v -0.03707451 -0.00407438 0.00057198
v -0.03707451 -0.00984509 -0.01577836
v -0.03995986 -0.01080688 0.00441912
v -0.03899808 -0.00695973 0.02846374
v -0.03803629 -0.00792152 0.03808159
v -0.03899808 -0.00599795 0.03038731
v -0.04188343 -0.00599795 -0.00904587
v -0.04188343 -0.00792152 -0.01385479
v -0.04188343 -0.00503617 -0.00712230
v -0.03995986 -0.00599795 0.01788411
v -0.03995986 -0.00984509 0.00730447
f 2004 2005 2006
f 2007 2005 2004
f 2008 2009 2010
f 2011 2012 2013
f 2014 2006 2015
f 2016 2015 2006
f 2016 2006 2005
f 2017 2004 2006
f 2017 2006 2012
f 2017 2011 2004
f 2017 2012 2011
f 2018 2010 2019
f 2018 2005 2007
f 2020 2019 2010
f 2020 2010 2009
f 2020 2009 2019
f 2021 2015 2016
f 2021 2016 2005
f 2022 2007 2004
f 2022 2004 2023
f 2024 2013 2008
f 2024 2011 2013
f 2025 2015 2021
f 2026 2023 2004
f 2026 2004 2011
f 2026 2011 2024
f 2027 2014 2012
f 2027 2012 2006
f 2027 2006 2014
f 2028 2008 2013
f 2028 2013 2012
f 2028 2012 2014
f 2028 2014 2015
f 2028 2015 2025
f 2029 2018 2007
f 2029 2010 2018
f 2030 2019 2009
f 2030 2009 2021
f 2031 2022 2023
f 2031 2007 2022
f 2032 2024 2008
f 2032 2008 2010
f 2032 2010 2029
f 2033 2025 2021
f 2033 2021 2009
f 2033 2028 2025
f 2033 2009 2008
f 2033 2008 2028
f 2034 2030 2021
f 2034 2021 2005
f 2034 2019 2030
f 2034 2018 2019
f 2034 2005 2018
f 2035 2007 2031
f 2035 2031 2036
f 2037 2023 2026
f 2037 2036 2031
f 2037 2031 2023
f 2038 2024 2032
f 2038 2036 2037
f 2038 2037 2026
f 2038 2026 2024
f 2039 2032 2029
f 2040 2039 2029
f 2040 2029 2007
f 2041 2038 2032
f 2041 2032 2039
f 2042 2036 2038
f 2042 2041 2039
f 2042 2038 2041
f 2042 2040 2036
f 2042 2039 2040
f 2043 2035 2036
f 2043 2036 2040
f 2043 2040 2007
f 2043 2007 2035

o geometry_45
v -0.00822096 -0.03485150 0.05347015
v -0.00245025 -0.03581328 0.05250836
v -0.00245025 -0.03292793 0.05347015
v -0.00245025 -0.03292793 0.04000516
v -0.00242319 -0.03657896 0.03133289
v -0.00251982 -0.03463180 0.03140264
v -0.00237010 -0.03431061 0.05276361
v -0.00245025 -0.03677507 0.04192873
v -0.01014453 -0.03677507 0.03134910
v -0.01666788 -0.03335787 0.03130638
v -0.01399167 -0.03100436 0.03134910
v -0.01696937 -0.03115284 0.03136243
v -0.00918274 -0.03292793 0.05347015
v -0.00533560 -0.03196614 0.05058479
v -0.01591524 -0.02908079 0.04385230
v -0.01591524 -0.02908079 0.05154658
v -0.01591524 -0.03485150 0.03134910
v -0.01591524 -0.03485150 0.03327266
v -0.01591524 -0.03004257 0.03327266
v -0.00918274 -0.03388971 0.05347015
v -0.01591524 -0.03196614 0.05250836
v -0.01591524 -0.03004257 0.05250836
v -0.00437382 -0.03581328 0.05250836
v -0.00822096 -0.03677507 0.03615802
v -0.01014453 -0.03677507 0.03327266
v -0.00918274 -0.03581328 0.04769944
v -0.00533560 -0.03196614 0.05154658
v -0.01687702 -0.02908079 0.05154658
v -0.01732643 -0.02980334 0.04391718
v -0.01687702 -0.03292793 0.05058479
v -0.01732120 -0.03075671 0.03333679
v -0.01687702 -0.03388971 0.04096694
v -0.01495345 -0.03004257 0.05250836
v -0.00437382 -0.03677507 0.04096694
v -0.01014453 -0.03485150 0.05250836
v -0.01302988 -0.03388971 0.05250836
v -0.01110631 -0.03485150 0.05154658
v -0.01495345 -0.03388971 0.04866122
v -0.01495345 -0.03292793 0.05250836
v -0.01399167 -0.03388971 0.05154658
v -0.00341203 -0.03677507 0.04192873
v -0.01014453 -0.03581328 0.04481408
v -0.01206810 -0.03485150 0.04866122
f 2044 2045 2046
f 2047 2048 2049
f 2050 2046 2045
f 2050 2047 2046
f 2050 2048 2047
f 2051 2052 2048
f 2051 2050 2045
f 2051 2048 2050
f 2053 2048 2052
f 2054 2049 2048
f 2054 2047 2049
f 2054 2053 2055
f 2054 2048 2053
f 2056 2044 2046
f 2057 2047 2058
f 2057 2046 2047
f 2057 2058 2059
f 2060 2053 2052
f 2060 2052 2061
f 2062 2054 2055
f 2062 2058 2047
f 2062 2047 2054
f 2063 2056 2064
f 2063 2064 2044
f 2063 2044 2056
f 2065 2064 2056
f 2065 2056 2046
f 2066 2045 2044
f 2066 2051 2045
f 2067 2052 2051
f 2068 2061 2052
f 2068 2067 2069
f 2068 2052 2067
f 2070 2057 2059
f 2070 2059 2046
f 2070 2046 2057
f 2071 2059 2058
f 2071 2058 2072
f 2071 2072 2073
f 2071 2065 2059
f 2071 2073 2064
f 2071 2064 2065
f 2074 2055 2053
f 2074 2062 2055
f 2074 2072 2058
f 2074 2058 2062
f 2075 2060 2061
f 2075 2053 2060
f 2075 2074 2053
f 2075 2073 2072
f 2075 2072 2074
f 2076 2065 2046
f 2076 2046 2059
f 2076 2059 2065
f 2077 2066 2069
f 2077 2067 2051
f 2077 2069 2067
f 2078 2066 2044
f 2078 2079 2080
f 2078 2044 2079
f 2078 2080 2069
f 2078 2069 2066
f 2081 2073 2075
f 2082 2079 2044
f 2082 2044 2064
f 2082 2064 2073
f 2082 2073 2079
f 2083 2079 2073
f 2083 2080 2079
f 2083 2081 2080
f 2083 2073 2081
f 2084 2077 2051
f 2084 2051 2066
f 2084 2066 2077
f 2085 2068 2069
f 2085 2069 2080
f 2086 2085 2080
f 2086 2080 2081
f 2086 2068 2085
f 2086 2061 2068
f 2086 2081 2075
f 2086 2075 2061

o geometry_46
v 0.00042517 -0.01755702 -0.03728492
v -0.00918723 -0.01080048 -0.03712036
v -0.00052668 -0.02138651 -0.03597585
v 0.00043511 -0.02331008 -0.03982299
v -0.01880059 -0.01657758 -0.03982299
v 0.00043511 -0.01850115 -0.03982299
v -0.01901776 -0.02754145 -0.03485990
v -0.01880059 -0.02811900 -0.03789942
v -0.01892302 -0.02833560 -0.03450756
v -0.01687702 -0.02715722 -0.03405228
v -0.00918274 -0.02811900 -0.03501406
v -0.00052668 -0.02234829 -0.03597585
v 0.00042335 -0.02431931 -0.03731299
v -0.01700688 -0.02852275 -0.03482611
v -0.00820287 -0.02802696 -0.03754737
v 0.00044867 -0.02423075 -0.03845351
v -0.01206810 -0.02138651 -0.03982299
v -0.01880059 -0.02331008 -0.03886120
v -0.01883226 -0.01564045 -0.03739492
v -0.01302988 -0.01465401 -0.03982299
v -0.00918274 -0.01080688 -0.03886120
v 0.00044520 -0.01752239 -0.03852407
v -0.01206810 -0.02619543 -0.03886120
v -0.00822675 -0.02815112 -0.03608343
v -0.01687702 -0.01850115 -0.03982299
v -0.01763791 -0.01544941 -0.03687249
v -0.00245025 -0.02042472 -0.03597585
v -0.01302988 -0.01561580 -0.03597585
v -0.00533560 -0.02331008 -0.03982299
v -0.01591524 -0.02523365 -0.03886120
v -0.01833559 -0.01525366 -0.03918696
v -0.01398811 -0.01080946 -0.03776251
v -0.01399167 -0.01176866 -0.03886120
v -0.01399326 -0.01080461 -0.03700240
v -0.01399167 -0.01465401 -0.03982299
v -0.01014453 -0.01080688 -0.03886120
v -0.00918274 -0.02234829 -0.03982299
v -0.01399167 -0.02042472 -0.03982299
v -0.01783881 -0.02427186 -0.03886120
f 2087 2088 2089
f 2090 2091 2092
f 2093 2094 2095
f 2096 2095 2097
f 2098 2097 2099
f 2098 2096 2097
f 2098 2089 2096
f 2098 2087 2089
f 2098 2099 2087
f 2100 2097 2095
f 2100 2095 2094
f 2101 2100 2094
f 2102 2087 2099
f 2102 2101 2090
f 2102 2090 2092
f 2103 2091 2090
f 2104 2093 2091
f 2104 2094 2093
f 2105 2091 2093
f 2105 2093 2095
f 2106 2107 2092
f 2106 2092 2091
f 2108 2092 2107
f 2108 2102 2092
f 2108 2087 2102
f 2108 2107 2088
f 2108 2088 2087
f 2109 2101 2094
f 2109 2090 2101
f 2110 2097 2100
f 2110 2100 2101
f 2110 2099 2097
f 2110 2102 2099
f 2110 2101 2102
f 2111 2091 2103
f 2112 2105 2095
f 2112 2095 2096
f 2113 2114 2096
f 2113 2096 2089
f 2113 2089 2088
f 2113 2088 2114
f 2115 2103 2090
f 2115 2090 2109
f 2116 2115 2109
f 2116 2109 2094
f 2117 2091 2105
f 2117 2105 2118
f 2117 2119 2091
f 2117 2118 2119
f 2120 2114 2088
f 2120 2118 2105
f 2120 2105 2112
f 2120 2112 2096
f 2120 2096 2114
f 2121 2106 2091
f 2121 2091 2119
f 2121 2107 2106
f 2122 2119 2118
f 2122 2121 2119
f 2122 2107 2121
f 2122 2118 2120
f 2122 2120 2088
f 2122 2088 2107
f 2123 2116 2103
f 2123 2103 2115
f 2123 2115 2116
f 2124 2111 2103
f 2125 2111 2124
f 2125 2124 2103
f 2125 2103 2116
f 2125 2104 2091
f 2125 2091 2111
f 2125 2116 2094
f 2125 2094 2104

o geometry_47
v -0.01388297 0.01681854 -0.03553787
v -0.01399167 0.01323775 -0.03693763
v -0.01591524 0.01516132 -0.03693763
v -0.01401220 0.01722841 -0.03356184
v -0.01399167 0.01227596 -0.03309049
v -0.01398654 0.00932908 -0.03565394
v -0.01400220 0.00955641 -0.03480171
v -0.02745666 0.01516132 -0.03116692
v -0.03152849 0.00959875 -0.03363984
v -0.02938023 0.01612310 -0.03501406
v -0.03130380 0.00842882 -0.03693763
v -0.03130380 0.00458168 -0.03405228
v -0.02938023 0.01419953 -0.03116692
v -0.02841844 0.00554347 -0.03789942
v -0.02264773 0.01035239 -0.03789942
v -0.01880059 0.00458168 -0.03789942
v -0.01880059 0.00939061 -0.03789942
v -0.01880059 0.01516132 -0.03693763
v -0.02841844 0.01419953 -0.03597585
v -0.01688696 0.00469051 -0.03561723
v -0.01687702 0.00746704 -0.03405228
v -0.01687702 0.01708489 -0.03597585
v -0.01399167 0.01227596 -0.03693763
v -0.02841844 0.01419953 -0.03116692
v -0.02947906 0.01625382 -0.03134539
v -0.03164220 0.00874230 -0.03391783
v -0.03034201 0.00939061 -0.03693763
v -0.03126054 0.00453531 -0.03663416
v -0.01976238 0.01035239 -0.03789942
v -0.01686787 0.00450133 -0.03643566
v -0.03034201 0.00458168 -0.03405228
v -0.01977515 0.01715200 -0.03328074
v -0.02834781 0.00444679 -0.03695280
v -0.02772886 0.01654635 -0.03192055
f 2126 2127 2128
f 2126 2129 2130
f 2131 2126 2130
f 2131 2130 2132
f 2133 2130 2129
f 2134 2135 2136
f 2134 2137 2138
f 2139 2140 2141
f 2142 2127 2141
f 2142 2141 2140
f 2142 2128 2127
f 2143 2128 2140
f 2144 2143 2140
f 2144 2135 2143
f 2145 2132 2130
f 2145 2131 2132
f 2146 2145 2130
f 2147 2129 2126
f 2147 2143 2135
f 2147 2126 2128
f 2147 2128 2143
f 2148 2141 2127
f 2148 2127 2126
f 2148 2126 2131
f 2149 2133 2138
f 2149 2130 2133
f 2149 2146 2130
f 2149 2138 2137
f 2150 2138 2133
f 2150 2134 2138
f 2150 2135 2134
f 2150 2133 2129
f 2151 2134 2136
f 2151 2137 2134
f 2152 2139 2136
f 2152 2140 2139
f 2152 2144 2140
f 2152 2136 2135
f 2152 2135 2144
f 2153 2136 2139
f 2153 2151 2136
f 2153 2137 2151
f 2154 2142 2140
f 2154 2140 2128
f 2154 2128 2142
f 2155 2131 2145
f 2155 2148 2131
f 2155 2141 2148
f 2156 2145 2146
f 2156 2155 2145
f 2156 2149 2137
f 2156 2146 2149
f 2157 2147 2135
f 2157 2129 2147
f 2158 2153 2139
f 2158 2139 2141
f 2158 2141 2155
f 2158 2137 2153
f 2158 2156 2137
f 2158 2155 2156
f 2159 2157 2135
f 2159 2135 2150
f 2159 2150 2129
f 2159 2129 2157

o geometry_48
v 0.00041984 0.04477006 0.04458796
v 0.00620581 0.04593843 0.03231088
v 0.00620581 0.04593843 0.04096694
v -0.00207291 0.04436990 0.04417397
v -0.00437382 0.04978557 0.03808159
v -0.00437382 0.05555628 0.01980768
v -0.00437382 0.04497665 0.03327266
v 0.00620581 0.04690022 0.04096694
v 0.00620581 0.04978557 0.03808159
v 0.00332046 0.04690022 0.04385230
v 0.00716760 0.05459450 0.02654017
v 0.00620581 0.05267093 0.03327266
v 0.00524403 0.05170914 0.03615802
v 0.00428224 0.04978557 0.04000516
v -0.00245025 0.04497665 0.03134910
v -0.00341203 0.05170914 0.01596054
v 0.00716760 0.05267093 0.01596054
v 0.00620581 0.05170914 0.01596054
v 0.00716760 0.05651807 0.02076946
v 0.00654184 0.05612285 0.01588040
v 0.00295853 0.04539782 0.04323075
v -0.00245025 0.04593843 0.04481408
v 0.00620581 0.05747985 0.01884589
v 0.00235868 0.05747985 0.02269303
v -0.00148846 0.05555628 0.02846374
v 0.00428224 0.05555628 0.02846374
v 0.00332046 0.05459450 0.03134910
v -0.00437382 0.05267093 0.01596054
v 0.00043511 0.05555628 0.01403697
v -0.00052668 0.05844164 0.01692232
v 0.00235868 0.05844164 0.01788411
v 0.00332046 0.05844164 0.01596054
v -0.00437382 0.05363271 0.03038731
v 0.00524403 0.05555628 0.02750196
v 0.00716760 0.05267093 0.02750196
v 0.00428224 0.05267093 0.03519623
v 0.00332046 0.05074736 0.03904337
v -0.00148846 0.05074736 0.03904337
v 0.00332046 0.04786200 0.04289051
v -0.00052668 0.05074736 0.01692232
v 0.00716760 0.05170914 0.01884589
v -0.00437382 0.04593843 0.04289051
v 0.00051526 0.05782963 0.01394739
v -0.00038966 0.05769417 0.01392844
v 0.00577072 0.05672498 0.01583464
v 0.00332046 0.05844164 0.01692232
v -0.00052668 0.05459450 0.03134910
v -0.00341203 0.04882379 0.04096694
v -0.00437382 0.05459450 0.01596054
v -0.00052668 0.05555628 0.01403697
v -0.00341203 0.05747985 0.01596054
v -0.00341203 0.05747985 0.01788411
v 0.00043511 0.05747985 0.02269303
v -0.00341203 0.05555628 0.02654017
v -0.00341203 0.05267093 0.03423445
v -0.00437382 0.05555628 0.02365482
v 0.00620581 0.05459450 0.02846374
v 0.00524403 0.05651807 0.02461660
v 0.00716760 0.05363271 0.02750196
v 0.00524403 0.05363271 0.03231088
v -0.00148846 0.04882379 0.04192873
v 0.00428224 0.04593843 0.03038731
v 0.00235868 0.04593843 0.02942553
v 0.00332046 0.05074736 0.01692232
f 2160 2161 2162
f 2160 2163 2161
f 2164 2165 2166
f 2167 2168 2169
f 2167 2169 2162
f 2170 2171 2168
f 2170 2168 2167
f 2172 2168 2171
f 2173 2169 2168
f 2173 2168 2172
f 2174 2161 2163
f 2174 2163 2166
f 2174 2166 2175
f 2176 2161 2177
f 2176 2178 2170
f 2176 2179 2178
f 2180 2160 2162
f 2180 2162 2169
f 2180 2169 2160
f 2181 2160 2169
f 2181 2163 2160
f 2182 2178 2179
f 2183 2184 2185
f 2186 2185 2184
f 2187 2175 2166
f 2187 2166 2165
f 2188 2177 2175
f 2188 2176 2177
f 2189 2190 2191
f 2192 2165 2164
f 2193 2170 2178
f 2194 2167 2162
f 2194 2176 2170
f 2195 2172 2171
f 2195 2185 2186
f 2195 2173 2172
f 2195 2196 2173
f 2195 2197 2196
f 2198 2173 2196
f 2198 2169 2173
f 2199 2174 2175
f 2199 2175 2177
f 2200 2162 2161
f 2200 2161 2176
f 2200 2194 2162
f 2200 2176 2194
f 2201 2164 2166
f 2201 2166 2163
f 2201 2163 2181
f 2202 2189 2191
f 2202 2203 2189
f 2202 2188 2203
f 2202 2179 2176
f 2202 2176 2188
f 2204 2191 2182
f 2204 2182 2179
f 2204 2202 2191
f 2204 2179 2202
f 2205 2191 2190
f 2205 2182 2191
f 2205 2183 2182
f 2205 2190 2183
f 2206 2186 2184
f 2206 2195 2186
f 2206 2197 2195
f 2207 2201 2181
f 2207 2164 2201
f 2208 2187 2165
f 2208 2203 2187
f 2209 2187 2203
f 2209 2203 2188
f 2209 2188 2175
f 2209 2175 2187
f 2210 2189 2203
f 2210 2211 2189
f 2210 2203 2208
f 2210 2208 2165
f 2210 2165 2211
f 2212 2183 2190
f 2212 2190 2189
f 2212 2184 2183
f 2212 2189 2211
f 2213 2212 2211
f 2213 2184 2212
f 2214 2213 2192
f 2214 2184 2213
f 2214 2206 2184
f 2214 2197 2206
f 2214 2192 2164
f 2214 2207 2197
f 2214 2164 2207
f 2215 2211 2165
f 2215 2165 2192
f 2215 2213 2211
f 2215 2192 2213
f 2216 2193 2171
f 2216 2171 2170
f 2216 2170 2193
f 2217 2193 2178
f 2217 2178 2182
f 2217 2182 2183
f 2217 2183 2185
f 2217 2185 2193
f 2218 2194 2170
f 2218 2170 2167
f 2218 2167 2194
f 2219 2193 2185
f 2219 2185 2195
f 2219 2195 2171
f 2219 2171 2193
f 2220 2198 2196
f 2220 2196 2197
f 2220 2181 2169
f 2220 2169 2198
f 2220 2207 2181
f 2220 2197 2207
f 2221 2177 2161
f 2221 2161 2174
f 2221 2174 2222
f 2223 2222 2174
f 2223 2174 2199
f 2223 2199 2177
f 2223 2221 2222
f 2223 2177 2221

o geometry_49
v 0.00812938 0.05555628 -0.00038981
v 0.00716760 0.05747985 0.01596054
v 0.00716760 0.05267093 0.01596054
v -0.00301462 0.05314146 0.01603538
v 0.00716760 0.05074736 -0.00423694
v -0.00148846 0.05844164 0.01596054
v -0.00341203 0.05747985 0.01596054
v -0.00341203 0.05074736 -0.00519873
v -0.00341203 0.05651807 -0.00712230
v -0.00245025 0.05170914 0.01596054
v 0.00524403 0.05940342 0.00826626
v 0.00332046 0.05940342 -0.00231338
v 0.00043511 0.05940342 0.01115161
v -0.00052668 0.05844164 -0.00616052
v 0.00428224 0.05844164 -0.00616052
v 0.00620581 0.05747985 -0.00712230
v 0.00620581 0.05170914 0.01596054
v 0.00428224 0.04882379 -0.00616052
v 0.00428224 0.05844164 0.01596054
v -0.00341203 0.05844164 0.01115161
v -0.00052668 0.04882379 -0.00616052
v -0.00245025 0.05747985 -0.00712230
v 0.00410831 0.04944741 -0.00758534
v 0.00581764 0.05032060 -0.00751011
v 0.00716760 0.05651807 -0.00712230
v 0.00660986 0.05114040 -0.00729714
v 0.00716760 0.05747985 -0.00616052
v 0.00812938 0.05651807 -0.00423694
v 0.00716760 0.05844164 -0.00231338
v 0.00620581 0.05844164 -0.00423694
v 0.00524403 0.05940342 0.00057198
v 0.00716760 0.05844164 0.01018983
v 0.00812938 0.05555628 -0.00423694
v 0.00812938 0.05651807 -0.00038981
v -0.00148846 0.05940342 0.00057198
v 0.00620581 0.04978557 -0.00519873
v 0.00332046 0.05940342 0.01115161
v -0.00148846 0.05940342 0.00922804
v -0.00245025 0.05844164 0.01403697
v -0.00245025 0.04978557 -0.00519873
v 0.00322134 0.04930268 -0.00747903
v -0.00211970 0.05026772 -0.00750461
v 0.00428224 0.05940342 -0.00135159
v 0.00620581 0.05844164 0.01307518
v 0.00043511 0.05940342 -0.00231338
v -0.00245025 0.05844164 -0.00423694
v -0.00291842 0.05111570 -0.00731134
v -0.00034182 0.04939815 -0.00756436
v 0.00524403 0.05844164 0.01499875
v -0.00341203 0.05747985 -0.00519873
v -0.00341203 0.05844164 -0.00135159
v -0.00052668 0.05940342 -0.00135159
v 0.00428224 0.05940342 0.01018983
f 2224 2225 2226
f 2227 2226 2225
f 2228 2224 2226
f 2229 2230 2227
f 2231 2227 2230
f 2231 2230 2232
f 2231 2233 2227
f 2234 2235 2236
f 2237 2235 2238
f 2237 2238 2239
f 2240 2228 2226
f 2240 2233 2241
f 2240 2226 2227
f 2240 2227 2233
f 2242 2229 2227
f 2242 2227 2225
f 2242 2236 2229
f 2243 2232 2230
f 2244 2241 2233
f 2245 2239 2246
f 2245 2237 2239
f 2247 2239 2248
f 2247 2246 2239
f 2247 2248 2249
f 2247 2241 2246
f 2250 2248 2239
f 2250 2251 2248
f 2250 2252 2251
f 2250 2253 2252
f 2250 2239 2238
f 2250 2238 2253
f 2254 2234 2252
f 2254 2235 2234
f 2254 2252 2253
f 2255 2252 2234
f 2255 2251 2252
f 2256 2251 2224
f 2256 2224 2228
f 2256 2228 2249
f 2256 2249 2248
f 2256 2248 2251
f 2257 2225 2224
f 2257 2224 2251
f 2257 2255 2225
f 2257 2251 2255
f 2258 2236 2235
f 2259 2240 2241
f 2259 2228 2240
f 2259 2241 2247
f 2259 2247 2249
f 2259 2249 2228
f 2260 2234 2236
f 2260 2236 2242
f 2261 2229 2236
f 2261 2258 2243
f 2261 2236 2258
f 2262 2243 2230
f 2262 2230 2229
f 2262 2261 2243
f 2262 2229 2261
f 2263 2244 2233
f 2263 2233 2231
f 2264 2246 2241
f 2264 2241 2244
f 2265 2232 2245
f 2265 2263 2231
f 2265 2244 2263
f 2266 2254 2253
f 2266 2235 2254
f 2266 2253 2238
f 2266 2238 2235
f 2267 2225 2255
f 2267 2255 2234
f 2268 2258 2235
f 2268 2235 2237
f 2269 2237 2245
f 2269 2268 2237
f 2270 2265 2231
f 2270 2231 2232
f 2270 2232 2265
f 2271 2264 2244
f 2271 2244 2265
f 2271 2246 2264
f 2271 2265 2245
f 2271 2245 2246
f 2272 2242 2225
f 2272 2225 2267
f 2273 2269 2245
f 2273 2245 2232
f 2273 2232 2243
f 2274 2243 2258
f 2274 2258 2269
f 2274 2273 2243
f 2274 2269 2273
f 2275 2269 2258
f 2275 2258 2268
f 2275 2268 2269
f 2276 2234 2260
f 2276 2260 2242
f 2276 2242 2272
f 2276 2272 2267
f 2276 2267 2234

o geometry_50
v 0.01870902 0.02477917 0.05443193
v 0.01870902 0.02093203 0.05443193
v 0.02255616 0.02189381 0.05443193
v 0.01842540 0.02500624 0.04474236
v 0.01870902 0.02093203 0.04866122
v 0.03121222 0.00939061 0.05058479
v 0.03194634 0.00967891 0.04486549
v 0.02255616 0.01997024 0.05443193
v 0.02640330 0.01708489 0.05347015
v 0.02640330 0.01997024 0.05347015
v 0.01967080 0.02574095 0.04673765
v 0.02159437 0.02477917 0.04577587
v 0.02159437 0.02477917 0.04481408
v 0.03426372 0.00908285 0.04475035
v 0.01926875 0.02266838 0.04489341
v 0.03217401 0.01131418 0.05154658
v 0.03409758 0.00939061 0.05058479
v 0.02778213 0.01858091 0.04475857
v 0.03217401 0.01516132 0.04481408
v 0.02544151 0.02189381 0.04481408
v 0.02063259 0.01997024 0.05443193
v 0.01967080 0.02477917 0.05443193
v 0.01870902 0.02574095 0.04673765
v 0.01967080 0.02574095 0.04481408
v 0.03505936 0.01035239 0.04577587
v 0.03505936 0.01035239 0.04481408
v 0.03409758 0.01227596 0.04866122
v 0.03409758 0.01227596 0.04481408
v 0.03419708 0.00905707 0.04570680
v 0.03121222 0.01516132 0.05154658
v 0.02832687 0.01900846 0.05154658
v 0.03025044 0.01708489 0.04962301
v 0.02736508 0.01997024 0.05154658
v 0.03025044 0.01131418 0.05154658
v 0.02063259 0.02477917 0.05250836
v 0.03409758 0.01035239 0.05058479
v 0.03217401 0.01323775 0.05154658
v 0.02928865 0.01708489 0.05250836
v 0.03217401 0.01516132 0.04577587
v 0.02544151 0.02189381 0.04673765
v 0.02159437 0.02381738 0.05347015
f 2277 2278 2279
f 2277 2280 2278
f 2281 2278 2280
f 2282 2281 2283
f 2282 2278 2281
f 2284 2285 2279
f 2284 2279 2278
f 2286 2279 2285
f 2287 2288 2289
f 2290 2283 2280
f 2290 2282 2283
f 2291 2281 2280
f 2291 2280 2283
f 2291 2283 2281
f 2292 2282 2293
f 2292 2286 2285
f 2294 2280 2289
f 2294 2290 2280
f 2294 2295 2290
f 2296 2294 2289
f 2296 2295 2294
f 2296 2289 2288
f 2297 2284 2278
f 2297 2278 2282
f 2297 2285 2284
f 2298 2277 2279
f 2298 2279 2286
f 2298 2287 2277
f 2299 2280 2277
f 2299 2277 2287
f 2300 2287 2289
f 2300 2289 2280
f 2300 2299 2287
f 2300 2280 2299
f 2301 2290 2302
f 2301 2302 2303
f 2304 2290 2295
f 2304 2302 2290
f 2304 2303 2302
f 2304 2295 2303
f 2305 2293 2282
f 2305 2282 2290
f 2305 2301 2293
f 2305 2290 2301
f 2306 2303 2307
f 2308 2307 2303
f 2308 2296 2307
f 2308 2295 2296
f 2309 2307 2296
f 2309 2286 2307
f 2310 2297 2282
f 2310 2282 2292
f 2310 2292 2285
f 2310 2285 2297
f 2311 2288 2287
f 2311 2287 2298
f 2312 2301 2303
f 2312 2293 2301
f 2312 2303 2306
f 2312 2292 2293
f 2313 2286 2292
f 2313 2312 2306
f 2313 2292 2312
f 2314 2306 2307
f 2314 2307 2286
f 2314 2313 2306
f 2314 2286 2313
f 2315 2308 2303
f 2315 2303 2295
f 2315 2295 2308
f 2316 2309 2296
f 2316 2296 2288
f 2316 2311 2309
f 2316 2288 2311
f 2317 2298 2286
f 2317 2286 2309
f 2317 2311 2298
f 2317 2309 2311

o geometry_51
v 0.03256623 -0.01915025 0.00245371
v 0.03229589 -0.01900184 0.00724277
v 0.03313579 -0.02427186 0.00538090
v 0.03249743 -0.02270960 0.00724155
v 0.02928865 -0.02811900 0.00730447
v 0.02063259 -0.02908079 0.00441912
v 0.02015685 -0.03316739 0.00724170
v 0.02063259 -0.02908079 0.00730447
v 0.03184430 -0.01980995 0.00735091
v 0.02159437 -0.03388971 0.00730447
v 0.02021722 -0.03515979 -0.01583654
v 0.02063259 -0.03100436 -0.01577836
v 0.03274453 -0.02485531 -0.01581662
v 0.02890255 -0.02578852 -0.01572330
v 0.02736508 -0.02523365 -0.01385479
v 0.03240692 -0.02098636 -0.00909941
v 0.03025044 -0.02138651 -0.00616052
v 0.03313579 -0.02619543 -0.01577836
v 0.03313579 -0.02619543 -0.01289301
v 0.02736508 -0.03196614 -0.01289301
v 0.02063259 -0.03004257 -0.00712230
v 0.03121222 -0.01946294 0.00249555
v 0.02736508 -0.03004257 0.00730447
v 0.02017868 -0.03509914 -0.01488016
v 0.02736508 -0.03196614 -0.01577836
v 0.02159437 -0.03581328 -0.01577836
v 0.02159437 -0.03581328 -0.01481658
v 0.02736508 -0.03100436 -0.00231338
v 0.02640330 -0.03100436 0.00441912
v 0.03025044 -0.02908079 -0.01193122
v 0.02832687 -0.03100436 -0.01193122
v 0.03025044 -0.02811900 -0.00231338
f 2318 2319 2320
f 2321 2322 2320
f 2321 2320 2319
f 2323 2324 2325
f 2326 2319 2325
f 2326 2321 2319
f 2326 2322 2321
f 2327 2325 2324
f 2327 2326 2325
f 2328 2329 2330
f 2331 2332 2333
f 2331 2333 2330
f 2331 2330 2329
f 2331 2329 2332
f 2334 2333 2332
f 2334 2332 2329
f 2335 2318 2320
f 2335 2320 2336
f 2335 2333 2318
f 2335 2330 2333
f 2337 2335 2336
f 2338 2324 2323
f 2339 2323 2325
f 2339 2325 2319
f 2339 2319 2318
f 2339 2318 2333
f 2339 2333 2334
f 2339 2338 2323
f 2339 2334 2329
f 2339 2329 2338
f 2340 2322 2326
f 2340 2326 2327
f 2341 2329 2328
f 2341 2338 2329
f 2341 2324 2338
f 2342 2328 2330
f 2342 2330 2335
f 2342 2343 2328
f 2342 2337 2343
f 2342 2335 2337
f 2344 2337 2327
f 2344 2343 2337
f 2344 2327 2324
f 2344 2324 2341
f 2344 2341 2328
f 2344 2328 2343
f 2345 2327 2337
f 2346 2345 2340
f 2346 2340 2327
f 2346 2327 2345
f 2347 2337 2336
f 2347 2340 2345
f 2348 2347 2345
f 2348 2345 2337
f 2348 2337 2347
f 2349 2347 2336
f 2349 2322 2340
f 2349 2340 2347
f 2349 2336 2320
f 2349 2320 2322

o geometry_52
v 0.02691286 -0.02378851 0.02562516
v 0.02663259 -0.02352536 0.03137014
v 0.02640330 -0.02811900 0.03134910
v 0.02544151 -0.02331008 0.02557839
v 0.01582366 -0.03004257 0.03134910
v 0.01774723 -0.03388971 0.03134910
v 0.01564439 -0.03337237 0.03130620
v 0.02690217 -0.02474026 0.01600633
v 0.02640330 -0.03004257 0.01596054
v 0.02684477 -0.02564815 0.00734500
v 0.01551881 -0.03493356 0.01300224
v 0.01582366 -0.03196614 0.00730447
v 0.01566594 -0.03535814 0.00726673
v 0.02600943 -0.02942290 0.00724931
v 0.02544151 -0.03100436 0.00730447
v 0.01967080 -0.03485150 0.00730447
v 0.02544151 -0.02523365 0.00730447
v 0.01678545 -0.03581328 0.01307518
v 0.02544151 -0.02427186 0.01596054
v 0.02544151 -0.02331008 0.03134910
v 0.01582366 -0.03100436 0.01788411
v 0.02640330 -0.02908079 0.02654017
v 0.02544151 -0.03100436 0.01211340
v 0.01552029 -0.03397606 0.02454401
v 0.02640047 -0.02907805 0.00730420
v 0.01774723 -0.03581328 0.00730447
v 0.01678545 -0.03485150 0.02461660
v 0.01870902 -0.03388971 0.02846374
v 0.01582366 -0.03004257 0.03038731
v 0.02159437 -0.03196614 0.02942553
v 0.01967080 -0.03485150 0.01018983
v 0.02544151 -0.02908079 0.03134910
v 0.01967080 -0.03292793 0.03134910
v 0.01870902 -0.03485150 0.01692232
v 0.01967080 -0.03388971 0.02173125
v 0.02447973 -0.03004257 0.02942553
v 0.01774723 -0.03581328 0.00922804
f 2350 2351 2352
f 2350 2353 2351
f 2354 2355 2351
f 2354 2356 2355
f 2357 2353 2350
f 2357 2358 2359
f 2357 2350 2358
f 2360 2361 2362
f 2363 2364 2365
f 2363 2365 2362
f 2363 2362 2361
f 2363 2361 2366
f 2363 2366 2359
f 2367 2360 2362
f 2368 2366 2361
f 2368 2361 2353
f 2368 2353 2357
f 2368 2357 2359
f 2368 2359 2366
f 2369 2354 2351
f 2369 2351 2353
f 2369 2353 2354
f 2370 2353 2361
f 2370 2361 2360
f 2371 2358 2350
f 2371 2350 2352
f 2372 2365 2364
f 2372 2364 2358
f 2373 2356 2354
f 2373 2370 2360
f 2373 2360 2367
f 2374 2358 2364
f 2374 2364 2363
f 2374 2363 2359
f 2374 2359 2358
f 2375 2367 2362
f 2375 2362 2365
f 2376 2355 2356
f 2376 2373 2367
f 2376 2356 2373
f 2376 2377 2355
f 2378 2354 2353
f 2378 2353 2370
f 2378 2373 2354
f 2378 2370 2373
f 2379 2358 2371
f 2379 2372 2358
f 2380 2365 2372
f 2380 2375 2365
f 2381 2371 2352
f 2381 2352 2351
f 2382 2355 2377
f 2382 2377 2379
f 2382 2379 2381
f 2382 2381 2351
f 2382 2351 2355
f 2383 2380 2377
f 2383 2377 2376
f 2384 2379 2377
f 2384 2377 2380
f 2384 2380 2372
f 2384 2372 2379
f 2385 2381 2379
f 2385 2379 2371
f 2385 2371 2381
f 2386 2367 2375
f 2386 2375 2380
f 2386 2380 2383
f 2386 2383 2376
f 2386 2376 2367

o geometry_53
v 0.01870902 0.02574095 0.05058479
v 0.01870902 0.02477917 0.05539372
v 0.01904817 0.02252246 0.05405348
v 0.01870902 0.02285560 0.05539372
v 0.01293831 0.02670274 0.05635550
v 0.01917587 0.02253985 0.04680382
v 0.01906718 0.02367293 0.03623055
v 0.01870902 0.02670274 0.04000516
v 0.01774723 0.02285560 0.03615802
v 0.01582366 0.02381738 0.03423445
v 0.00620581 0.02670274 0.03615802
v 0.00620581 0.02574095 0.04673765
v 0.01678545 0.02189381 0.05154658
v 0.00620581 0.02574095 0.05635550
v 0.01486188 0.02862631 0.03615802
v 0.01486188 0.02862631 0.03423445
v 0.01197652 0.02958809 0.03423445
v 0.01840071 0.02600245 0.03417016
v 0.00623648 0.02938006 0.03420690
v 0.01101474 0.02766452 0.05635550
v 0.00620581 0.02862631 0.05539372
v 0.00620581 0.02958809 0.04289051
v 0.01101474 0.02958809 0.04000516
v 0.00612875 0.02721357 0.05584766
v 0.01774723 0.02189381 0.05443193
v 0.01293831 0.02477917 0.05635550
v 0.00716760 0.02670274 0.03423445
v 0.01877827 0.02397541 0.03424847
v 0.01774723 0.02189381 0.04673765
v 0.01197652 0.02862631 0.04769944
v 0.01197652 0.02958809 0.03711980
v 0.01774723 0.02574095 0.05347015
v 0.00909117 0.02958809 0.04289051
v 0.01678545 0.02189381 0.05347015
v 0.01486188 0.02285560 0.05539372
v 0.00624720 0.02800590 0.03426596
v 0.01678545 0.02574095 0.05539372
v 0.01293831 0.02766452 0.05347015
v 0.01005295 0.02477917 0.05635550
v 0.00716760 0.02862631 0.05539372
v 0.00909117 0.02862631 0.05347015
v 0.01101474 0.02862631 0.05058479
v 0.01005295 0.02958809 0.04192873
v 0.01197652 0.02766452 0.05539372
f 2387 2388 2389
f 2390 2389 2388
f 2390 2388 2391
f 2392 2393 2394
f 2392 2395 2393
f 2392 2387 2389
f 2392 2394 2387
f 2396 2395 2397
f 2398 2397 2395
f 2398 2399 2400
f 2401 2394 2402
f 2401 2387 2394
f 2403 2401 2402
f 2404 2402 2394
f 2404 2394 2393
f 2404 2403 2402
f 2404 2405 2403
f 2406 2407 2400
f 2406 2400 2391
f 2406 2391 2388
f 2408 2403 2405
f 2408 2409 2403
f 2410 2400 2407
f 2410 2398 2400
f 2410 2397 2398
f 2410 2407 2408
f 2410 2408 2405
f 2410 2405 2397
f 2411 2389 2390
f 2411 2392 2389
f 2412 2390 2391
f 2412 2391 2400
f 2413 2396 2397
f 2413 2404 2396
f 2413 2405 2404
f 2414 2393 2395
f 2414 2395 2396
f 2414 2404 2393
f 2414 2396 2404
f 2415 2398 2395
f 2415 2399 2398
f 2415 2411 2399
f 2415 2395 2392
f 2415 2392 2411
f 2416 2387 2401
f 2417 2403 2409
f 2417 2401 2403
f 2417 2416 2401
f 2417 2409 2416
f 2418 2388 2387
f 2419 2408 2407
f 2419 2409 2408
f 2420 2400 2399
f 2420 2399 2411
f 2421 2411 2390
f 2421 2390 2412
f 2421 2420 2411
f 2421 2400 2420
f 2422 2413 2397
f 2422 2397 2405
f 2422 2405 2413
f 2423 2406 2388
f 2423 2388 2418
f 2424 2418 2387
f 2424 2387 2416
f 2425 2421 2412
f 2425 2412 2400
f 2425 2400 2421
f 2426 2407 2406
f 2426 2406 2427
f 2426 2427 2419
f 2426 2419 2407
f 2428 2416 2409
f 2428 2424 2416
f 2429 2409 2419
f 2429 2419 2427
f 2429 2428 2409
f 2429 2427 2428
f 2430 2406 2423
f 2430 2423 2418
f 2430 2418 2424
f 2430 2424 2428
f 2430 2428 2427
f 2430 2427 2406

o geometry_54
v -0.00822096 0.03439702 -0.00616052
v -0.00822096 0.03247344 0.01403697
v -0.00818012 0.03403368 -0.01292824
v -0.00916675 0.03424267 -0.01674075
v -0.01302988 0.03439702 -0.01674015
v -0.01206810 0.03439702 -0.01000766
v -0.00928797 0.02957061 0.01412567
v -0.01210286 0.02871474 0.01404543
v -0.00823637 0.02969564 0.01404692
v -0.01206810 0.03247344 0.00922804
v -0.01880059 0.03151166 -0.00616052
v -0.01954587 0.03092594 -0.01680246
v -0.01880059 0.03247344 -0.01674015
v -0.01976238 0.03151166 -0.01289301
v -0.01302988 0.03439702 -0.01385479
v -0.00918274 0.03439702 -0.00616052
v -0.01687702 0.02670274 0.00538090
v -0.01891642 0.02701797 0.00541213
v -0.00918274 0.03247344 0.01403697
v -0.01175711 0.03072502 0.01395943
v -0.01880059 0.03054988 0.00249555
v -0.01880059 0.03247344 -0.01577836
v -0.01858778 0.02901135 0.00532198
v -0.01783881 0.03054988 0.00538090
v -0.00822096 0.02958809 0.00345733
v -0.00822096 0.03054988 -0.00712230
v -0.01880059 0.02766452 -0.01481658
v -0.01687702 0.02862631 -0.01674015
v -0.01976238 0.02766452 -0.01481658
v -0.00927483 0.03240711 -0.01674302
v -0.01783881 0.02670274 -0.00135159
v -0.01687702 0.02670274 0.00249555
v -0.00918274 0.02862631 0.01211340
v -0.01985075 0.02886680 -0.01671627
v -0.02003701 0.02841195 -0.01281898
v -0.01399167 0.03151166 0.01018983
v -0.01110631 0.03439702 -0.00808408
v -0.00829905 0.03221248 -0.01282718
v -0.01302988 0.02766452 0.01018983
v -0.01110631 0.03247344 0.01115161
f 2431 2432 2433
f 2431 2433 2434
f 2431 2435 2436
f 2431 2434 2435
f 2437 2438 2439
f 2437 2439 2432
f 2440 2436 2441
f 2442 2435 2434
f 2442 2443 2435
f 2442 2444 2443
f 2445 2435 2443
f 2445 2436 2435
f 2446 2431 2436
f 2446 2432 2431
f 2447 2438 2448
f 2449 2437 2432
f 2449 2438 2437
f 2449 2450 2438
f 2449 2432 2446
f 2451 2441 2444
f 2451 2440 2441
f 2452 2443 2444
f 2452 2444 2441
f 2452 2445 2443
f 2452 2441 2436
f 2452 2436 2445
f 2453 2450 2454
f 2453 2448 2438
f 2453 2438 2450
f 2453 2451 2448
f 2453 2454 2451
f 2455 2456 2433
f 2455 2433 2432
f 2455 2432 2439
f 2457 2458 2456
f 2457 2459 2458
f 2460 2456 2458
f 2460 2434 2433
f 2460 2442 2434
f 2460 2458 2442
f 2461 2447 2448
f 2461 2462 2447
f 2461 2448 2459
f 2461 2459 2457
f 2461 2457 2456
f 2461 2455 2462
f 2461 2456 2455
f 2463 2439 2438
f 2463 2455 2439
f 2463 2462 2455
f 2464 2442 2458
f 2464 2458 2459
f 2464 2444 2442
f 2465 2459 2448
f 2465 2464 2459
f 2465 2444 2464
f 2465 2451 2444
f 2465 2448 2451
f 2466 2454 2450
f 2466 2450 2449
f 2466 2451 2454
f 2466 2440 2451
f 2467 2449 2446
f 2467 2446 2436
f 2468 2460 2433
f 2468 2433 2456
f 2468 2456 2460
f 2469 2463 2438
f 2469 2438 2447
f 2469 2447 2462
f 2469 2462 2463
f 2470 2466 2449
f 2470 2440 2466
f 2470 2449 2467
f 2470 2467 2436
f 2470 2436 2440

o geometry_55
v -0.01880059 -0.02908079 -0.03212871
v -0.02072416 -0.02908079 -0.03116692
v -0.01880059 -0.03004257 -0.03212871
v -0.01883226 -0.01564045 -0.03739492
v -0.02110289 -0.03062748 -0.03158516
v -0.01880059 -0.03004257 -0.03693763
v -0.03322737 -0.01561580 -0.03212871
v -0.03849813 -0.01536445 -0.03188017
v -0.01874964 -0.01557600 -0.03875894
v -0.02938023 -0.01561580 -0.03886120
v -0.01880059 -0.02331008 -0.03886120
v -0.02938023 -0.03004257 -0.03116692
v -0.02938023 -0.03004257 -0.03212871
v -0.03469331 -0.02288552 -0.03092060
v -0.02072416 -0.02715722 -0.03789942
v -0.01865882 -0.02687566 -0.03700122
v -0.02938023 -0.02234829 -0.03116692
v -0.03418915 -0.02523365 -0.03212871
v -0.02745666 -0.03004257 -0.03405228
v -0.02360952 -0.03004257 -0.03597585
v -0.02072416 -0.03004257 -0.03693763
v -0.02745666 -0.02619543 -0.03693763
v -0.02649487 -0.02427186 -0.03789942
v -0.03418915 -0.02523365 -0.03116692
v -0.03899808 -0.01657758 -0.03309049
v -0.03515094 -0.01561580 -0.03693763
v -0.03611272 -0.01753937 -0.03597585
v -0.02745666 -0.02908079 -0.03501406
v -0.02360952 -0.02138651 -0.03886120
v -0.03322737 -0.01561580 -0.03789942
v -0.03899808 -0.01657758 -0.03212871
v -0.03899808 -0.01561580 -0.03309049
v -0.03611272 -0.02234829 -0.03309049
v -0.03515094 -0.01657758 -0.03693763
v -0.02841844 -0.02715722 -0.03597585
v -0.03418915 -0.02138651 -0.03597585
v -0.02938023 -0.01657758 -0.03886120
v -0.03226558 -0.01850115 -0.03789942
v -0.01976238 -0.02331008 -0.03886120
v -0.03611272 -0.02234829 -0.03212871
v -0.03803629 -0.01753937 -0.03405228
v -0.03322737 -0.02042472 -0.03693763
v -0.03322737 -0.01657758 -0.03789942
v -0.02745666 -0.01850115 -0.03886120
v -0.03611272 -0.02138651 -0.03405228
f 2471 2472 2473
f 2471 2474 2472
f 2475 2473 2472
f 2475 2476 2473
f 2477 2472 2474
f 2477 2474 2478
f 2479 2478 2474
f 2479 2480 2478
f 2479 2481 2480
f 2479 2474 2471
f 2482 2475 2472
f 2482 2483 2475
f 2482 2472 2484
f 2485 2481 2476
f 2486 2476 2481
f 2486 2481 2479
f 2486 2473 2476
f 2486 2479 2471
f 2486 2471 2473
f 2487 2477 2478
f 2487 2478 2484
f 2487 2484 2472
f 2487 2472 2477
f 2488 2483 2482
f 2489 2490 2475
f 2489 2475 2483
f 2489 2483 2488
f 2491 2476 2475
f 2491 2475 2490
f 2491 2485 2476
f 2491 2490 2492
f 2493 2491 2492
f 2493 2485 2491
f 2494 2488 2482
f 2494 2482 2484
f 2495 2496 2497
f 2498 2490 2489
f 2499 2480 2481
f 2500 2496 2478
f 2500 2478 2480
f 2501 2494 2484
f 2501 2484 2478
f 2502 2478 2496
f 2502 2496 2495
f 2502 2501 2478
f 2502 2495 2501
f 2503 2488 2494
f 2503 2501 2495
f 2503 2489 2488
f 2503 2498 2489
f 2504 2497 2496
f 2504 2496 2500
f 2505 2492 2490
f 2505 2490 2498
f 2505 2498 2506
f 2505 2506 2492
f 2507 2480 2499
f 2507 2493 2508
f 2507 2500 2480
f 2509 2499 2481
f 2509 2481 2485
f 2509 2485 2493
f 2509 2493 2499
f 2510 2503 2494
f 2510 2494 2501
f 2510 2501 2503
f 2511 2495 2497
f 2512 2492 2506
f 2512 2506 2497
f 2512 2497 2504
f 2512 2508 2493
f 2512 2493 2492
f 2513 2504 2500
f 2513 2507 2508
f 2513 2500 2507
f 2513 2512 2504
f 2513 2508 2512
f 2514 2507 2499
f 2514 2499 2493
f 2514 2493 2507
f 2515 2503 2495
f 2515 2495 2511
f 2515 2506 2498
f 2515 2498 2503
f 2515 2511 2497
f 2515 2497 2506

o geometry_56
v -0.02216002 -0.02791943 0.03141754
v -0.02745666 -0.02138651 0.03134910
v -0.03226558 -0.02234829 0.03134910
v -0.02168595 -0.02715722 0.02461660
v -0.02145868 -0.03063736 0.03131496
v -0.03180253 -0.02112072 0.03130856
v -0.03344865 -0.02192325 0.00723966
v -0.02938023 -0.02138651 0.00730447
v -0.02168595 -0.02908079 0.00730447
v -0.03386152 -0.02119845 0.00727580
v -0.02159788 -0.03278572 0.00729125
v -0.02360952 -0.03292793 0.00730447
v -0.02123973 -0.03220736 0.01589351
v -0.02745666 -0.02138651 0.02750196
v -0.02168595 -0.02811900 0.01403697
v -0.02457130 -0.03004257 0.03134910
v -0.02649487 -0.02908079 0.02942553
v -0.03342080 -0.02094548 0.01396971
v -0.03418915 -0.02234829 0.01403697
v -0.03034201 -0.02523365 0.02942553
v -0.03322737 -0.02427186 0.00730447
v -0.03322737 -0.02427186 0.00826626
v -0.02122983 -0.03122957 0.02647166
v -0.02264773 -0.03292793 0.01596054
v -0.02841844 -0.02138651 0.01692232
v -0.03322737 -0.02234829 0.02461660
v -0.03248575 -0.02096082 0.02455169
v -0.02938023 -0.02811900 0.01211340
v -0.02649487 -0.03100436 0.00730447
v -0.02264773 -0.03196614 0.02654017
v -0.03226558 -0.02331008 0.02750196
v -0.02841844 -0.02908079 0.01211340
v -0.02745666 -0.03004257 0.01115161
v -0.03130380 -0.02523365 0.01980768
v -0.02360952 -0.03292793 0.00922804
v -0.02457130 -0.03100436 0.02365482
v -0.02360952 -0.03100436 0.03038731
v -0.03322737 -0.02331008 0.01692232
v -0.02649487 -0.03100436 0.00826626
f 2516 2517 2518
f 2516 2519 2517
f 2516 2520 2519
f 2521 2518 2517
f 2522 2523 2524
f 2522 2525 2523
f 2522 2524 2526
f 2522 2526 2527
f 2528 2526 2524
f 2529 2517 2519
f 2530 2524 2523
f 2530 2528 2524
f 2531 2516 2518
f 2531 2520 2516
f 2531 2518 2532
f 2533 2523 2525
f 2533 2525 2534
f 2535 2532 2518
f 2536 2525 2522
f 2536 2534 2525
f 2536 2537 2534
f 2538 2519 2520
f 2538 2530 2519
f 2538 2528 2530
f 2539 2527 2526
f 2539 2526 2528
f 2540 2529 2519
f 2540 2533 2529
f 2540 2523 2533
f 2540 2530 2523
f 2540 2519 2530
f 2541 2518 2521
f 2542 2521 2517
f 2542 2517 2529
f 2542 2529 2533
f 2542 2541 2521
f 2542 2533 2534
f 2542 2534 2541
f 2543 2532 2535
f 2544 2536 2522
f 2544 2522 2527
f 2544 2537 2536
f 2545 2539 2528
f 2545 2528 2538
f 2545 2538 2520
f 2546 2535 2518
f 2546 2518 2541
f 2547 2548 2532
f 2547 2532 2543
f 2547 2543 2537
f 2549 2543 2535
f 2549 2537 2543
f 2549 2546 2537
f 2549 2535 2546
f 2550 2544 2527
f 2550 2527 2539
f 2550 2539 2545
f 2550 2545 2551
f 2552 2545 2520
f 2552 2520 2531
f 2552 2531 2532
f 2552 2551 2545
f 2552 2532 2551
f 2553 2534 2537
f 2553 2537 2546
f 2553 2546 2541
f 2553 2541 2534
f 2554 2550 2551
f 2554 2544 2550
f 2554 2548 2547
f 2554 2547 2537
f 2554 2537 2544
f 2554 2551 2532
f 2554 2532 2548

o geometry_57
v 0.02727712 -0.01555907 -0.03918921
v 0.02736508 0.00073454 -0.03597585
v 0.02736508 0.00458168 -0.03886120
v 0.03217401 0.00169633 -0.03886120
v 0.03222795 0.00463419 -0.03516513
v 0.03238672 -0.01574701 -0.03532495
v 0.03217401 -0.00888330 -0.03982299
v 0.02928865 0.00361990 -0.03501406
v 0.02751185 -0.01570677 -0.03745192
v 0.03121222 -0.00311260 -0.03982299
v 0.03121222 -0.01465401 -0.03982299
v 0.03203629 0.00437831 -0.03717858
v 0.02741806 0.00468268 -0.03638045
v 0.03217401 -0.01273044 -0.03982299
v 0.03025044 -0.01561580 -0.03982299
v 0.02928865 0.00458168 -0.03886120
v 0.02736508 -0.00215081 -0.03982299
v 0.02928865 0.00458168 -0.03501406
v 0.03188593 -0.01543199 -0.03821183
v 0.03169844 -0.01591571 -0.03572468
v 0.02928865 -0.00215081 -0.03982299
f 2555 2556 2557
f 2558 2559 2560
f 2558 2560 2561
f 2562 2556 2560
f 2562 2560 2559
f 2563 2560 2556
f 2563 2556 2555
f 2564 2558 2561
f 2564 2561 2565
f 2566 2559 2558
f 2567 2557 2556
f 2568 2565 2561
f 2568 2561 2560
f 2569 2564 2565
f 2569 2563 2555
f 2570 2558 2564
f 2570 2566 2558
f 2570 2559 2566
f 2570 2567 2559
f 2570 2557 2567
f 2571 2555 2557
f 2571 2557 2570
f 2571 2569 2555
f 2571 2564 2569
f 2572 2562 2559
f 2572 2559 2567
f 2572 2567 2556
f 2572 2556 2562
f 2573 2568 2560
f 2573 2565 2568
f 2573 2569 2565
f 2574 2560 2563
f 2574 2563 2569
f 2574 2573 2560
f 2574 2569 2573
f 2575 2571 2570
f 2575 2570 2564
f 2575 2564 2571

o geometry_58
v 0.03794472 -0.00311260 0.04481408
v 0.03698293 0.00265811 0.04866122
v 0.03794472 -0.00599795 0.04481408
v 0.03890650 -0.00311260 0.03038731
v 0.03794472 0.00265811 0.03904337
v 0.03758358 0.00263477 0.02939994
v 0.03460476 0.00273957 0.04828186
v 0.03552329 0.00267298 0.02945703
v 0.03698293 -0.00503617 0.04866122
v 0.03602115 -0.00888330 0.04866122
v 0.03409758 0.00265811 0.03615802
v 0.03313579 -0.00792152 0.04769944
v 0.03505936 -0.00984509 0.04866122
v 0.03890650 -0.00599795 0.02942553
v 0.03794947 -0.00313935 0.02936211
v 0.03543077 -0.00704551 0.02944946
v 0.03698293 -0.00792152 0.04769944
v 0.03313579 -0.00888330 0.04000516
v 0.03439672 -0.00991417 0.03521551
v 0.03698293 -0.00984509 0.04577587
v 0.03652156 -0.00973658 0.03516356
v 0.03760172 -0.00687907 0.02940124
v 0.03890650 -0.00599795 0.03038731
v 0.03313579 -0.00792152 0.04289051
v 0.03388764 -0.01001892 0.04739443
v 0.03405140 -0.01005654 0.04006416
v 0.03794472 -0.00695973 0.04192873
f 2576 2577 2578
f 2576 2578 2579
f 2580 2579 2581
f 2580 2576 2579
f 2580 2577 2576
f 2580 2582 2577
f 2580 2581 2583
f 2580 2583 2582
f 2584 2578 2577
f 2584 2577 2585
f 2586 2582 2583
f 2586 2587 2582
f 2588 2585 2577
f 2588 2577 2582
f 2588 2582 2587
f 2589 2581 2579
f 2590 2591 2583
f 2590 2583 2581
f 2590 2581 2589
f 2592 2584 2585
f 2592 2578 2584
f 2593 2586 2583
f 2593 2583 2591
f 2593 2591 2594
f 2595 2585 2588
f 2595 2592 2585
f 2595 2596 2589
f 2595 2578 2592
f 2597 2589 2596
f 2597 2590 2589
f 2597 2591 2590
f 2597 2594 2591
f 2597 2596 2594
f 2598 2589 2579
f 2598 2579 2578
f 2598 2595 2589
f 2599 2593 2587
f 2599 2587 2586
f 2599 2586 2593
f 2600 2588 2587
f 2600 2587 2593
f 2600 2595 2588
f 2601 2594 2596
f 2601 2596 2595
f 2601 2595 2600
f 2601 2600 2593
f 2601 2593 2594
f 2602 2598 2578
f 2602 2578 2595
f 2602 2595 2598

o geometry_59
v -0.01302988 -0.03388971 -0.00135159
v -0.01321560 -0.03630047 -0.02646522
v -0.01399167 -0.03485150 -0.02635800
v -0.01720666 -0.03476821 -0.02656761
v -0.01890411 -0.03416559 -0.02642382
v -0.01326144 -0.03447833 0.00734997
v -0.01399167 -0.03292793 0.00730447
v -0.01274303 -0.03687486 0.00626939
v -0.01300497 -0.03670021 0.00729811
v -0.01889339 -0.03211533 0.00731787
v -0.01880059 -0.03581328 0.00730447
v -0.01276235 -0.03894345 -0.02618833
v -0.01399167 -0.03292793 0.00634269
v -0.01399167 -0.03773685 0.00634269
v -0.01923998 -0.03267258 -0.00128815
v -0.01783881 -0.03196614 -0.00135159
v -0.01880059 -0.03773685 -0.02635800
v -0.01687702 -0.03196614 0.00730447
v -0.01591524 -0.03677507 0.00730447
v -0.01268663 -0.03878755 -0.01681025
v -0.01687702 -0.03196614 0.00345733
v -0.01399167 -0.03966042 -0.02635800
v -0.01880059 -0.03773685 -0.01674015
v -0.01495345 -0.03966042 -0.02443443
v -0.01495345 -0.03773685 0.00249555
v -0.01687702 -0.03869864 -0.02635800
v -0.01399167 -0.03966042 -0.01674015
v -0.01880059 -0.03677507 -0.00423694
v -0.01687702 -0.03869864 -0.01866372
v -0.01495345 -0.03966042 -0.02251086
v -0.01783881 -0.03677507 0.00057198
f 2603 2604 2605
f 2606 2605 2604
f 2606 2607 2605
f 2608 2603 2609
f 2608 2610 2603
f 2608 2611 2610
f 2608 2612 2613
f 2614 2604 2603
f 2615 2603 2605
f 2615 2609 2603
f 2616 2610 2611
f 2617 2613 2612
f 2618 2605 2607
f 2618 2617 2612
f 2618 2607 2617
f 2619 2607 2606
f 2619 2617 2607
f 2620 2608 2609
f 2620 2612 2608
f 2620 2618 2612
f 2620 2609 2615
f 2621 2608 2613
f 2621 2611 2608
f 2621 2616 2611
f 2621 2613 2616
f 2622 2614 2603
f 2622 2603 2610
f 2622 2610 2616
f 2623 2615 2605
f 2623 2605 2618
f 2623 2620 2615
f 2623 2618 2620
f 2624 2604 2614
f 2624 2606 2604
f 2625 2617 2619
f 2625 2619 2626
f 2627 2616 2613
f 2628 2624 2626
f 2628 2626 2619
f 2628 2619 2606
f 2628 2606 2624
f 2629 2624 2614
f 2629 2614 2622
f 2629 2622 2616
f 2629 2626 2624
f 2629 2616 2627
f 2630 2613 2617
f 2630 2617 2625
f 2630 2625 2631
f 2632 2629 2631
f 2632 2626 2629
f 2632 2625 2626
f 2632 2631 2625
f 2633 2627 2613
f 2633 2613 2630
f 2633 2630 2631
f 2633 2629 2627
f 2633 2631 2629

o geometry_60
v -0.04188343 -0.00792152 -0.01577836
v -0.03810605 -0.01082067 -0.01577301
v -0.03907277 0.00170272 -0.01577254
v -0.03961954 0.00176349 -0.02638933
v -0.03803629 -0.00888330 -0.02731978
v -0.03803629 -0.00599795 -0.01577836
v -0.04284521 0.00169633 -0.02443443
v -0.03999513 -0.00214700 -0.02732156
v -0.03803629 -0.00599795 -0.01770193
v -0.04114973 0.00163649 -0.01583369
v -0.04284521 0.00169633 -0.02635800
v -0.04217366 -0.00221849 -0.02728905
v -0.03869064 -0.01092809 -0.02735959
v -0.04188343 -0.01080688 -0.02251086
v -0.04025568 -0.01067264 -0.01582685
v -0.04284521 -0.00503617 -0.01962550
v -0.04284521 -0.00695973 -0.02731978
v -0.03992778 -0.00424939 -0.02739083
v -0.04188343 -0.00888330 -0.01674015
v -0.04284521 -0.00215081 -0.01962550
v -0.04284521 -0.00695973 -0.02539621
v -0.04098197 -0.01063270 -0.02726880
v -0.04284521 -0.00022724 -0.02154907
f 2634 2635 2636
f 2637 2636 2638
f 2639 2636 2635
f 2639 2635 2638
f 2640 2636 2637
f 2641 2637 2638
f 2642 2639 2638
f 2642 2638 2636
f 2642 2636 2639
f 2643 2634 2636
f 2643 2636 2640
f 2644 2640 2637
f 2644 2641 2645
f 2644 2637 2641
f 2646 2638 2635
f 2646 2635 2647
f 2648 2647 2635
f 2648 2635 2634
f 2649 2640 2644
f 2650 2644 2645
f 2650 2649 2644
f 2651 2641 2638
f 2651 2638 2646
f 2651 2646 2650
f 2651 2650 2645
f 2651 2645 2641
f 2652 2648 2634
f 2652 2647 2648
f 2652 2634 2649
f 2653 2640 2649
f 2653 2649 2634
f 2653 2634 2643
f 2654 2650 2647
f 2654 2649 2650
f 2654 2652 2649
f 2654 2647 2652
f 2655 2650 2646
f 2655 2646 2647
f 2655 2647 2650
f 2656 2653 2643
f 2656 2643 2640
f 2656 2640 2653

o geometry_61
v 0.01870902 -0.03773685 -0.02635800
v 0.01678545 -0.03388971 -0.02635800
v 0.02101053 -0.03259497 -0.02643351
v 0.02107922 -0.03074508 0.00063187
v 0.02082069 -0.03033844 0.00732970
v 0.02063259 -0.03485150 0.00345733
v 0.01967080 -0.03004257 0.00057198
v 0.02063259 -0.03677507 -0.02635800
v 0.01666510 -0.03736391 -0.02632419
v 0.01967080 -0.03196614 -0.02635800
v 0.01774723 -0.03100436 0.00730447
v 0.02015685 -0.03316739 0.00724170
v 0.01967080 -0.03485150 0.00730447
v 0.01774723 -0.03773685 -0.01385479
v 0.02063259 -0.03677507 -0.01866372
v 0.01647323 -0.03683587 -0.01392950
v 0.01774723 -0.03100436 0.00345733
v 0.01870902 -0.03581328 0.00538090
v 0.01870902 -0.03773685 -0.01770193
v 0.01678545 -0.03196614 -0.00038981
v 0.01652524 -0.03506239 0.00724221
v 0.01705862 -0.03275583 0.00736718
v 0.01647471 -0.03587837 -0.00238772
v 0.02014619 -0.03076479 0.00736457
v 0.01774723 -0.03581328 0.00730447
v 0.01967080 -0.03581328 -0.00038981
v 0.01774723 -0.03677507 -0.00231338
v 0.01967080 -0.03677507 -0.01193122
f 2657 2658 2659
f 2660 2661 2662
f 2660 2663 2661
f 2660 2659 2663
f 2664 2657 2659
f 2665 2658 2657
f 2666 2663 2659
f 2666 2659 2658
f 2667 2661 2663
f 2668 2669 2662
f 2668 2662 2661
f 2668 2661 2669
f 2670 2665 2657
f 2671 2660 2662
f 2671 2657 2664
f 2671 2664 2659
f 2671 2659 2660
f 2672 2658 2665
f 2672 2665 2670
f 2673 2666 2658
f 2673 2663 2666
f 2673 2667 2663
f 2674 2662 2669
f 2675 2670 2657
f 2675 2657 2671
f 2675 2674 2670
f 2676 2677 2678
f 2676 2673 2658
f 2676 2678 2667
f 2676 2667 2673
f 2679 2672 2670
f 2679 2677 2676
f 2679 2676 2658
f 2679 2658 2672
f 2680 2678 2669
f 2680 2669 2661
f 2680 2661 2667
f 2680 2667 2678
f 2681 2678 2677
f 2681 2669 2678
f 2681 2674 2669
f 2682 2671 2662
f 2682 2662 2674
f 2683 2679 2670
f 2683 2677 2679
f 2683 2681 2677
f 2683 2670 2674
f 2683 2674 2681
f 2684 2675 2671
f 2684 2671 2682
f 2684 2682 2674
f 2684 2674 2675

o geometry_62
v 0.03943942 -0.00408637 0.00727606
v 0.03986829 -0.00888330 0.00730447
v 0.03975643 -0.00407751 0.00248814
v 0.03763338 -0.00402913 0.00253656
v 0.03733279 -0.00405004 0.00732653
v 0.03794472 -0.01561580 0.00730447
v 0.03417564 -0.01566029 0.00731046
v 0.03986829 -0.00984509 0.00249555
v 0.03890650 -0.01369223 0.00441912
v 0.03890650 -0.01369223 0.00249555
v 0.03445293 -0.01581832 0.00252281
v 0.03409758 -0.01369223 0.00249555
v 0.03602115 -0.00599795 0.00634269
v 0.03602115 -0.00695973 0.00249555
v 0.03720813 -0.01520890 0.00243706
v 0.03890650 -0.01273044 0.00730447
v 0.03986829 -0.00984509 0.00441912
v 0.03409758 -0.01369223 0.00730447
v 0.03602115 -0.00599795 0.00730447
f 2685 2686 2687
f 2685 2687 2688
f 2689 2686 2685
f 2689 2685 2688
f 2690 2689 2691
f 2692 2687 2686
f 2693 2690 2694
f 2693 2694 2692
f 2695 2690 2691
f 2695 2691 2696
f 2697 2689 2688
f 2698 2688 2687
f 2698 2697 2688
f 2698 2696 2697
f 2699 2695 2696
f 2699 2694 2690
f 2699 2690 2695
f 2699 2692 2694
f 2699 2687 2692
f 2699 2698 2687
f 2699 2696 2698
f 2700 2693 2686
f 2700 2690 2693
f 2700 2686 2689
f 2700 2689 2690
f 2701 2693 2692
f 2701 2692 2686
f 2701 2686 2693
f 2702 2697 2696
f 2702 2696 2691
f 2702 2691 2689
f 2703 2702 2689
f 2703 2689 2697
f 2703 2697 2702

o geometry_63
v 0.03794472 0.00169633 -0.02731978
v 0.03645330 0.00957021 -0.02743898
v 0.04179186 0.00554347 -0.02731978
v 0.04083007 0.00842882 -0.02731978
v 0.04083007 0.00842882 -0.02058729
v 0.04179186 0.00554347 -0.02058729
v 0.03684894 0.00966956 -0.02052460
v 0.03602115 0.00842882 -0.02058729
v 0.04132381 0.00167093 -0.02726418
v 0.04112746 0.00167775 -0.02063131
v 0.03602115 0.00746704 -0.02731978
v 0.03794472 0.00265811 -0.02058729
v 0.03921746 0.00914638 -0.02724597
v 0.03794472 0.00169633 -0.02635800
v 0.03895246 0.00169780 -0.02058417
v 0.03924733 0.00918349 -0.02063219
v 0.03602115 0.00746704 -0.02635800
f 2704 2705 2706
f 2707 2708 2706
f 2707 2706 2705
f 2709 2706 2708
f 2710 2705 2711
f 2710 2709 2708
f 2712 2704 2706
f 2712 2709 2713
f 2712 2706 2709
f 2714 2711 2705
f 2714 2705 2704
f 2715 2710 2711
f 2716 2707 2705
f 2716 2705 2710
f 2717 2714 2704
f 2717 2715 2711
f 2717 2712 2713
f 2717 2704 2712
f 2718 2713 2709
f 2718 2709 2710
f 2718 2710 2715
f 2718 2717 2713
f 2718 2715 2717
f 2719 2716 2710
f 2719 2710 2708
f 2719 2708 2707
f 2719 2707 2716
f 2720 2717 2711
f 2720 2711 2714
f 2720 2714 2717