# https://github.com/mikedh/trimesh

o geometry_0
v 0.57433285 -0.12275930 0.08772846
v 0.57433285 -0.12673395 0.08375381
v 0.57433285 -0.12010953 0.08772846
v 0.57168308 -0.12938372 0.09170312
v 0.57433285 -0.12010953 0.07580451
v 0.56659574 -0.11934134 0.08841367
v 0.57168308 -0.13070861 0.09170312
v 0.56831234 -0.13089381 0.09236042
v 0.56240890 -0.11083535 0.05990590
v 0.56638355 -0.11083535 0.05990590
v 0.57217456 -0.11957469 0.08766120
v 0.55445959 -0.12938372 0.08640358
v 0.55877292 -0.12964780 0.07436157
v 0.56588219 -0.13769826 0.07030771
v 0.56520989 -0.12279939 0.05847697
v 0.57300797 -0.12938372 0.08772846
v 0.56613525 -0.13781049 0.07157198
v 0.56653456 -0.13741200 0.09173184
v 0.56903332 -0.13733302 0.09037823
v 0.57035820 -0.13733302 0.08375381
v 0.57035820 -0.13733302 0.07845428
v 0.57300797 -0.11878465 0.07050497
v 0.57168308 -0.11745977 0.06653032
v 0.57300797 -0.11745977 0.07182986
v 0.57300797 -0.12408418 0.07050497
v 0.57433285 -0.11878465 0.08242893
v 0.56770843 -0.11216023 0.05990590
v 0.56011914 -0.12322227 0.08855842
v 0.55484981 -0.12841815 0.08851671
v 0.56923411 -0.12944530 0.09192166
v 0.56696480 -0.13492760 0.09234065
v 0.56638355 -0.11083535 0.05858102
v 0.56270487 -0.11138780 0.05812039
v 0.56198872 -0.11270080 0.05923498
v 0.55445959 -0.12805884 0.08640358
v 0.55464403 -0.12955355 0.08810102
v 0.56770843 -0.12143442 0.05858102
v 0.57035820 -0.13468326 0.09037823
v 0.57300797 -0.13203349 0.08110404
v 0.56903332 -0.13600814 0.09170312
v 0.57433285 -0.12805884 0.07977916
v 0.56770843 -0.13733302 0.07050497
v 0.57168308 -0.11613488 0.06785521
v 0.57433285 -0.11878465 0.07712939
v 0.56402433 -0.12064185 0.08848605
v 0.57168308 -0.12275930 0.06653032
v 0.57168308 -0.12805884 0.06918009
v 0.56770843 -0.11348511 0.05858102
v 0.57300797 -0.13070861 0.08507870
v 0.57433285 -0.12408418 0.07580451
v 0.57433285 -0.12805884 0.08110404
v 0.57300797 -0.13070861 0.07712939
v 0.57035820 -0.13335837 0.07182986
v 0.57035820 -0.12938372 0.06785521
v 0.57168308 -0.13335837 0.08640358
v 0.57300797 -0.13203349 0.07977916
v 0.57035820 -0.13600814 0.07580451
v 0.57168308 -0.13468326 0.07845428
v 0.56903332 -0.13600814 0.07182986
f 1 2 3
f 1 3 4
f 5 3 2
f 6 4 3
f 7 1 4
f 8 7 4
f 9 6 10
f 11 6 3
f 11 3 10
f 11 10 6
f 12 13 14
f 15 14 13
f 16 2 1
f 16 1 7
f 17 18 14
f 19 17 20
f 19 18 17
f 21 20 17
f 22 23 24
f 22 25 23
f 22 5 25
f 26 10 3
f 26 3 5
f 26 27 10
f 28 29 8
f 28 9 29
f 30 8 4
f 30 4 6
f 30 6 8
f 31 8 29
f 31 29 18
f 31 7 8
f 32 9 10
f 32 33 9
f 32 10 27
f 34 13 12
f 34 15 13
f 34 33 15
f 34 9 33
f 35 29 9
f 35 34 12
f 35 9 34
f 36 18 29
f 36 35 12
f 36 29 35
f 36 12 14
f 36 14 18
f 37 15 33
f 38 16 7
f 38 19 20
f 38 7 19
f 39 20 21
f 40 19 7
f 40 18 19
f 40 31 18
f 40 7 31
f 41 5 2
f 42 14 15
f 42 15 37
f 42 21 17
f 42 17 14
f 43 27 24
f 43 24 23
f 43 23 27
f 44 26 5
f 44 24 27
f 44 27 26
f 44 22 24
f 44 5 22
f 45 28 8
f 45 8 6
f 45 6 9
f 45 9 28
f 46 25 47
f 46 47 37
f 46 37 23
f 46 23 25
f 48 27 23
f 48 23 37
f 48 32 27
f 48 37 33
f 48 33 32
f 49 16 38
f 49 20 39
f 49 2 16
f 50 25 5
f 50 5 41
f 51 41 2
f 51 39 41
f 51 49 39
f 51 2 49
f 52 47 25
f 52 50 41
f 52 25 50
f 53 42 47
f 53 47 52
f 54 42 37
f 54 37 47
f 54 47 42
f 55 49 38
f 55 38 20
f 55 20 49
f 56 52 41
f 56 41 39
f 56 39 21
f 57 53 52
f 58 56 21
f 58 52 56
f 58 57 52
f 58 21 57
f 59 42 53
f 59 53 57
f 59 57 21
f 59 21 42

o geometry_1
v 0.46171772 -0.09493674 0.06255567
v 0.45641819 -0.09493674 0.11157637
v 0.47364168 -0.11216023 0.05990590
v 0.47364168 -0.11216023 0.05725613
v 0.45190638 -0.09477815 0.11116907
v 0.45675933 -0.09484526 0.05730456
v 0.46966703 -0.12408418 0.10097730
v 0.47231679 -0.12010953 0.08507870
v 0.47364168 -0.11613488 0.07050497
v 0.47418130 -0.12305058 0.06821489
v 0.45376842 -0.10023628 0.11157637
v 0.45244354 -0.10818558 0.10892661
v 0.46966703 -0.13203349 0.10097730
v 0.47287735 -0.12698514 0.08147768
v 0.47415610 -0.11924604 0.05756495
v 0.46073827 -0.09516001 0.05713365
v 0.46304261 -0.11216023 0.05725613
v 0.46966703 -0.11878465 0.05725613
v 0.46039284 -0.10818558 0.05725613
v 0.46834214 -0.12805884 0.10230219
v 0.47235921 -0.12797759 0.08510697
v 0.47099191 -0.12805884 0.08110404
v 0.47364168 -0.11745977 0.07182986
v 0.45111865 -0.09891139 0.11157637
v 0.45641819 -0.10023628 0.05725613
v 0.47364168 -0.12143442 0.05990590
v 0.47231679 -0.12010953 0.05725613
v 0.46171772 -0.11216023 0.06123079
v 0.45509330 -0.11745977 0.10230219
v 0.45376842 -0.11481000 0.10362707
v 0.45509330 -0.11481000 0.09567777
v 0.46039284 -0.12540907 0.09965242
v 0.46039284 -0.12540907 0.10230219
v 0.45376842 -0.11481000 0.10627684
v 0.46834214 -0.13203349 0.10097730
v 0.46834214 -0.12408418 0.10230219
v 0.45509330 -0.09891139 0.11157637
v 0.45244354 -0.10023628 0.11157637
v 0.45111865 -0.10553581 0.10892661
v 0.45111865 -0.10553581 0.10495195
v 0.45774307 -0.10686070 0.06520544
v 0.45509330 -0.11083535 0.08640358
v 0.45509330 -0.09626162 0.05858102
v 0.45111865 -0.09493674 0.10097730
v 0.45244354 -0.09493674 0.08110404
v 0.45244354 -0.09758651 0.08110404
v 0.47099191 -0.12408418 0.06918009
v 0.46834214 -0.12938372 0.08905335
v 0.46304261 -0.11481000 0.06388055
v 0.46039284 -0.12408418 0.09567777
v 0.46304261 -0.12805884 0.09965242
v 0.45641819 -0.11878465 0.09965242
v 0.45509330 -0.11745977 0.10495195
v 0.45244354 -0.11083535 0.10760172
v 0.46039284 -0.12408418 0.10362707
v 0.46834214 -0.13203349 0.09700265
v 0.45641819 -0.09626162 0.11157637
v 0.45111865 -0.10288604 0.11025149
v 0.45774307 -0.11083535 0.07447962
v 0.45244354 -0.10951046 0.10230219
v 0.45641819 -0.10951046 0.07712939
v 0.45244354 -0.10156116 0.08772846
v 0.45376842 -0.09493674 0.06918009
v 0.45509330 -0.09493674 0.05858102
f 60 61 62
f 63 60 62
f 64 60 65
f 64 61 60
f 66 67 61
f 68 62 61
f 68 61 67
f 68 69 62
f 70 71 72
f 73 69 67
f 74 63 62
f 74 62 69
f 75 65 60
f 75 60 63
f 76 75 77
f 76 78 75
f 79 72 66
f 79 70 72
f 80 66 72
f 80 67 66
f 80 73 67
f 80 72 81
f 80 81 73
f 82 68 67
f 82 67 69
f 82 69 68
f 83 70 61
f 83 61 64
f 84 75 78
f 84 65 75
f 85 73 81
f 85 69 73
f 85 74 69
f 86 63 74
f 86 75 63
f 86 77 75
f 86 74 85
f 87 78 76
f 88 89 90
f 88 91 92
f 93 89 88
f 94 72 71
f 95 79 66
f 95 66 61
f 95 61 79
f 96 61 70
f 96 70 79
f 97 83 71
f 97 71 70
f 97 70 83
f 98 83 99
f 100 84 78
f 101 90 89
f 102 84 101
f 103 83 64
f 103 64 104
f 103 99 83
f 103 104 105
f 103 105 99
f 106 107 77
f 106 77 86
f 106 86 85
f 106 85 81
f 108 76 77
f 108 77 107
f 108 107 109
f 108 109 87
f 108 87 76
f 110 109 107
f 110 91 109
f 110 94 92
f 110 92 91
f 111 88 90
f 111 109 91
f 111 91 88
f 112 93 88
f 112 88 92
f 113 99 89
f 113 89 93
f 113 98 99
f 113 93 71
f 113 71 98
f 114 92 94
f 114 112 92
f 114 93 112
f 114 94 71
f 114 71 93
f 115 81 72
f 115 72 94
f 115 106 81
f 115 107 106
f 115 110 107
f 115 94 110
f 116 96 79
f 116 79 61
f 116 61 96
f 117 98 71
f 117 71 83
f 117 83 98
f 118 100 78
f 118 78 87
f 118 87 109
f 118 109 111
f 118 111 90
f 119 101 89
f 119 89 99
f 119 102 101
f 120 90 101
f 120 118 90
f 120 100 118
f 120 101 84
f 120 84 100
f 121 99 105
f 121 105 102
f 121 119 99
f 121 102 119
f 122 102 105
f 122 105 104
f 122 104 64
f 122 64 65
f 123 65 84
f 123 84 102
f 123 122 65
f 123 102 122

o geometry_2
v 0.53387668 -0.11021301 0.07601027
v 0.54253564 -0.09758651 0.07447962
v 0.54201746 -0.09478512 0.07453828
v 0.54253564 -0.09626162 0.06785521
v 0.52887470 -0.11047430 0.07592148
v 0.51338819 -0.12010953 0.07447962
v 0.51324679 -0.12631545 0.07461610
v 0.52879890 -0.09571991 0.03050026
v 0.53418981 -0.09470719 0.03083843
v 0.51610584 -0.10126357 0.02051737
v 0.52796192 -0.09493674 0.03473311
v 0.53494013 -0.09437458 0.03360407
v 0.53988587 -0.09493674 0.05195660
v 0.53856099 -0.09493674 0.04533218
v 0.53591122 -0.09626162 0.03340822
v 0.54133482 -0.09458537 0.06799113
v 0.53988587 -0.09626162 0.05195660
v 0.51300757 -0.12560749 0.07219719
v 0.51206331 -0.10421093 0.02280915
v 0.51206331 -0.10421093 0.02148427
v 0.53591122 -0.09626162 0.07447962
v 0.52893350 -0.11580139 0.07591674
v 0.51973375 -0.10113760 0.02162255
v 0.52001261 -0.10686070 0.02148427
v 0.53458634 -0.09758651 0.03075846
v 0.53591122 -0.09493674 0.07315474
v 0.53856099 -0.09626162 0.04533218
v 0.51210590 -0.10565949 0.02144384
v 0.51561472 -0.12559247 0.07485259
v 0.53458634 -0.11216023 0.07580451
v 0.51338819 -0.12408418 0.06255567
v 0.54253564 -0.09758651 0.07182986
v 0.51868773 -0.10818558 0.02148427
v 0.51603796 -0.10951046 0.02148427
v 0.51736285 -0.10951046 0.02280915
v 0.53061168 -0.10553581 0.04135753
v 0.52663703 -0.12010953 0.07315474
v 0.52663703 -0.10686070 0.03340822
v 0.53812039 -0.09518996 0.07438525
v 0.53591122 -0.09758651 0.03605799
v 0.53723610 -0.10818558 0.07315474
v 0.53723610 -0.10686070 0.06918009
v 0.51323070 -0.10904435 0.02163627
v 0.51868773 -0.12540907 0.07447962
v 0.53061168 -0.11613488 0.07580451
v 0.53458634 -0.11216023 0.07447962
v 0.53723610 -0.10818558 0.07447962
v 0.51471308 -0.12673395 0.07182986
v 0.53988587 -0.10288604 0.07182986
v 0.52531215 -0.10686070 0.03075846
v 0.51603796 -0.11216023 0.02810869
v 0.51603796 -0.12275930 0.05990590
v 0.52796192 -0.10553581 0.03340822
v 0.51338819 -0.11216023 0.02678381
v 0.51868773 -0.12540907 0.07315474
v 0.51736285 -0.12540907 0.07050497
v 0.52663703 -0.12010953 0.07447962
v 0.53061168 -0.11613488 0.07315474
v 0.51603796 -0.12673395 0.07315474
v 0.51471308 -0.12408418 0.06255567
v 0.51471308 -0.11216023 0.02678381
f 124 125 126
f 127 126 125
f 128 124 126
f 128 129 130
f 131 132 133
f 131 133 134
f 131 134 132
f 135 132 134
f 135 136 137
f 135 137 138
f 135 138 132
f 139 127 136
f 139 126 127
f 139 136 135
f 140 136 127
f 140 137 136
f 141 130 129
f 142 134 133
f 142 133 143
f 142 141 129
f 144 128 126
f 144 129 128
f 145 124 128
f 146 147 133
f 146 133 132
f 148 132 138
f 148 146 132
f 148 147 146
f 149 139 135
f 149 135 134
f 149 126 139
f 149 134 142
f 149 142 129
f 149 129 144
f 150 138 137
f 150 137 140
f 151 142 143
f 151 141 142
f 151 143 133
f 152 145 128
f 152 128 130
f 153 125 124
f 154 130 141
f 154 141 151
f 155 127 125
f 156 157 133
f 156 133 147
f 156 158 157
f 156 147 148
f 159 160 161
f 162 149 144
f 162 144 126
f 162 126 149
f 163 148 138
f 163 138 150
f 163 164 148
f 165 150 140
f 165 140 164
f 165 163 150
f 165 164 163
f 166 151 133
f 166 133 157
f 167 152 130
f 168 153 124
f 168 124 145
f 168 145 152
f 168 152 167
f 168 160 153
f 169 148 164
f 169 164 153
f 169 153 160
f 170 153 164
f 170 125 153
f 171 130 154
f 172 164 140
f 172 140 127
f 172 127 155
f 172 155 125
f 172 170 164
f 172 125 170
f 173 156 148
f 173 148 161
f 173 161 160
f 174 157 158
f 174 160 175
f 174 158 156
f 174 173 160
f 174 156 173
f 176 159 161
f 176 161 148
f 176 148 159
f 177 154 151
f 177 151 166
f 177 166 157
f 178 160 167
f 178 175 160
f 178 179 175
f 180 168 167
f 180 167 160
f 180 160 168
f 181 169 160
f 181 160 159
f 181 159 148
f 181 148 169
f 182 167 130
f 182 130 171
f 182 178 167
f 182 179 178
f 182 175 179
f 183 171 154
f 183 182 171
f 183 175 182
f 183 174 175
f 183 154 177
f 184 177 157
f 184 157 174
f 184 183 177
f 184 174 183

o geometry_3
v 0.54515297 -0.12935677 0.09017526
v 0.54534072 -0.12956219 0.10170190
v 0.51513950 -0.12998872 0.10078271
v 0.51471308 -0.12938372 0.07977916
v 0.53853317 -0.11082071 0.09965741
v 0.53559003 -0.11840724 0.10741992
v 0.54518541 -0.11216023 0.09700265
v 0.54536580 -0.11125808 0.09476234
v 0.54490156 -0.11070684 0.08840767
v 0.54518541 -0.11745977 0.08772846
v 0.53458634 -0.11216023 0.07580451
v 0.53387668 -0.11021301 0.07601027
v 0.51736285 -0.12805884 0.10362707
v 0.52133750 -0.12938372 0.10495195
v 0.52928680 -0.11878465 0.10760172
v 0.51294828 -0.12823386 0.08016137
v 0.51338819 -0.12805884 0.09832753
v 0.51338819 -0.11083535 0.08110404
v 0.54518541 -0.11878465 0.09965242
v 0.54518541 -0.12673395 0.10230219
v 0.53591122 -0.12010953 0.10760172
v 0.52928680 -0.11745977 0.10627684
v 0.53411803 -0.11128515 0.09950305
v 0.51789816 -0.12977456 0.10249299
v 0.52663703 -0.12938372 0.10495195
v 0.52531215 -0.12143442 0.07447962
v 0.51736285 -0.12673395 0.07447962
v 0.51365313 -0.12212674 0.07425657
v 0.51471308 -0.12805884 0.07580451
v 0.51471308 -0.11083535 0.08242893
v 0.51338819 -0.11083535 0.07712939
v 0.51471308 -0.12805884 0.10097730
v 0.51357172 -0.12986329 0.09817303
v 0.53326145 -0.12275930 0.10760172
v 0.52928680 -0.11745977 0.07447962
v 0.51324679 -0.12631545 0.07461610
v 0.52867122 -0.11029602 0.07465436
v 0.52663703 -0.12010953 0.10627684
v 0.52928680 -0.12673395 0.10627684
v 0.52928680 -0.12275930 0.10760172
v 0.52745519 -0.11155214 0.07424739
v 0.51299961 -0.12690881 0.07617953
v 0.52531215 -0.12673395 0.10627684
v 0.51603796 -0.11878465 0.07447962
f 185 186 187
f 188 185 187
f 189 190 191
f 192 189 191
f 192 193 189
f 192 186 185
f 194 195 193
f 194 185 195
f 194 192 185
f 194 193 192
f 196 193 195
f 196 189 193
f 197 187 198
f 197 198 199
f 200 201 202
f 203 191 190
f 203 190 204
f 203 204 186
f 203 192 191
f 203 186 192
f 205 204 190
f 205 186 204
f 205 190 199
f 206 199 190
f 206 190 189
f 206 189 207
f 208 209 198
f 208 198 187
f 208 187 186
f 208 186 209
f 210 185 211
f 210 211 212
f 213 211 185
f 213 185 188
f 213 188 200
f 214 189 196
f 214 207 189
f 214 206 207
f 214 202 206
f 215 200 202
f 216 187 197
f 216 202 201
f 217 200 188
f 217 188 187
f 217 201 200
f 217 216 201
f 217 187 216
f 218 186 205
f 218 205 199
f 219 195 185
f 219 185 210
f 220 212 211
f 220 211 213
f 220 215 212
f 221 214 196
f 221 202 214
f 221 215 202
f 221 196 195
f 222 206 202
f 222 202 216
f 222 199 206
f 222 216 197
f 222 197 199
f 223 209 186
f 223 186 218
f 223 198 209
f 224 218 199
f 224 199 198
f 224 223 218
f 225 219 210
f 225 210 212
f 225 215 221
f 225 221 195
f 225 195 219
f 226 220 213
f 226 213 200
f 226 200 215
f 226 215 220
f 227 224 198
f 227 198 223
f 227 223 224
f 228 225 212
f 228 212 215
f 228 215 225

o geometry_4
v 0.48203314 -0.05347328 0.12134513
v 0.48026610 -0.05254046 0.12217544
v 0.48159098 -0.05783999 0.12217544
v 0.47761633 -0.03664185 0.04533218
v 0.48026610 -0.03531697 0.04930683
v 0.48189142 -0.03571506 0.04524638
v 0.48159098 -0.04856580 0.10627684
v 0.47364168 -0.05916487 0.12217544
v 0.48103348 -0.03633379 0.04511303
v 0.47231679 -0.04061650 0.04533218
v 0.47231679 -0.04061650 0.04798195
v 0.46701726 -0.06048976 0.11952568
v 0.47629145 -0.05254046 0.11555103
v 0.46701726 -0.05916487 0.11422614
v 0.48209720 -0.03649840 0.04902996
v 0.48159098 -0.05651511 0.10760172
v 0.48159098 -0.04194138 0.04533218
v 0.48159098 -0.04326627 0.04930683
v 0.46569237 -0.05916487 0.04533218
v 0.48026610 -0.04856580 0.10627684
v 0.47099191 -0.06446441 0.12085056
v 0.46569237 -0.06446441 0.12085056
v 0.46304261 -0.05121557 0.04533218
v 0.46039284 -0.05651511 0.04533218
v 0.46046183 -0.05920181 0.04532600
v 0.47761633 -0.03664185 0.04665706
v 0.47099191 -0.04591604 0.06785521
v 0.47894121 -0.04194138 0.07580451
v 0.47496656 -0.05519022 0.12217544
v 0.48159098 -0.05783999 0.11422614
v 0.46569237 -0.06446441 0.07182986
v 0.48159098 -0.04724092 0.06653032
v 0.47894121 -0.05254046 0.12085056
v 0.47761633 -0.05916487 0.12217544
v 0.46518898 -0.06513827 0.11807144
v 0.46701726 -0.04591604 0.04533218
v 0.46039284 -0.05651511 0.05195660
v 0.45952646 -0.06470990 0.06781415
v 0.46019877 -0.06501619 0.07837522
v 0.45906796 -0.06313953 0.07845428
v 0.47496656 -0.03929162 0.05063172
v 0.46569237 -0.06313953 0.12085056
v 0.46436749 -0.06313953 0.11820079
v 0.46122645 -0.06520333 0.09420055
v 0.46039284 -0.06313953 0.09435288
v 0.47629145 -0.05386534 0.12085056
v 0.47761633 -0.05121557 0.11290126
v 0.47231679 -0.06446441 0.11290126
v 0.47496656 -0.06313953 0.11555103
v 0.46304261 -0.05121557 0.05063172
v 0.45906796 -0.06181464 0.06918009
v 0.46966703 -0.04724092 0.06918009
v 0.47099191 -0.04194138 0.04930683
v 0.46966703 -0.04591604 0.06255567
v 0.47364168 -0.05651511 0.12217544
v 0.46569237 -0.06181464 0.11952568
v 0.47894121 -0.06048976 0.11820079
v 0.47231679 -0.06446441 0.11952568
v 0.46436749 -0.04989069 0.05195660
v 0.46039284 -0.06181464 0.08772846
v 0.45906796 -0.06181464 0.06785521
v 0.46701726 -0.04591604 0.04665706
v 0.47496656 -0.06313953 0.11952568
v 0.46701726 -0.05519022 0.09435288
f 229 230 231
f 232 233 234
f 235 230 229
f 236 231 230
f 237 232 234
f 237 238 232
f 239 232 238
f 240 241 242
f 243 229 244
f 243 235 229
f 243 234 233
f 243 233 235
f 245 246 247
f 245 243 246
f 245 234 243
f 245 237 234
f 245 247 237
f 248 235 233
f 248 230 235
f 249 236 250
f 251 237 252
f 253 237 247
f 253 252 237
f 254 233 232
f 254 232 239
f 255 242 241
f 256 248 233
f 257 241 240
f 257 236 230
f 258 244 229
f 258 229 231
f 258 259 247
f 258 247 244
f 260 244 247
f 260 247 246
f 260 243 244
f 260 246 243
f 261 230 248
f 261 257 230
f 262 249 231
f 262 231 236
f 262 236 249
f 263 249 250
f 264 238 237
f 264 237 251
f 264 239 238
f 265 251 252
f 266 253 247
f 266 247 259
f 266 259 267
f 266 267 268
f 269 256 233
f 269 241 256
f 269 255 241
f 269 239 255
f 269 254 239
f 269 233 254
f 270 250 236
f 271 250 270
f 271 263 250
f 272 273 268
f 272 268 267
f 272 267 259
f 272 271 273
f 272 263 271
f 274 261 241
f 274 241 257
f 274 257 261
f 275 256 241
f 275 241 261
f 275 261 248
f 275 248 256
f 276 259 277
f 276 272 259
f 276 263 272
f 278 264 251
f 278 251 265
f 279 265 252
f 279 268 265
f 280 255 239
f 280 242 255
f 281 239 264
f 281 280 239
f 281 282 280
f 283 270 236
f 283 236 257
f 283 257 240
f 283 240 270
f 284 240 242
f 284 242 271
f 284 271 270
f 284 270 240
f 285 277 259
f 285 259 258
f 285 258 231
f 286 249 263
f 286 263 276
f 286 276 277
f 287 282 281
f 287 278 273
f 287 273 271
f 288 278 265
f 288 265 268
f 288 268 273
f 288 273 278
f 289 266 268
f 289 268 279
f 289 253 266
f 289 279 252
f 289 252 253
f 290 281 264
f 290 264 278
f 290 287 281
f 290 278 287
f 291 286 277
f 291 277 285
f 291 285 231
f 291 231 249
f 291 249 286
f 292 282 287
f 292 280 282
f 292 242 280
f 292 287 271
f 292 271 242

o geometry_5
v 0.54518541 -0.06711418 0.06785521
v 0.54518541 -0.08433767 0.06255567
v 0.54518541 -0.06048976 0.03870776
v 0.54518541 -0.06048976 0.03075846
v 0.54386052 -0.05916487 0.02413404
v 0.53982244 -0.08464466 0.06244388
v 0.53591122 -0.06048976 0.06785521
v 0.53723610 -0.08433767 0.05063172
v 0.53664914 -0.05866105 0.06797763
v 0.54386052 -0.06181464 0.06785521
v 0.54148771 -0.05943815 0.06779657
v 0.54386052 -0.05916487 0.05460637
v 0.53463266 -0.07616939 0.02853401
v 0.54518541 -0.06578929 0.06520544
v 0.54457552 -0.07107230 0.06787188
v 0.54087786 -0.07111029 0.06783353
v 0.54386052 -0.07108883 0.02148427
v 0.54386052 -0.07373860 0.02148427
v 0.53856099 -0.07373860 0.01883450
v 0.54253564 -0.06711418 0.02148427
v 0.54518541 -0.07638837 0.04003264
v 0.53856099 -0.06843906 0.06785521
v 0.53716204 -0.08469585 0.03724938
v 0.54121076 -0.07638837 0.02015939
v 0.54121076 -0.08433767 0.02810869
v 0.53458634 -0.05916487 0.03075846
v 0.53856099 -0.05916487 0.02280915
v 0.53454068 -0.05941487 0.02788330
v 0.53458634 -0.06313953 0.02545892
v 0.53591122 -0.07506348 0.01883450
v 0.53856099 -0.06313953 0.02148427
v 0.54121076 -0.05916487 0.02280915
v 0.54386052 -0.06446441 0.02280915
v 0.54518541 -0.06181464 0.03075846
v 0.54253564 -0.08433767 0.03605799
v 0.53578002 -0.08426262 0.02813417
v 0.53856099 -0.07638837 0.01883450
v 0.53458634 -0.07373860 0.03075846
v 0.53458634 -0.07506348 0.02280915
v 0.53723610 -0.07373860 0.01883450
v 0.54121076 -0.06446441 0.02148427
v 0.54253564 -0.08168790 0.02943357
v 0.54386052 -0.07506348 0.02413404
v 0.54518541 -0.08168790 0.05328148
v 0.54386052 -0.08433767 0.04798195
v 0.53677748 -0.07688165 0.01965610
v 0.53453561 -0.07663605 0.02381753
v 0.53988587 -0.06313953 0.02148427
v 0.54518541 -0.08433767 0.06123079
v 0.54386052 -0.08301279 0.04400730
f 293 294 295
f 296 297 295
f 296 295 294
f 298 299 300
f 301 302 303
f 301 293 302
f 304 295 297
f 304 301 303
f 304 297 301
f 304 303 302
f 305 300 299
f 306 293 295
f 306 302 293
f 306 304 302
f 306 295 304
f 307 294 293
f 307 298 294
f 307 308 298
f 307 293 301
f 309 296 310
f 309 310 311
f 309 311 312
f 313 296 294
f 314 298 308
f 314 299 298
f 314 301 299
f 314 307 301
f 314 308 307
f 315 298 300
f 316 311 310
f 316 310 317
f 318 299 301
f 318 319 320
f 318 301 319
f 321 319 322
f 321 320 319
f 323 322 319
f 324 319 301
f 324 301 297
f 324 323 319
f 325 297 296
f 325 296 309
f 325 309 312
f 325 312 297
f 326 313 310
f 326 310 296
f 326 296 313
f 327 315 317
f 328 315 300
f 328 300 305
f 328 317 315
f 329 316 317
f 329 322 311
f 329 311 316
f 329 317 328
f 330 305 299
f 330 299 318
f 330 318 320
f 331 321 322
f 332 323 311
f 332 311 322
f 332 322 323
f 333 312 311
f 333 324 297
f 333 297 312
f 334 327 317
f 334 317 310
f 335 310 313
f 335 334 310
f 335 327 334
f 336 313 294
f 337 315 327
f 338 329 328
f 338 328 322
f 338 322 329
f 339 305 330
f 339 330 320
f 339 320 321
f 339 321 331
f 339 328 305
f 339 331 322
f 339 322 328
f 340 333 311
f 340 311 323
f 340 323 324
f 340 324 333
f 341 315 337
f 341 294 298
f 341 298 315
f 341 336 294
f 342 337 327
f 342 327 335
f 342 341 337
f 342 336 341
f 342 335 313
f 342 313 336

o geometry_6
v 0.56638355 -0.11216023 0.05593125
v 0.56542396 -0.11264689 0.05892552
v 0.56638355 -0.12408418 0.05725613
v 0.54189682 -0.11918005 0.04339483
v 0.55420354 -0.12128695 0.05879996
v 0.54121076 -0.11613488 0.04400730
v 0.53149143 -0.12657178 0.01663283
v 0.56531570 -0.12378529 0.05912325
v 0.56442728 -0.12655722 0.05890162
v 0.56240890 -0.12673395 0.05858102
v 0.56373378 -0.10951046 0.05725613
v 0.56638355 -0.12010953 0.05593125
v 0.55313471 -0.10951046 0.03473311
v 0.55180983 -0.11481000 0.03340822
v 0.54518541 -0.11083535 0.02413404
v 0.53326145 -0.12540907 0.01485985
v 0.53061168 -0.11745977 0.00956031
v 0.53988587 -0.12540907 0.02148427
v 0.53273435 -0.12702460 0.01803142
v 0.53193657 -0.11083535 0.00956031
v 0.53061168 -0.10553581 0.00956031
v 0.54518541 -0.10288604 0.02413404
v 0.53723610 -0.09758651 0.02413404
v 0.53856099 -0.09758651 0.02545892
v 0.53856099 -0.09758651 0.01883450
v 0.52796192 -0.11613488 0.01221008
v 0.53723610 -0.10288604 0.03075846
v 0.53061168 -0.10288604 0.01221008
v 0.53061168 -0.10288604 0.01088520
v 0.53326145 -0.10156116 0.01088520
v 0.54651029 -0.11083535 0.04665706
v 0.55578448 -0.11083535 0.05593125
v 0.55445959 -0.11613488 0.05858102
v 0.55313471 -0.10421093 0.04665706
v 0.55710936 -0.10421093 0.04533218
v 0.56108401 -0.10686070 0.04930683
v 0.55975913 -0.10686070 0.04533218
v 0.56108401 -0.11083535 0.04665706
v 0.55180983 -0.10156116 0.03870776
v 0.54518541 -0.09891139 0.02678381
v 0.55313471 -0.10288604 0.03605799
v 0.55180983 -0.10421093 0.03340822
v 0.53988587 -0.09891139 0.01883450
v 0.54916006 -0.12673395 0.03340822
v 0.55445959 -0.12540907 0.04003264
v 0.56240890 -0.12673395 0.05195660
v 0.55313471 -0.11878465 0.03605799
v 0.54916006 -0.12275930 0.03208334
v 0.56108401 -0.11348511 0.04665706
v 0.54386052 -0.11878465 0.02413404
v 0.56505867 -0.12673395 0.05725613
v 0.56505867 -0.11348511 0.05328148
v 0.56505867 -0.12275930 0.05460637
v 0.55578448 -0.11216023 0.03870776
v 0.52808284 -0.11750187 0.00994308
v 0.53326145 -0.12673395 0.01618473
v 0.53856099 -0.09891139 0.01750962
v 0.53988587 -0.09758651 0.02015939
v 0.53193657 -0.10553581 0.00956031
v 0.53723610 -0.10686070 0.01485985
v 0.55313471 -0.10686070 0.03473311
v 0.53723610 -0.10156116 0.01485985
v 0.53723610 -0.10023628 0.02810869
v 0.52796192 -0.11745977 0.01221008
f 343 344 345
f 346 347 348
f 346 348 349
f 350 351 345
f 350 345 344
f 350 344 347
f 350 347 351
f 352 351 347
f 353 344 343
f 354 343 345
f 355 356 357
f 358 359 360
f 361 346 349
f 361 347 346
f 361 352 347
f 362 359 363
f 364 355 357
f 365 366 367
f 368 348 369
f 368 369 370
f 371 372 363
f 371 368 370
f 371 370 365
f 371 365 367
f 371 367 372
f 373 374 369
f 373 369 348
f 375 348 347
f 375 347 344
f 375 353 374
f 375 344 353
f 375 373 348
f 375 374 373
f 376 353 377
f 376 374 353
f 378 343 379
f 378 353 343
f 378 377 353
f 380 379 343
f 381 382 366
f 381 376 377
f 381 366 376
f 383 379 384
f 383 384 364
f 383 364 385
f 383 385 382
f 383 378 379
f 383 377 378
f 383 381 377
f 383 382 381
f 386 387 388
f 386 388 361
f 389 386 390
f 389 387 386
f 389 356 391
f 389 391 354
f 389 388 387
f 392 357 356
f 392 389 390
f 392 356 389
f 392 362 357
f 392 360 359
f 392 359 362
f 392 386 360
f 392 390 386
f 393 388 345
f 393 345 351
f 393 351 352
f 393 361 388
f 393 352 361
f 394 354 391
f 394 343 354
f 394 380 343
f 394 391 380
f 395 354 345
f 395 345 388
f 395 389 354
f 395 388 389
f 396 391 356
f 396 356 355
f 396 380 391
f 397 358 349
f 397 359 358
f 397 363 359
f 397 371 363
f 397 368 371
f 398 361 349
f 398 349 358
f 398 386 361
f 398 358 360
f 398 360 386
f 399 372 367
f 400 382 385
f 400 399 367
f 400 385 399
f 400 367 366
f 400 366 382
f 401 362 363
f 401 363 372
f 401 372 362
f 402 362 372
f 402 357 362
f 402 364 357
f 403 364 384
f 403 355 364
f 403 384 379
f 403 379 380
f 403 396 355
f 403 380 396
f 404 385 364
f 404 399 385
f 404 372 399
f 404 402 372
f 404 364 402
f 405 365 370
f 405 370 369
f 405 366 365
f 405 376 366
f 405 369 374
f 405 374 376
f 406 349 348
f 406 348 368
f 406 397 349
f 406 368 397

o geometry_7
v 0.55327285 -0.12933326 0.10043826
v 0.53693933 -0.15464069 0.09372246
v 0.53326145 -0.12938372 0.09700265
v 0.52266238 -0.15190675 0.09302800
v 0.52917972 -0.12928469 0.09738747
v 0.55347211 -0.14681827 0.09872898
v 0.55376740 -0.14567821 0.09908031
v 0.55180983 -0.14660721 0.10230219
v 0.55313471 -0.14263256 0.10230219
v 0.53723610 -0.16118093 0.09965242
v 0.51900421 -0.13619775 0.09522614
v 0.51783575 -0.13761635 0.09500292
v 0.54121076 -0.12938372 0.10230219
v 0.53061168 -0.12938372 0.09965242
v 0.55180983 -0.12938372 0.10230219
v 0.55313471 -0.13468326 0.10230219
v 0.53812890 -0.16047863 0.09493000
v 0.51868773 -0.13600814 0.09700265
v 0.51471308 -0.14395744 0.09567777
v 0.54121076 -0.13335837 0.10362707
v 0.53591122 -0.13865791 0.10362707
v 0.53723610 -0.14925698 0.10362707
v 0.53193657 -0.15058186 0.10362707
v 0.52398727 -0.14660721 0.10097730
v 0.52796192 -0.15455651 0.10230219
v 0.54386052 -0.14130768 0.10362707
v 0.54386052 -0.15323163 0.10230219
v 0.53591122 -0.16118093 0.09435288
v 0.52266238 -0.15455651 0.09567777
v 0.52266238 -0.15455651 0.09965242
v 0.51471308 -0.14528233 0.09700265
v 0.52398727 -0.15588140 0.09832753
v 0.51736285 -0.13733302 0.09700265
v 0.51736285 -0.14528233 0.09832753
v 0.53856099 -0.13070861 0.10230219
v 0.53723610 -0.15853117 0.10097730
v 0.53193657 -0.14660721 0.10362707
v 0.53988587 -0.14793210 0.10362707
v 0.54386052 -0.13335837 0.10362707
v 0.53326145 -0.15058186 0.10362707
v 0.53591122 -0.16118093 0.09965242
v 0.52928680 -0.15720628 0.10097730
v 0.52398727 -0.15588140 0.09700265
v 0.51546383 -0.14574319 0.09569728
v 0.52663703 -0.15588140 0.10097730
v 0.51471308 -0.14395744 0.09700265
v 0.52001261 -0.13733302 0.09832753
v 0.52398727 -0.14793210 0.10097730
v 0.53591122 -0.13335837 0.10230219
v 0.54253564 -0.14395744 0.10362707
v 0.53723610 -0.15455651 0.10230219
v 0.52663703 -0.15720628 0.09700265
v 0.53326145 -0.15853117 0.10097730
v 0.52928680 -0.14263256 0.10230219
v 0.51868773 -0.13998279 0.09832753
v 0.52928680 -0.13600814 0.10097730
v 0.52663703 -0.15720628 0.09832753
v 0.52398727 -0.13733302 0.09965242
v 0.51736285 -0.14395744 0.09832753
v 0.52133750 -0.14263256 0.09965242
v 0.52928680 -0.13070861 0.09965242
f 407 408 409
f 410 409 408
f 411 407 409
f 412 407 413
f 412 408 407
f 412 413 414
f 415 414 413
f 416 412 414
f 417 410 418
f 417 409 410
f 417 411 409
f 419 411 420
f 419 421 407
f 419 407 411
f 422 407 421
f 422 415 413
f 422 413 407
f 423 408 412
f 423 412 416
f 424 420 411
f 424 411 417
f 425 418 410
f 426 421 419
f 426 427 428
f 429 428 427
f 429 430 431
f 432 414 415
f 432 426 428
f 432 415 422
f 433 416 414
f 434 410 408
f 434 408 423
f 434 423 416
f 435 410 434
f 436 431 437
f 436 435 438
f 436 437 435
f 439 424 417
f 439 417 418
f 439 418 425
f 440 437 431
f 441 426 419
f 441 419 420
f 442 429 431
f 442 416 433
f 443 429 427
f 443 430 429
f 444 432 428
f 444 433 414
f 444 428 433
f 445 432 422
f 445 422 421
f 445 421 426
f 445 426 432
f 446 433 428
f 446 428 429
f 446 429 442
f 447 434 416
f 447 448 438
f 447 416 442
f 449 435 434
f 449 438 435
f 450 425 410
f 450 410 435
f 450 435 437
f 450 437 425
f 451 448 431
f 451 431 436
f 451 436 438
f 451 438 448
f 452 439 425
f 452 425 437
f 452 437 440
f 453 424 439
f 454 440 431
f 454 431 430
f 454 430 440
f 455 427 426
f 455 426 441
f 456 444 414
f 456 414 432
f 456 432 444
f 457 446 442
f 457 442 433
f 457 433 446
f 458 434 447
f 458 449 434
f 458 438 449
f 459 431 448
f 459 448 447
f 459 447 442
f 459 442 431
f 460 443 427
f 460 430 443
f 461 460 453
f 461 453 439
f 461 439 452
f 462 427 455
f 463 458 447
f 463 447 438
f 463 438 458
f 464 460 427
f 464 453 460
f 464 427 462
f 465 440 430
f 465 461 452
f 465 452 440
f 466 430 460
f 466 460 461
f 466 465 430
f 466 461 465
f 467 462 455
f 467 464 462
f 467 453 464
f 467 420 424
f 467 424 453
f 467 455 441
f 467 441 420

o geometry_8
v 0.56442728 -0.12655722 0.05890162
v 0.55843425 -0.12673395 0.04665706
v 0.54342294 -0.12657536 0.02979211
v 0.56505867 -0.12673395 0.05725613
v 0.56505867 -0.12938372 0.05858102
v 0.54386052 -0.12673395 0.05328148
v 0.56505867 -0.12938372 0.05725613
v 0.56373378 -0.12673395 0.05460637
v 0.55710936 -0.14660721 0.05858102
v 0.54597290 -0.15887534 0.05910345
v 0.54518541 -0.13335837 0.05858102
v 0.55843425 -0.12805884 0.04665706
v 0.56240890 -0.13600814 0.05858102
v 0.54315676 -0.12780589 0.03001095
v 0.54386052 -0.13600814 0.05858102
v 0.54382541 -0.15979198 0.05861515
v 0.56240890 -0.12673395 0.05858102
v 0.56373378 -0.12805884 0.05460637
v 0.54651029 -0.12673395 0.03075846
v 0.55313471 -0.15323163 0.05858102
v 0.54651029 -0.15985605 0.05725613
v 0.55710936 -0.14660721 0.05725613
v 0.55975913 -0.13203349 0.05063172
v 0.54297013 -0.14080490 0.03674117
v 0.54302341 -0.15506344 0.04991951
v 0.54333712 -0.15890087 0.05644008
v 0.54386052 -0.13335837 0.05725613
v 0.54518541 -0.12805884 0.02943357
v 0.54297626 -0.14608597 0.04070542
v 0.54518541 -0.15588140 0.04930683
v 0.54518541 -0.14660721 0.04003264
v 0.54651029 -0.15853117 0.05460637
v 0.54916006 -0.15588140 0.05460637
v 0.55313471 -0.15323163 0.05725613
v 0.55313471 -0.14925698 0.05328148
v 0.55710936 -0.14528233 0.05593125
v 0.56240890 -0.13600814 0.05725613
v 0.54518541 -0.15853117 0.05328148
v 0.54518541 -0.12673395 0.02943357
v 0.54518541 -0.14130768 0.03605799
v 0.54651029 -0.12805884 0.03075846
v 0.55180983 -0.14528233 0.04798195
v 0.54651029 -0.15455651 0.04930683
v 0.54651029 -0.14925698 0.04400730
v 0.56240890 -0.13203349 0.05460637
v 0.54330714 -0.15752127 0.05381946
v 0.54518541 -0.15985605 0.05593125
v 0.54651029 -0.14263256 0.03870776
v 0.55578448 -0.14130768 0.05063172
v 0.55048494 -0.14263256 0.04400730
v 0.55843425 -0.14130768 0.05460637
v 0.55048494 -0.15058186 0.05063172
v 0.54916006 -0.14660721 0.04533218
v 0.55710936 -0.12938372 0.04533218
v 0.55578448 -0.13733302 0.04798195
v 0.56108401 -0.13733302 0.05593125
v 0.55180983 -0.13998279 0.04400730
v 0.55048494 -0.13865791 0.04135753
v 0.54783518 -0.13335837 0.03473311
v 0.55313471 -0.13468326 0.04268241
v 0.54651029 -0.13865791 0.03605799
v 0.54916006 -0.12938372 0.03473311
f 468 469 470
f 471 468 472
f 473 468 470
f 474 471 472
f 475 469 468
f 475 468 471
f 475 471 474
f 476 468 477
f 478 477 468
f 479 469 475
f 480 472 468
f 480 468 476
f 480 474 472
f 481 473 470
f 482 483 477
f 482 477 478
f 484 478 468
f 484 468 473
f 484 473 478
f 485 479 475
f 485 475 474
f 486 470 469
f 486 469 479
f 487 476 477
f 488 477 483
f 488 487 477
f 489 480 476
f 489 476 487
f 490 485 474
f 491 492 473
f 491 473 481
f 493 482 492
f 493 483 482
f 494 473 492
f 494 492 482
f 494 482 478
f 494 478 473
f 495 481 470
f 496 497 492
f 496 498 497
f 496 491 498
f 496 492 491
f 499 497 500
f 499 500 488
f 501 488 500
f 501 487 488
f 501 489 487
f 501 502 489
f 503 489 502
f 504 474 480
f 504 480 489
f 505 492 497
f 505 499 488
f 505 497 499
f 506 495 470
f 506 470 486
f 506 486 495
f 507 491 481
f 507 481 495
f 507 498 491
f 508 495 486
f 508 486 479
f 509 503 502
f 510 500 497
f 510 497 498
f 510 498 511
f 510 501 500
f 512 490 474
f 513 505 493
f 513 493 492
f 513 492 505
f 514 505 488
f 514 488 483
f 514 483 493
f 514 493 505
f 515 498 507
f 516 509 517
f 516 518 503
f 516 503 509
f 519 509 502
f 519 510 511
f 519 502 501
f 519 501 510
f 520 511 498
f 520 517 509
f 520 515 517
f 520 498 515
f 520 519 511
f 520 509 519
f 521 490 522
f 521 479 485
f 521 485 490
f 521 508 479
f 523 522 490
f 523 490 512
f 523 516 522
f 523 518 516
f 523 503 518
f 523 504 489
f 523 489 503
f 523 512 474
f 523 474 504
f 524 516 517
f 524 522 516
f 524 507 525
f 524 515 507
f 524 517 515
f 526 507 495
f 526 495 508
f 527 521 522
f 527 526 521
f 527 525 526
f 527 524 525
f 527 522 524
f 528 526 525
f 528 525 507
f 528 507 526
f 529 526 508
f 529 508 521
f 529 521 526

o geometry_9
v 0.52001106 -0.09491249 0.02270619
v 0.52066997 -0.10123471 0.02380809
v 0.52028394 -0.09710373 0.01306732
v 0.47371130 -0.09451918 0.02032721
v 0.51868773 -0.09493674 0.01618473
v 0.52010357 -0.10169931 0.02408894
v 0.51868773 -0.10023628 0.02413404
v 0.51998007 -0.09508283 0.01798249
v 0.47496656 -0.09493674 0.00956031
v 0.47364168 -0.09493674 0.00956031
v 0.47397302 -0.10630450 0.02168318
v 0.48159098 -0.11216023 0.02148427
v 0.49881447 -0.09493674 0.02280915
v 0.48689052 -0.11348511 0.02148427
v 0.50009543 -0.11265918 0.02175629
v 0.47894121 -0.09891139 0.00823543
v 0.47364168 -0.10686070 0.01750962
v 0.50013936 -0.11348511 0.01883450
v 0.48159098 -0.11216023 0.02015939
v 0.52001261 -0.10421093 0.01221008
v 0.47364168 -0.10421093 0.00956031
v 0.51736285 -0.09891139 0.01088520
v 0.47629145 -0.10951046 0.02148427
v 0.49086517 -0.11348511 0.01750962
v 0.51603796 -0.10951046 0.02148427
v 0.47894121 -0.10686070 0.00823543
v 0.48821540 -0.10951046 0.00823543
v 0.48026610 -0.09891139 0.00823543
v 0.47761633 -0.10951046 0.01750962
v 0.48689052 -0.11348511 0.02015939
v 0.48159098 -0.10951046 0.01221008
v 0.51471308 -0.10686070 0.01088520
v 0.51603796 -0.10686070 0.01221008
v 0.50543889 -0.10951046 0.00956031
v 0.50278912 -0.10288604 0.00823543
v 0.51603796 -0.10951046 0.02015939
v 0.52001261 -0.10686070 0.02148427
v 0.47629145 -0.10951046 0.02015939
v 0.47629145 -0.10686070 0.01221008
v 0.49086517 -0.11083535 0.00956031
v 0.49219005 -0.11083535 0.00956031
v 0.48026610 -0.10818558 0.00956031
v 0.51736285 -0.10421093 0.01088520
v 0.49881447 -0.10951046 0.00823543
v 0.50146424 -0.11083535 0.01088520
v 0.50411401 -0.11083535 0.01221008
v 0.52001261 -0.10686070 0.02015939
v 0.48689052 -0.11216023 0.01618473
v 0.48291586 -0.10818558 0.00823543
v 0.48026610 -0.11083535 0.01750962
v 0.51073843 -0.10553581 0.00956031
v 0.49351494 -0.11348511 0.01750962
v 0.50676378 -0.11083535 0.01485985
v 0.51073843 -0.10156116 0.00956031
v 0.50278912 -0.10553581 0.00823543
v 0.50808866 -0.10818558 0.00956031
v 0.49351494 -0.11216023 0.01353497
f 530 531 532
f 533 530 534
f 535 530 536
f 535 531 530
f 537 534 530
f 537 530 532
f 537 532 534
f 538 534 532
f 538 533 534
f 538 539 533
f 540 535 536
f 540 541 535
f 542 536 530
f 542 530 533
f 542 540 536
f 542 533 540
f 543 535 541
f 543 544 535
f 545 539 538
f 546 540 533
f 546 533 539
f 547 544 543
f 548 543 541
f 549 532 531
f 550 539 545
f 550 546 539
f 551 538 532
f 551 532 549
f 552 541 540
f 552 540 546
f 552 548 541
f 553 547 543
f 554 535 544
f 554 544 547
f 555 550 545
f 555 545 556
f 557 545 538
f 557 538 551
f 557 556 545
f 558 546 550
f 559 553 543
f 559 543 548
f 559 548 560
f 561 549 562
f 561 562 563
f 564 557 551
f 564 556 557
f 565 562 549
f 565 563 562
f 565 554 547
f 566 531 535
f 566 535 554
f 566 554 565
f 567 552 546
f 567 546 558
f 567 558 548
f 567 548 552
f 568 558 550
f 569 556 570
f 571 569 560
f 571 556 569
f 571 558 568
f 571 568 550
f 571 550 555
f 572 551 549
f 572 549 561
f 573 556 564
f 573 570 556
f 574 573 563
f 574 570 573
f 575 563 565
f 575 574 563
f 575 547 574
f 576 549 531
f 576 531 566
f 576 566 565
f 576 565 549
f 577 559 560
f 577 560 569
f 577 569 553
f 577 553 559
f 578 571 555
f 578 555 556
f 578 556 571
f 579 548 558
f 579 558 571
f 579 571 560
f 579 560 548
f 580 551 572
f 580 572 561
f 581 574 547
f 581 547 553
f 582 575 565
f 582 565 547
f 582 547 575
f 583 580 564
f 583 564 551
f 583 551 580
f 584 580 573
f 584 573 564
f 584 564 580
f 585 580 561
f 585 561 563
f 585 563 573
f 585 573 580
f 586 570 574
f 586 574 581
f 586 581 553
f 586 569 570
f 586 553 569

o geometry_10
v 0.50278912 -0.13865791 0.07580451
v 0.50278912 -0.13998279 0.07580451
v 0.49881447 -0.13998279 0.07580451
v 0.52928680 -0.13600814 0.08772846
v 0.52958985 -0.13632029 0.08944712
v 0.52944983 -0.15035408 0.09397952
v 0.52928680 -0.14793210 0.09170312
v 0.52928680 -0.14528233 0.09435288
v 0.52928680 -0.13865791 0.09170312
v 0.51993889 -0.13596397 0.09578297
v 0.51603796 -0.13600814 0.09567777
v 0.52133750 -0.14528233 0.09965242
v 0.52928680 -0.14130768 0.08905335
v 0.52301244 -0.14539734 0.09863667
v 0.52796192 -0.14925698 0.09567777
v 0.52323473 -0.15160170 0.09856656
v 0.52266238 -0.15455651 0.09832753
v 0.52266238 -0.15455651 0.09567777
v 0.52133750 -0.15455651 0.09832753
v 0.52133750 -0.15190675 0.09965242
v 0.52928680 -0.13733302 0.08772846
v 0.52924093 -0.15064595 0.09408519
v 0.50278912 -0.14395744 0.07845428
v 0.50146424 -0.14130768 0.07580451
v 0.52133750 -0.13600814 0.08507870
v 0.51736285 -0.13600814 0.08507870
v 0.51303815 -0.13579842 0.09087776
v 0.50013936 -0.13865791 0.07845428
v 0.50093280 -0.13884711 0.07618661
v 0.51471308 -0.14528233 0.09700265
v 0.49748959 -0.14263256 0.07977916
v 0.50543889 -0.14793210 0.08772846
v 0.52133750 -0.15455651 0.09567777
v 0.49881447 -0.14528233 0.07977916
v 0.50146424 -0.14528233 0.07977916
v 0.51868773 -0.15190675 0.09832753
v 0.51338819 -0.15058186 0.09567777
v 0.49881447 -0.14130768 0.07580451
v 0.51338819 -0.13600814 0.09302800
v 0.49881447 -0.13998279 0.07845428
v 0.49881447 -0.14528233 0.08110404
v 0.51206331 -0.15058186 0.09302800
v 0.51736285 -0.14528233 0.09832753
v 0.50013936 -0.14263256 0.08242893
v 0.51471308 -0.14925698 0.09700265
v 0.49748959 -0.14395744 0.07845428
v 0.51736285 -0.14660721 0.09832753
v 0.49748959 -0.14263256 0.07845428
f 587 588 589
f 587 590 588
f 591 592 593
f 591 594 592
f 591 595 594
f 596 597 598
f 596 598 595
f 596 595 591
f 596 591 590
f 599 593 588
f 599 591 593
f 600 594 595
f 600 595 598
f 601 592 594
f 601 602 603
f 601 594 600
f 601 600 598
f 601 598 602
f 604 603 605
f 606 603 602
f 606 602 598
f 606 605 603
f 607 599 588
f 607 588 590
f 607 590 591
f 607 591 599
f 608 609 593
f 608 593 592
f 608 604 609
f 608 603 604
f 608 601 603
f 608 592 601
f 610 588 593
f 610 593 609
f 610 589 588
f 611 590 587
f 611 587 612
f 613 597 596
f 613 611 612
f 613 596 590
f 613 590 611
f 613 612 587
f 613 587 614
f 615 614 587
f 615 587 589
f 615 589 614
f 616 617 618
f 619 604 605
f 619 605 620
f 619 620 604
f 621 604 620
f 621 620 609
f 621 609 604
f 622 623 605
f 622 605 606
f 624 589 610
f 624 610 609
f 625 613 614
f 625 597 613
f 626 614 589
f 626 589 617
f 626 625 614
f 626 617 625
f 627 620 605
f 627 605 618
f 627 618 617
f 628 618 605
f 628 605 623
f 628 623 618
f 629 598 597
f 629 597 616
f 629 606 598
f 630 616 597
f 630 617 616
f 630 625 617
f 630 597 625
f 631 623 622
f 631 616 618
f 631 618 623
f 631 629 616
f 631 622 606
f 632 589 624
f 632 627 617
f 632 620 627
f 632 624 609
f 632 609 620
f 633 631 606
f 633 606 629
f 633 629 631
f 634 632 617
f 634 617 589
f 634 589 632

o geometry_11
v 0.54464370 -0.10257214 0.08899758
v 0.54481339 -0.10322601 0.08808317
v 0.54515297 -0.12935677 0.09017526
v 0.54518541 -0.12540907 0.10230219
v 0.54651029 -0.10156116 0.08905335
v 0.57300797 -0.12805884 0.08772846
v 0.57300797 -0.11878465 0.09037823
v 0.57300797 -0.12805884 0.09037823
v 0.54783518 -0.10288604 0.08772846
v 0.57168308 -0.11745977 0.08772846
v 0.54518541 -0.11481000 0.08772846
v 0.55180983 -0.12938372 0.08772846
v 0.57168308 -0.12938372 0.09170312
v 0.56638355 -0.12010953 0.09832753
v 0.56373378 -0.12540907 0.09965242
v 0.56638355 -0.12540907 0.09832753
v 0.57300797 -0.12143442 0.09170312
v 0.54916006 -0.12408418 0.10230219
v 0.55048494 -0.12673395 0.10230219
v 0.54534072 -0.12956219 0.10170190
v 0.55310610 -0.13733524 0.10079925
v 0.55048494 -0.12938372 0.10230219
v 0.55975913 -0.13733302 0.10097730
v 0.55843425 -0.13733302 0.09700265
v 0.57168308 -0.11745977 0.09170312
v 0.57035820 -0.11613488 0.09170312
v 0.56770843 -0.11481000 0.09567777
v 0.57035820 -0.11613488 0.09037823
v 0.57217456 -0.11957469 0.08766120
v 0.54651029 -0.10156116 0.09037823
v 0.55578448 -0.10686070 0.09435288
v 0.54518541 -0.11481000 0.09832753
v 0.54518541 -0.10421093 0.09302800
v 0.55445959 -0.11481000 0.09965242
v 0.55180983 -0.11878465 0.10097730
v 0.56373378 -0.11745977 0.09832753
v 0.55710936 -0.11216023 0.09832753
v 0.55710936 -0.10951046 0.09700265
v 0.56505867 -0.11481000 0.09700265
v 0.56016804 -0.13753902 0.09746882
v 0.56373378 -0.12938372 0.09965242
v 0.55975913 -0.13070861 0.10097730
v 0.55578448 -0.12275930 0.10097730
v 0.56770843 -0.11745977 0.09700265
v 0.57300797 -0.12540907 0.09170312
v 0.55048494 -0.11878465 0.10097730
v 0.57114196 -0.12916596 0.08763701
v 0.56638355 -0.11348511 0.09302800
v 0.55578448 -0.10686070 0.09302800
v 0.55710936 -0.10818558 0.09567777
v 0.55975913 -0.10951046 0.09567777
v 0.55975913 -0.11083535 0.09700265
v 0.54518541 -0.10156116 0.09037823
v 0.54916006 -0.10421093 0.09302800
v 0.54518541 -0.12143442 0.10097730
v 0.55048494 -0.10951046 0.09700265
v 0.56240890 -0.12275930 0.09965242
v 0.57168308 -0.12010953 0.09302800
v 0.54783518 -0.12408418 0.10230219
v 0.56638355 -0.11348511 0.09435288
v 0.54651029 -0.10818558 0.09567777
v 0.55180983 -0.11481000 0.09965242
v 0.55048494 -0.11216023 0.09832753
f 635 636 637
f 635 637 638
f 635 639 636
f 640 641 642
f 643 639 644
f 643 636 639
f 645 646 637
f 645 637 636
f 645 636 643
f 647 640 642
f 648 649 650
f 651 642 641
f 652 638 653
f 654 638 637
f 654 637 655
f 656 655 657
f 656 657 653
f 656 654 655
f 656 653 638
f 656 638 654
f 658 655 637
f 658 637 646
f 659 660 661
f 659 641 660
f 659 651 641
f 662 644 639
f 662 660 641
f 662 641 644
f 663 644 641
f 663 641 640
f 663 643 644
f 664 665 639
f 666 667 635
f 668 669 670
f 668 670 671
f 668 671 672
f 673 671 670
f 674 647 657
f 674 640 647
f 674 657 655
f 674 655 658
f 675 649 657
f 675 650 649
f 676 653 657
f 676 657 649
f 676 652 653
f 677 669 652
f 677 676 649
f 677 652 676
f 677 648 670
f 677 670 669
f 678 648 650
f 678 661 673
f 678 673 670
f 678 670 648
f 678 659 661
f 679 647 642
f 679 642 651
f 679 657 647
f 679 675 657
f 679 650 675
f 679 678 650
f 679 651 678
f 680 652 669
f 680 669 668
f 681 658 646
f 681 674 658
f 681 640 674
f 681 663 640
f 681 646 645
f 681 645 643
f 681 643 663
f 682 660 662
f 683 662 639
f 683 639 665
f 683 682 662
f 683 665 682
f 684 685 665
f 686 661 685
f 686 673 661
f 686 672 671
f 686 671 673
f 686 684 672
f 686 685 684
f 687 664 639
f 687 639 635
f 687 635 667
f 687 667 664
f 688 664 667
f 688 667 672
f 688 672 684
f 688 684 665
f 688 665 664
f 689 666 635
f 689 635 638
f 689 680 666
f 689 638 680
f 690 668 672
f 690 672 667
f 691 677 649
f 691 649 648
f 691 648 677
f 692 678 651
f 692 651 659
f 692 659 678
f 693 680 638
f 693 638 652
f 693 652 680
f 694 682 665
f 694 665 685
f 694 685 661
f 694 661 660
f 694 660 682
f 695 690 667
f 695 667 666
f 696 680 668
f 696 668 690
f 697 695 666
f 697 666 680
f 697 680 696
f 697 696 690
f 697 690 695

o geometry_12
v 0.52398727 -0.10951046 0.02015939
v 0.52663703 -0.10951046 0.02015939
v 0.51379120 -0.11768447 0.01691374
v 0.54045538 -0.10898739 0.03547243
v 0.52398727 -0.10951046 0.02280915
v 0.51338819 -0.11745977 0.01883450
v 0.53988587 -0.10951046 0.03870776
v 0.54166749 -0.11771245 0.04225293
v 0.54200214 -0.11657271 0.04193825
v 0.53988587 -0.11613488 0.04268241
v 0.53988587 -0.11348511 0.04135753
v 0.54205918 -0.11008394 0.03788722
v 0.52398727 -0.11083535 0.02413404
v 0.52181040 -0.14267829 0.03026559
v 0.53061168 -0.14263256 0.03738288
v 0.52871216 -0.14280302 0.03806808
v 0.52987213 -0.14246452 0.03933833
v 0.53372748 -0.13350668 0.04094901
v 0.53988587 -0.11745977 0.04268241
v 0.53193657 -0.13203349 0.04135753
v 0.54121076 -0.11745977 0.03870776
v 0.51338819 -0.13998279 0.02148427
v 0.51736285 -0.11878465 0.01750962
v 0.51736285 -0.13998279 0.02280915
v 0.51338819 -0.13998279 0.02413404
v 0.51736285 -0.11745977 0.01750962
v 0.52663703 -0.11083535 0.02015939
v 0.53193657 -0.12805884 0.04003264
v 0.51338819 -0.13733302 0.02413404
v 0.54210264 -0.11397854 0.04051886
v 0.52531215 -0.14130768 0.03075846
v 0.53723610 -0.11216023 0.03075846
v 0.52133750 -0.14263256 0.03208334
v 0.54121076 -0.11083535 0.03473311
v 0.53193657 -0.13335837 0.04135753
v 0.51603796 -0.13865791 0.02148427
v 0.54121076 -0.11613488 0.03738288
v 0.52663703 -0.14130768 0.03208334
v 0.52796192 -0.13733302 0.03870776
f 698 699 700
f 698 701 699
f 698 702 701
f 703 698 700
f 703 702 698
f 704 701 702
f 705 706 707
f 708 707 706
f 708 704 703
f 708 703 707
f 709 701 704
f 710 704 702
f 710 702 703
f 710 703 704
f 711 712 713
f 714 713 712
f 714 705 715
f 714 712 705
f 716 705 707
f 716 715 705
f 716 707 717
f 718 705 712
f 718 706 705
f 719 700 720
f 719 721 711
f 719 722 703
f 719 703 700
f 723 720 700
f 723 700 699
f 723 699 720
f 724 720 699
f 725 717 707
f 725 707 703
f 725 703 717
f 726 717 703
f 726 703 722
f 727 708 706
f 727 709 704
f 727 704 708
f 728 711 721
f 728 712 711
f 728 724 729
f 728 721 724
f 730 711 713
f 730 719 711
f 730 722 719
f 730 713 714
f 731 699 701
f 731 701 709
f 731 724 699
f 731 729 724
f 732 714 715
f 732 716 717
f 732 715 716
f 733 719 720
f 733 721 719
f 733 724 721
f 733 720 724
f 734 709 727
f 734 731 709
f 734 718 712
f 734 712 731
f 734 727 706
f 734 706 718
f 735 728 729
f 735 712 728
f 735 731 712
f 735 729 731
f 736 717 726
f 736 726 722
f 736 722 730
f 736 732 717
f 736 730 714
f 736 714 732

o geometry_13
v 0.46834214 -0.06181464 0.03208334
v 0.46383767 -0.05888217 0.04007871
v 0.46701726 -0.09493674 0.03208334
v 0.46833294 -0.09507713 0.01261127
v 0.46834214 -0.08831232 0.01221008
v 0.46835305 -0.05951388 0.02670604
v 0.46833628 -0.05897639 0.03140528
v 0.46507859 -0.09525718 0.03460165
v 0.45993493 -0.07637938 0.04000881
v 0.45641819 -0.06578929 0.04003264
v 0.45641819 -0.06578929 0.02148427
v 0.45641819 -0.08698744 0.03473311
v 0.46304261 -0.09361186 0.01221008
v 0.46569237 -0.08698744 0.01221008
v 0.45641819 -0.07771325 0.01883450
v 0.46722516 -0.09551988 0.02521969
v 0.45906796 -0.09493674 0.03473311
v 0.46436749 -0.05916487 0.02148427
v 0.46329062 -0.05991515 0.04012628
v 0.45774307 -0.06048976 0.03870776
v 0.45643308 -0.07638876 0.04003352
v 0.46039284 -0.08698744 0.01353497
v 0.46039284 -0.08963720 0.01353497
v 0.46304261 -0.09493674 0.01485985
v 0.45641819 -0.07241371 0.01883450
v 0.45774307 -0.06578929 0.02015939
v 0.45906796 -0.07771325 0.01618473
v 0.45774307 -0.09228697 0.03473311
v 0.45774307 -0.09228697 0.03340822
v 0.45641819 -0.08698744 0.03340822
v 0.46701726 -0.08698744 0.01221008
v 0.46171772 -0.05916487 0.02148427
v 0.45906796 -0.05916487 0.02280915
v 0.45979371 -0.05955346 0.03996765
v 0.45774307 -0.06048976 0.02280915
v 0.46304261 -0.09096209 0.01221008
v 0.46304261 -0.08301279 0.01353497
v 0.45906796 -0.09493674 0.03208334
v 0.45774307 -0.08036302 0.01618473
v 0.45641819 -0.06843906 0.02015939
v 0.45906796 -0.09096209 0.02280915
v 0.45906796 -0.08698744 0.01485985
v 0.45774307 -0.08831232 0.02545892
v 0.46304261 -0.06181464 0.02015939
v 0.45902284 -0.06210282 0.04003575
v 0.46171772 -0.07903813 0.01485985
v 0.46171772 -0.09493674 0.02015939
v 0.45906796 -0.08301279 0.01485985
v 0.45774307 -0.08168790 0.01618473
v 0.45641819 -0.07903813 0.02015939
v 0.46171772 -0.06181464 0.02015939
v 0.46039284 -0.07108883 0.01750962
v 0.46039284 -0.09361186 0.02280915
v 0.45774307 -0.08433767 0.01883450
f 737 738 739
f 737 739 740
f 741 737 740
f 741 742 737
f 743 737 742
f 743 738 737
f 744 739 738
f 744 738 745
f 746 747 748
f 749 741 740
f 749 750 741
f 751 748 747
f 752 744 753
f 752 740 739
f 752 739 744
f 754 742 741
f 754 743 742
f 755 745 738
f 756 747 746
f 757 755 746
f 757 745 755
f 757 744 745
f 757 753 744
f 757 746 748
f 758 749 759
f 760 749 740
f 760 759 749
f 760 740 752
f 761 751 747
f 761 762 763
f 764 765 753
f 764 748 765
f 764 757 748
f 764 753 757
f 766 765 748
f 766 748 751
f 767 754 741
f 767 741 750
f 768 743 754
f 768 769 738
f 768 738 743
f 770 755 738
f 770 756 746
f 770 738 769
f 770 769 756
f 771 756 769
f 771 747 756
f 771 768 762
f 771 769 768
f 772 750 749
f 772 749 758
f 773 772 758
f 773 750 772
f 774 753 765
f 774 752 753
f 775 761 763
f 775 758 759
f 775 751 761
f 776 761 747
f 776 762 761
f 776 771 762
f 776 747 771
f 777 778 759
f 777 765 778
f 777 774 765
f 777 759 774
f 779 778 765
f 779 765 766
f 780 767 750
f 780 754 767
f 780 768 754
f 781 770 746
f 781 746 755
f 781 755 770
f 782 773 758
f 783 759 760
f 783 760 752
f 783 752 774
f 784 775 763
f 784 758 775
f 784 782 758
f 784 763 782
f 785 751 775
f 785 775 759
f 785 759 778
f 786 779 766
f 786 766 751
f 786 785 778
f 786 751 785
f 787 780 750
f 787 750 773
f 787 773 782
f 787 762 768
f 787 768 780
f 788 782 763
f 788 763 762
f 788 787 782
f 788 762 787
f 789 783 774
f 789 774 759
f 789 759 783
f 790 786 778
f 790 778 779
f 790 779 786

o geometry_14
v 0.50676378 -0.03399208 0.03870776
v 0.50016317 -0.02889186 0.03865940
v 0.51197323 -0.02932491 0.03854923
v 0.51206331 -0.03531697 0.04268241
v 0.50941354 -0.03531697 0.04268241
v 0.51206331 -0.04989069 0.12350033
v 0.51206331 -0.04724092 0.11820079
v 0.51073843 -0.04856580 0.12350033
v 0.49748959 -0.04856580 0.12350033
v 0.50411401 -0.04724092 0.12217544
v 0.50941354 -0.05386534 0.12217544
v 0.51206331 -0.05386534 0.12217544
v 0.51220557 -0.03299501 0.03895969
v 0.49188003 -0.03981433 0.06406927
v 0.51206331 -0.05386534 0.11687591
v 0.50146424 -0.02736766 0.03870776
v 0.50808866 -0.02736766 0.03870776
v 0.50543889 -0.02736766 0.04135753
v 0.49219005 -0.03531697 0.06785521
v 0.51206331 -0.02869255 0.04268241
v 0.51073843 -0.04724092 0.11952568
v 0.49745113 -0.05079155 0.12224861
v 0.49739774 -0.05182391 0.12147819
v 0.50676378 -0.05386534 0.12085056
v 0.49748959 -0.05254046 0.11422614
v 0.51073843 -0.05386534 0.11687591
v 0.49218001 -0.04059051 0.06786132
v 0.49227709 -0.03596135 0.06372368
v 0.50010233 -0.03235893 0.03878270
v 0.50146424 -0.02736766 0.04003264
v 0.50808866 -0.02736766 0.04003264
v 0.50411401 -0.04459115 0.11157637
v 0.51206331 -0.04194138 0.09700265
v 0.49748959 -0.04724092 0.12085056
v 0.50676378 -0.05386534 0.11820079
v 0.50411401 -0.02736766 0.04135753
v 0.50013936 -0.03001743 0.05063172
v 0.50146424 -0.04326627 0.10627684
v 0.50013936 -0.04459115 0.11157637
v 0.51073843 -0.02869255 0.04400730
v 0.49748959 -0.04591604 0.11555103
v 0.50013936 -0.04724092 0.12217544
v 0.50278912 -0.03001743 0.05195660
v 0.50278912 -0.04326627 0.10627684
v 0.49616470 -0.03531697 0.07050497
f 791 792 793
f 791 794 795
f 796 797 798
f 796 798 799
f 800 799 798
f 801 796 799
f 801 802 796
f 803 796 802
f 803 797 796
f 803 791 793
f 803 794 791
f 804 791 795
f 805 802 801
f 805 803 802
f 805 794 803
f 805 795 794
f 806 807 793
f 806 793 792
f 806 808 807
f 806 792 809
f 810 793 807
f 810 803 793
f 811 800 798
f 811 798 797
f 812 801 799
f 812 799 813
f 812 813 801
f 814 801 813
f 814 813 815
f 814 805 801
f 816 804 795
f 816 815 804
f 816 795 805
f 816 805 814
f 817 804 815
f 817 815 813
f 817 813 799
f 817 799 809
f 817 809 804
f 818 804 809
f 818 809 792
f 818 792 804
f 819 804 792
f 819 792 791
f 819 791 804
f 820 806 809
f 820 808 806
f 821 810 807
f 821 807 808
f 821 808 811
f 822 811 808
f 822 800 811
f 823 811 797
f 823 797 803
f 823 803 810
f 824 809 799
f 825 816 814
f 825 814 815
f 825 815 816
f 826 808 820
f 827 820 809
f 827 826 820
f 828 826 829
f 828 808 826
f 830 821 811
f 830 811 823
f 830 823 810
f 830 810 821
f 831 809 824
f 832 824 799
f 832 799 800
f 832 831 824
f 832 829 831
f 832 828 829
f 832 800 828
f 833 827 829
f 833 829 826
f 833 826 827
f 834 822 808
f 834 808 828
f 834 828 800
f 834 800 822
f 835 827 809
f 835 809 831
f 835 831 829
f 835 829 827

o geometry_15
v 0.53591122 -0.05519022 0.10097730
v 0.53723610 -0.05651511 0.09700265
v 0.52663703 -0.04591604 0.09302800
v 0.51471308 -0.05121557 0.12350033
v 0.51206331 -0.05386534 0.12217544
v 0.53591122 -0.06843906 0.12085056
v 0.53856099 -0.06843906 0.12085056
v 0.54253564 -0.07108883 0.11952568
v 0.53591122 -0.07108883 0.10892661
v 0.53326145 -0.06446441 0.09832753
v 0.54075922 -0.06476271 0.09693308
v 0.51206331 -0.04856580 0.09435288
v 0.51193780 -0.04972036 0.12185793
v 0.51200931 -0.04240560 0.09158933
v 0.54253564 -0.06976395 0.11952568
v 0.54253564 -0.06711418 0.11025149
v 0.53988587 -0.06048976 0.09700265
v 0.52849911 -0.04954576 0.09146132
v 0.54239123 -0.07113284 0.10891695
v 0.53856099 -0.06446441 0.12085056
v 0.53723610 -0.06181464 0.12085056
v 0.53061168 -0.05651511 0.12217544
v 0.52928680 -0.06048976 0.12217544
v 0.53591122 -0.07108883 0.11952568
v 0.51206331 -0.05386534 0.11555103
v 0.51471308 -0.04989069 0.12350033
v 0.52663703 -0.04591604 0.09170312
v 0.52001261 -0.05121557 0.09170312
v 0.51206331 -0.04194138 0.09567777
v 0.51206331 -0.04724092 0.11820079
v 0.51603796 -0.04194138 0.09435288
v 0.51206331 -0.04989069 0.12350033
v 0.51471308 -0.04856580 0.12217544
v 0.54253564 -0.06843906 0.11555103
v 0.53856099 -0.05916487 0.10230219
v 0.54121076 -0.06313953 0.10230219
v 0.54253564 -0.06711418 0.10892661
v 0.53458634 -0.05916487 0.12085056
v 0.52928680 -0.05519022 0.12217544
v 0.53193657 -0.05651511 0.11952568
v 0.52531215 -0.05254046 0.12217544
v 0.53723610 -0.05916487 0.11025149
v 0.53988587 -0.06048976 0.09965242
v 0.53061168 -0.06048976 0.12217544
v 0.51338819 -0.05519022 0.11952568
v 0.51338819 -0.04724092 0.11820079
v 0.51868773 -0.04989069 0.12217544
v 0.52133750 -0.04724092 0.10760172
v 0.51554439 -0.04305249 0.09142085
v 0.52001261 -0.04326627 0.09302800
v 0.51218008 -0.04618858 0.09196358
v 0.52928680 -0.05254046 0.09170312
v 0.53539635 -0.06391136 0.09713703
v 0.54121076 -0.06711418 0.11820079
v 0.53193657 -0.05519022 0.11422614
v 0.53061168 -0.05121557 0.10230219
v 0.52928680 -0.04856580 0.09567777
v 0.53591122 -0.05916487 0.11687591
v 0.52663703 -0.05254046 0.11952568
v 0.53723610 -0.05651511 0.09832753
v 0.51338819 -0.05519022 0.12085056
v 0.51471308 -0.04194138 0.09567777
v 0.52531215 -0.04856580 0.10627684
v 0.51868773 -0.04326627 0.09567777
f 836 837 838
f 839 840 841
f 842 841 843
f 844 845 846
f 844 847 845
f 848 849 847
f 850 843 851
f 850 842 843
f 852 846 853
f 854 844 846
f 855 856 857
f 855 857 842
f 855 850 856
f 855 842 850
f 858 839 841
f 858 841 842
f 859 843 841
f 859 841 840
f 859 854 843
f 859 844 854
f 860 847 844
f 860 848 847
f 860 840 848
f 861 839 857
f 862 838 837
f 862 852 853
f 862 837 852
f 863 845 847
f 864 848 865
f 864 849 848
f 864 866 849
f 867 868 865
f 867 865 848
f 867 861 868
f 867 848 840
f 867 840 839
f 867 839 861
f 869 850 851
f 869 870 856
f 869 851 870
f 871 846 852
f 872 851 843
f 872 843 854
f 872 854 846
f 872 871 851
f 872 846 871
f 873 857 856
f 874 873 875
f 874 857 873
f 874 861 857
f 874 876 861
f 877 870 836
f 877 856 870
f 878 852 837
f 878 836 870
f 878 871 852
f 878 870 851
f 878 851 871
f 879 858 842
f 879 842 857
f 879 857 839
f 879 839 858
f 880 844 859
f 880 860 844
f 880 840 860
f 881 865 868
f 881 864 865
f 882 861 876
f 882 868 861
f 882 876 883
f 882 883 866
f 882 866 868
f 884 862 853
f 884 849 866
f 884 863 849
f 884 853 863
f 885 838 862
f 885 884 866
f 885 862 884
f 886 863 847
f 886 847 849
f 886 849 863
f 887 863 853
f 887 853 846
f 887 846 863
f 888 863 846
f 888 846 845
f 888 845 863
f 889 869 856
f 889 856 850
f 889 850 869
f 890 891 875
f 890 875 836
f 890 836 891
f 892 891 836
f 892 836 838
f 892 838 891
f 893 873 856
f 893 836 875
f 893 875 873
f 893 877 836
f 893 856 877
f 894 876 874
f 894 874 875
f 894 891 838
f 894 875 891
f 895 878 837
f 895 837 836
f 895 836 878
f 896 880 859
f 896 859 840
f 896 840 880
f 897 866 864
f 897 864 881
f 897 881 868
f 897 868 866
f 898 883 876
f 898 894 838
f 898 876 894
f 899 866 883
f 899 885 866
f 899 838 885
f 899 898 838
f 899 883 898

o geometry_16
v 0.54456539 -0.14158686 0.05944543
v 0.54444027 -0.16210896 0.06779118
v 0.54403594 -0.14140673 0.03857317
v 0.54022479 -0.13350070 0.04903485
v 0.53856099 -0.13335837 0.04400730
v 0.54448787 -0.15338708 0.06761087
v 0.54437198 -0.15600813 0.06898089
v 0.54420207 -0.16103578 0.06911826
v 0.52869710 -0.15276806 0.03821621
v 0.53591122 -0.15588140 0.03870776
v 0.52928680 -0.15588140 0.03870776
v 0.52796192 -0.15323163 0.04003264
v 0.53248524 -0.13311106 0.03938807
v 0.53125270 -0.13356261 0.03814594
v 0.54253564 -0.14130768 0.05990590
v 0.54253564 -0.16250582 0.06785521
v 0.54253564 -0.16118093 0.06918009
v 0.54253564 -0.15588140 0.06918009
v 0.54386052 -0.14660721 0.03870776
v 0.54386052 -0.15720628 0.04930683
v 0.53018532 -0.13629409 0.03792013
v 0.52928680 -0.13600814 0.04003264
v 0.53061168 -0.13335837 0.04003264
v 0.53458634 -0.13335837 0.04533218
v 0.53905664 -0.13301015 0.04732252
v 0.53856099 -0.13335837 0.04930683
v 0.52796192 -0.14263256 0.04003264
v 0.52928680 -0.15588140 0.04003264
v 0.54253564 -0.16250582 0.06255567
v 0.54253564 -0.15323163 0.06785521
v 0.54253564 -0.15190675 0.04135753
v 0.54121076 -0.15058186 0.03870776
v 0.53856099 -0.13468326 0.05063172
v 0.52871216 -0.14280302 0.03806808
v 0.53458634 -0.15720628 0.04135753
v 0.54386052 -0.16118093 0.05725613
v 0.54386052 -0.16250582 0.06255567
v 0.53988587 -0.15588140 0.04268241
v 0.53723610 -0.13468326 0.04930683
v 0.53591122 -0.15720628 0.04135753
v 0.54253564 -0.15323163 0.04268241
f 900 901 902
f 900 902 903
f 904 903 902
f 905 906 901
f 905 901 900
f 907 901 906
f 908 909 910
f 908 910 911
f 912 904 902
f 912 902 913
f 914 900 903
f 914 905 900
f 915 916 911
f 915 907 916
f 915 901 907
f 917 907 906
f 917 916 907
f 917 911 916
f 918 902 901
f 918 901 919
f 918 908 902
f 920 913 902
f 920 902 908
f 920 921 913
f 922 912 913
f 922 921 923
f 922 913 921
f 924 903 904
f 924 904 912
f 924 922 923
f 924 912 922
f 925 914 903
f 925 924 923
f 925 903 924
f 926 917 921
f 926 911 917
f 927 915 911
f 927 911 910
f 927 910 915
f 928 915 910
f 929 917 906
f 929 906 905
f 929 905 914
f 929 923 921
f 929 921 917
f 930 918 919
f 931 909 908
f 931 908 918
f 931 930 909
f 931 918 930
f 932 914 925
f 933 908 911
f 933 911 926
f 933 920 908
f 933 926 921
f 933 921 920
f 934 928 910
f 934 910 909
f 935 919 901
f 936 901 915
f 936 915 928
f 936 935 901
f 936 928 934
f 937 909 930
f 937 935 909
f 937 919 935
f 938 914 932
f 938 929 914
f 938 923 929
f 938 932 925
f 938 925 923
f 939 934 909
f 939 909 935
f 939 936 934
f 939 935 936
f 940 937 930
f 940 930 919
f 940 919 937

o geometry_17
v 0.54253564 -0.05916487 0.07712939
v 0.53988587 -0.04591604 0.03870776
v 0.53723610 -0.04326627 0.04533218
v 0.53591122 -0.05386534 0.09567777
v 0.54253564 -0.06313953 0.09302800
v 0.53063175 -0.04446417 0.03545252
v 0.53061665 -0.04319796 0.03570331
v 0.53660068 -0.04366051 0.03596020
v 0.53937548 -0.05894889 0.03610669
v 0.52266238 -0.04061650 0.04665706
v 0.54323684 -0.05932752 0.03602309
v 0.54253564 -0.05121557 0.03605799
v 0.54386052 -0.05651511 0.04268241
v 0.53723610 -0.06446441 0.06785521
v 0.52236293 -0.03466620 0.04648581
v 0.53988587 -0.04591604 0.03605799
v 0.52796192 -0.03531697 0.04665706
v 0.52398727 -0.03399208 0.04930683
v 0.54121076 -0.06181464 0.09567777
v 0.54075922 -0.06476271 0.09693308
v 0.54253564 -0.05121557 0.04135753
v 0.54386052 -0.06313953 0.07447962
v 0.53988587 -0.06048976 0.09700265
v 0.53539635 -0.06391136 0.09713703
v 0.53723610 -0.05651511 0.09700265
v 0.52478498 -0.05294024 0.09724039
v 0.52415365 -0.05234750 0.09705224
v 0.52398727 -0.05386534 0.09302800
v 0.52217405 -0.04577823 0.09140863
v 0.52398727 -0.04459115 0.09170312
v 0.53193657 -0.05121557 0.09700265
v 0.53458634 -0.06446441 0.09037823
v 0.52266238 -0.04194138 0.05063172
v 0.54259173 -0.05684598 0.03598699
v 0.53591122 -0.04326627 0.05195660
v 0.52663703 -0.03531697 0.05063172
v 0.54253564 -0.05519022 0.05990590
v 0.54253564 -0.05254046 0.04798195
v 0.54153486 -0.06499052 0.09290896
v 0.54297415 -0.06473304 0.06780284
v 0.52266238 -0.05121557 0.08772846
v 0.52266238 -0.03399208 0.04930683
v 0.52913111 -0.05140927 0.09695486
v 0.52796192 -0.03531697 0.04798195
v 0.54121076 -0.04989069 0.04665706
v 0.54261684 -0.06484133 0.07440615
v 0.52302671 -0.05031894 0.09192783
v 0.53458634 -0.04459115 0.06255567
v 0.52928680 -0.04724092 0.09037823
v 0.52663703 -0.04459115 0.08772846
v 0.52663703 -0.04591604 0.09170312
f 941 942 943
f 941 944 945
f 941 943 944
f 946 947 948
f 946 949 950
f 951 952 953
f 951 949 946
f 951 954 949
f 955 946 950
f 955 947 946
f 955 948 947
f 956 942 952
f 956 946 948
f 956 952 946
f 956 943 942
f 957 956 948
f 957 943 956
f 957 955 958
f 957 948 955
f 959 945 944
f 959 960 945
f 961 952 942
f 961 953 952
f 962 941 945
f 962 951 953
f 963 964 960
f 963 960 959
f 963 959 944
f 963 944 965
f 966 963 965
f 966 964 963
f 966 967 968
f 966 968 964
f 969 967 970
f 971 965 944
f 971 966 965
f 971 967 966
f 972 964 968
f 972 968 954
f 972 960 964
f 973 950 949
f 973 949 954
f 973 969 955
f 973 955 950
f 974 951 946
f 974 946 952
f 974 952 951
f 975 944 943
f 976 958 970
f 977 941 962
f 978 962 953
f 978 953 961
f 978 977 962
f 978 961 942
f 979 962 945
f 979 945 960
f 979 972 954
f 979 960 972
f 980 954 951
f 980 951 962
f 981 968 967
f 981 969 973
f 981 973 954
f 981 954 968
f 982 969 970
f 982 970 958
f 982 958 955
f 982 955 969
f 983 971 970
f 983 970 967
f 983 967 971
f 984 957 958
f 984 958 976
f 984 975 943
f 984 943 957
f 985 942 941
f 985 941 977
f 985 978 942
f 985 977 978
f 986 979 954
f 986 954 980
f 986 980 962
f 986 962 979
f 987 981 967
f 987 967 969
f 987 969 981
f 988 984 944
f 988 944 975
f 988 975 984
f 989 971 944
f 989 944 984
f 990 984 976
f 990 976 970
f 990 989 984
f 990 971 989
f 991 990 970
f 991 970 971
f 991 971 990

o geometry_18
v 0.53282709 -0.15508331 0.03916387
v 0.53370522 -0.15406227 0.03821598
v 0.52987213 -0.14246452 0.03933833
v 0.52663703 -0.15323163 0.03870776
v 0.50013936 -0.14528233 0.01485985
v 0.51338819 -0.13998279 0.02148427
v 0.50013936 -0.14528233 0.01221008
v 0.50146424 -0.14528233 0.01221008
v 0.52267768 -0.14397067 0.01749201
v 0.50146424 -0.14793210 0.01221008
v 0.53440785 -0.14647617 0.03091823
v 0.53458634 -0.14793210 0.02943357
v 0.52266238 -0.14793210 0.01750962
v 0.52663703 -0.14263256 0.03870776
v 0.50013936 -0.14793210 0.01221008
v 0.51736285 -0.15190675 0.01750962
v 0.52266238 -0.13998279 0.02810869
v 0.52398727 -0.13998279 0.02943357
v 0.53092813 -0.14419562 0.02517249
v 0.52001261 -0.15058186 0.01750962
v 0.53061168 -0.14925698 0.02545892
v 0.51338819 -0.13998279 0.02413404
v 0.52001261 -0.13998279 0.03075846
v 0.50013936 -0.14793210 0.01485985
v 0.52345149 -0.13986937 0.03133121
v 0.53061168 -0.14263256 0.03738288
v 0.53390108 -0.14610414 0.03004697
v 0.53326145 -0.15190675 0.03075846
v 0.53326145 -0.15455651 0.03473311
v 0.53061168 -0.15323163 0.02943357
v 0.53326145 -0.15588140 0.03738288
v 0.53326145 -0.14925698 0.02810869
v 0.52796192 -0.15190675 0.02545892
v 0.51422756 -0.13990489 0.02270478
v 0.52133750 -0.15190675 0.02015939
v 0.52663703 -0.15455651 0.02810869
v 0.52928680 -0.15588140 0.03870776
v 0.52928680 -0.15323163 0.02810869
v 0.51206331 -0.15190675 0.01750962
v 0.51603796 -0.15323163 0.02015939
v 0.51736285 -0.15323163 0.02015939
v 0.52663703 -0.15455651 0.03738288
v 0.51603796 -0.15323163 0.02413404
v 0.52928680 -0.15588140 0.03605799
v 0.52001261 -0.15323163 0.02148427
v 0.51736285 -0.15323163 0.02678381
v 0.53193657 -0.15588140 0.03605799
f 992 993 994
f 992 994 995
f 996 997 998
f 999 997 1000
f 999 998 997
f 999 1001 998
f 999 1000 1001
f 1002 994 993
f 1002 993 1003
f 1004 1001 1000
f 1005 996 995
f 1005 995 994
f 1006 996 998
f 1006 998 1001
f 1006 1001 1007
f 1008 1009 1000
f 1008 1000 997
f 1010 1000 1009
f 1010 1004 1000
f 1011 1007 1001
f 1011 1001 1004
f 1012 1004 1010
f 1013 997 996
f 1014 1005 994
f 1014 1013 996
f 1014 996 1005
f 1015 995 996
f 1015 996 1006
f 1016 1009 1008
f 1016 1013 1014
f 1016 1014 994
f 1017 1010 1009
f 1017 994 1002
f 1017 1016 994
f 1017 1009 1016
f 1018 1002 1003
f 1018 1003 1010
f 1018 1017 1002
f 1018 1010 1017
f 1019 1020 1021
f 1019 1003 1020
f 1019 1021 1012
f 1022 1020 1003
f 1022 1003 993
f 1022 993 992
f 1023 1012 1010
f 1023 1010 1003
f 1023 1019 1012
f 1023 1003 1019
f 1024 1012 1021
f 1024 1011 1004
f 1024 1004 1012
f 1025 1016 1008
f 1025 1008 997
f 1025 997 1013
f 1025 1013 1016
f 1026 1027 1007
f 1026 1007 1011
f 1026 1011 1024
f 1028 1022 992
f 1028 992 995
f 1029 1026 1024
f 1029 1024 1021
f 1029 1021 1027
f 1029 1027 1026
f 1030 1006 1007
f 1030 1007 1031
f 1030 1015 1006
f 1032 1031 1007
f 1032 1027 1031
f 1033 1028 995
f 1033 995 1015
f 1033 1015 1028
f 1034 1031 1028
f 1034 1030 1031
f 1034 1015 1030
f 1035 1028 1031
f 1035 1031 1027
f 1035 1022 1028
f 1036 1032 1007
f 1036 1007 1027
f 1036 1027 1032
f 1037 1034 1028
f 1037 1028 1015
f 1037 1015 1034
f 1038 1035 1027
f 1038 1022 1035
f 1038 1020 1022
f 1038 1027 1021
f 1038 1021 1020

o geometry_19
v 0.54253564 -0.12540907 0.04533218
v 0.55104317 -0.12690229 0.03962815
v 0.54314694 -0.12110134 0.04593995
v 0.54402512 -0.12679361 0.03062359
v 0.54386052 -0.13335837 0.03075846
v 0.54343518 -0.12705999 0.03002142
v 0.55069634 -0.12547282 0.03855458
v 0.55129041 -0.12565197 0.03944900
v 0.54385757 -0.11878295 0.04533482
v 0.54386052 -0.11878465 0.04268241
v 0.54090115 -0.12525683 0.04559373
v 0.54442553 -0.13361662 0.03425738
v 0.54199453 -0.13372071 0.03142491
v 0.54076404 -0.11853751 0.04177759
v 0.53316322 -0.12669507 0.03747094
v 0.54141468 -0.13345265 0.03058715
v 0.54253564 -0.11878465 0.04135753
v 0.54121076 -0.11878465 0.04533218
v 0.53323630 -0.12937382 0.03873032
v 0.54253564 -0.13335837 0.03473311
v 0.53262986 -0.12913495 0.03794957
v 0.54205190 -0.13101093 0.03006837
f 1039 1040 1041
f 1042 1043 1044
f 1042 1045 1043
f 1046 1047 1041
f 1046 1041 1040
f 1046 1045 1048
f 1046 1048 1047
f 1046 1043 1045
f 1046 1040 1043
f 1049 1039 1041
f 1050 1040 1039
f 1050 1043 1040
f 1050 1051 1043
f 1052 1044 1053
f 1052 1047 1048
f 1054 1043 1051
f 1055 1048 1045
f 1055 1045 1042
f 1055 1052 1048
f 1055 1042 1044
f 1055 1044 1052
f 1056 1057 1049
f 1056 1049 1041
f 1056 1052 1053
f 1056 1041 1047
f 1056 1047 1052
f 1058 1050 1039
f 1058 1039 1049
f 1058 1049 1057
f 1058 1057 1051
f 1058 1051 1050
f 1059 1054 1051
f 1059 1051 1057
f 1059 1053 1054
f 1059 1056 1053
f 1059 1057 1056
f 1060 1054 1053
f 1060 1053 1044
f 1060 1044 1043
f 1060 1043 1054

o geometry_20
v 0.55520886 -0.15510468 0.09059225
v 0.55383674 -0.14969927 0.05954600
v 0.54957051 -0.14617171 0.08080232
v 0.54931632 -0.14602260 0.07469083
v 0.54332279 -0.14644093 0.06024117
v 0.54329172 -0.15452966 0.08835469
v 0.55368245 -0.15497501 0.09372279
v 0.55459237 -0.15465796 0.09319642
v 0.55445959 -0.15853117 0.09170312
v 0.55313471 -0.15985605 0.09302800
v 0.54414062 -0.16218172 0.09377690
v 0.54374804 -0.16315862 0.09258456
v 0.54783518 -0.16383070 0.09302800
v 0.54351813 -0.16017928 0.05901558
v 0.55340382 -0.14942931 0.05840079
v 0.54386052 -0.14660721 0.06653032
v 0.55523747 -0.15788589 0.08265875
v 0.55445959 -0.16118093 0.08507870
v 0.55445959 -0.16118093 0.08110404
v 0.55180983 -0.16118093 0.09302800
v 0.54428373 -0.15930348 0.05816960
v 0.54518541 -0.16118093 0.05858102
v 0.54518541 -0.14660721 0.05990590
v 0.54386052 -0.16515558 0.08905335
v 0.55445959 -0.15985605 0.08905335
v 0.54916006 -0.16515558 0.08507870
v 0.54518541 -0.16515558 0.07712939
v 0.55313471 -0.15588140 0.06123079
v 0.55313471 -0.15985605 0.06785521
v 0.55180983 -0.15588140 0.05858102
v 0.54916006 -0.14660721 0.06918009
v 0.55180983 -0.14925698 0.05858102
v 0.54518541 -0.16515558 0.09037823
v 0.54386052 -0.16250582 0.06255567
v 0.54386052 -0.16383070 0.06785521
v 0.54386052 -0.16515558 0.08242893
v 0.55180983 -0.16383070 0.08110404
v 0.54916006 -0.16383070 0.09170312
v 0.55313471 -0.15323163 0.05858102
v 0.54783518 -0.15985605 0.05858102
v 0.54916006 -0.16515558 0.07712939
v 0.54651029 -0.16250582 0.06255567
v 0.55180983 -0.16383070 0.08375381
v 0.55048494 -0.16383070 0.07315474
v 0.54916006 -0.16383070 0.06918009
v 0.54651029 -0.16515558 0.09037823
v 0.55180983 -0.15985605 0.06520544
v 0.54651029 -0.16515558 0.07580451
v 0.54783518 -0.16118093 0.06123079
v 0.54783518 -0.16383070 0.06785521
v 0.55048494 -0.16250582 0.06785521
v 0.54783518 -0.16515558 0.07580451
f 1061 1062 1063
f 1064 1063 1062
f 1064 1065 1063
f 1066 1067 1063
f 1068 1069 1061
f 1068 1061 1063
f 1068 1063 1067
f 1070 1068 1067
f 1070 1069 1068
f 1071 1072 1073
f 1071 1066 1072
f 1071 1067 1066
f 1074 1066 1065
f 1074 1072 1066
f 1075 1064 1062
f 1076 1066 1063
f 1076 1063 1065
f 1076 1065 1066
f 1077 1062 1061
f 1077 1078 1079
f 1080 1070 1067
f 1080 1067 1071
f 1080 1071 1073
f 1080 1078 1070
f 1081 1074 1065
f 1081 1082 1074
f 1083 1065 1064
f 1083 1081 1065
f 1084 1072 1074
f 1085 1061 1069
f 1085 1069 1070
f 1085 1070 1078
f 1085 1077 1061
f 1085 1078 1077
f 1086 1084 1087
f 1088 1077 1079
f 1088 1079 1089
f 1088 1062 1077
f 1090 1081 1075
f 1090 1088 1089
f 1091 1083 1064
f 1091 1064 1075
f 1091 1075 1083
f 1092 1083 1075
f 1092 1075 1081
f 1092 1081 1083
f 1093 1073 1072
f 1093 1072 1084
f 1093 1084 1086
f 1094 1095 1074
f 1094 1074 1082
f 1096 1084 1074
f 1096 1074 1095
f 1096 1095 1087
f 1096 1087 1084
f 1097 1079 1078
f 1098 1080 1073
f 1099 1075 1062
f 1099 1062 1088
f 1099 1090 1075
f 1099 1088 1090
f 1100 1082 1081
f 1100 1081 1090
f 1101 1086 1087
f 1101 1097 1086
f 1102 1094 1082
f 1102 1082 1100
f 1102 1095 1094
f 1103 1097 1078
f 1103 1086 1097
f 1103 1098 1086
f 1103 1078 1080
f 1103 1080 1098
f 1104 1089 1079
f 1104 1079 1097
f 1104 1101 1105
f 1104 1097 1101
f 1106 1093 1086
f 1106 1086 1098
f 1106 1098 1073
f 1106 1073 1093
f 1107 1100 1090
f 1107 1090 1089
f 1108 1101 1087
f 1108 1087 1095
f 1109 1102 1100
f 1109 1105 1102
f 1110 1102 1105
f 1110 1095 1102
f 1110 1108 1095
f 1110 1105 1101
f 1111 1104 1105
f 1111 1089 1104
f 1111 1107 1089
f 1111 1105 1109
f 1111 1109 1100
f 1111 1100 1107
f 1112 1110 1101
f 1112 1101 1108
f 1112 1108 1110

o geometry_21
v 0.51338819 -0.12143442 0.07712939
v 0.50676378 -0.13203349 0.10097730
v 0.51347804 -0.12832474 0.08101733
v 0.50676378 -0.13865791 0.10097730
v 0.51357676 -0.11662763 0.05709738
v 0.51338819 -0.12275930 0.05725613
v 0.49887654 -0.12073074 0.05705402
v 0.49881447 -0.13600814 0.10097730
v 0.50543889 -0.12540907 0.08375381
v 0.49881447 -0.12540907 0.07712939
v 0.49881447 -0.13203349 0.09700265
v 0.49881447 -0.12010953 0.05990590
v 0.51338819 -0.12938372 0.07845428
v 0.51073843 -0.11613488 0.05725613
v 0.51206331 -0.11613488 0.05990590
v 0.51383806 -0.11731046 0.05952716
v 0.50411401 -0.12673395 0.05990590
v 0.50411401 -0.13865791 0.09567777
v 0.49881447 -0.12673395 0.05990590
v 0.50543889 -0.12540907 0.05725613
v 0.49869465 -0.13743897 0.09608653
v 0.49876708 -0.12451808 0.05754957
v 0.49881447 -0.13335837 0.09965242
v 0.51206331 -0.12143442 0.07712939
v 0.50543889 -0.13203349 0.10097730
v 0.50013936 -0.12010953 0.06123079
v 0.50676378 -0.13865791 0.09832753
v 0.51073843 -0.11613488 0.05858102
v 0.51338819 -0.12408418 0.06123079
v 0.50676378 -0.13468326 0.08375381
v 0.50013936 -0.13865791 0.10097730
v 0.50013936 -0.13468326 0.10097730
v 0.51206331 -0.13070861 0.07977916
v 0.49882057 -0.13801176 0.09912280
v 0.49881447 -0.13733302 0.10097730
f 1113 1114 1115
f 1116 1115 1114
f 1117 1118 1119
f 1120 1116 1114
f 1121 1122 1123
f 1121 1124 1122
f 1125 1115 1116
f 1126 1117 1119
f 1126 1127 1117
f 1126 1119 1124
f 1128 1117 1127
f 1128 1127 1113
f 1128 1113 1115
f 1128 1118 1117
f 1128 1115 1125
f 1129 1130 1131
f 1132 1119 1118
f 1132 1129 1131
f 1133 1122 1124
f 1133 1131 1130
f 1133 1123 1122
f 1134 1124 1119
f 1134 1133 1124
f 1134 1131 1133
f 1134 1132 1131
f 1134 1119 1132
f 1135 1133 1120
f 1135 1123 1133
f 1136 1113 1127
f 1136 1127 1121
f 1136 1114 1113
f 1137 1121 1123
f 1137 1136 1121
f 1137 1114 1136
f 1137 1123 1135
f 1137 1120 1114
f 1138 1121 1127
f 1138 1124 1121
f 1139 1125 1116
f 1139 1116 1130
f 1140 1126 1124
f 1140 1127 1126
f 1140 1138 1127
f 1140 1124 1138
f 1141 1128 1125
f 1141 1118 1128
f 1142 1132 1118
f 1142 1129 1132
f 1142 1118 1141
f 1142 1130 1129
f 1142 1139 1130
f 1143 1133 1130
f 1143 1130 1116
f 1143 1116 1120
f 1144 1137 1135
f 1144 1135 1120
f 1144 1120 1137
f 1145 1142 1141
f 1145 1141 1125
f 1145 1125 1139
f 1145 1139 1142
f 1146 1133 1143
f 1147 1146 1143
f 1147 1143 1120
f 1147 1120 1133
f 1147 1133 1146

o geometry_22
v 0.46039284 -0.09361186 0.07050497
v 0.45852945 -0.07891714 0.07580768
v 0.46039284 -0.09493674 0.07050497
v 0.46569237 -0.09361186 0.03738288
v 0.46464813 -0.09548191 0.03715922
v 0.46015492 -0.07102630 0.04798493
v 0.46009315 -0.07102149 0.04003441
v 0.46171772 -0.08036302 0.03473311
v 0.45821173 -0.09516713 0.07568146
v 0.45427917 -0.09482507 0.07587183
v 0.45376842 -0.09493674 0.06653032
v 0.45376842 -0.07771325 0.06785521
v 0.45905169 -0.07638471 0.06785530
v 0.46020987 -0.07638478 0.03472359
v 0.45674387 -0.07639689 0.03475229
v 0.46507859 -0.09525718 0.03460165
v 0.45499151 -0.07936225 0.07578617
v 0.45509330 -0.07108883 0.04798195
v 0.45774307 -0.09493674 0.03870776
v 0.45774307 -0.09361186 0.03605799
v 0.46455396 -0.09420619 0.03448928
v 0.45562335 -0.07652883 0.06784726
v 0.45376842 -0.08168790 0.05858102
v 0.45509330 -0.07108883 0.04135753
v 0.45509330 -0.07638837 0.03870776
v 0.45906796 -0.09493674 0.03473311
v 0.45774307 -0.09228697 0.03473311
v 0.45641819 -0.08698744 0.03473311
v 0.45376842 -0.09096209 0.05990590
v 0.45663284 -0.07114571 0.04002943
v 0.45376842 -0.07771325 0.06123079
v 0.45509330 -0.08301279 0.03870776
v 0.45641819 -0.09096209 0.04003264
v 0.45376842 -0.07903813 0.05990590
v 0.45376842 -0.08566255 0.05858102
v 0.45641819 -0.08831232 0.03605799
v 0.45509330 -0.08831232 0.04533218
v 0.45509330 -0.09228697 0.05195660
v 0.45509330 -0.08566255 0.04135753
f 1148 1149 1150
f 1148 1150 1151
f 1148 1151 1149
f 1152 1151 1150
f 1153 1151 1154
f 1155 1154 1151
f 1156 1150 1149
f 1156 1149 1157
f 1156 1152 1150
f 1156 1157 1158
f 1156 1158 1152
f 1159 1158 1157
f 1160 1149 1151
f 1160 1151 1153
f 1161 1162 1154
f 1161 1154 1155
f 1163 1155 1151
f 1163 1151 1152
f 1164 1159 1157
f 1164 1157 1149
f 1165 1153 1154
f 1165 1160 1153
f 1166 1152 1158
f 1166 1158 1167
f 1168 1161 1155
f 1168 1155 1163
f 1168 1162 1161
f 1169 1164 1149
f 1169 1149 1160
f 1169 1160 1165
f 1169 1165 1159
f 1169 1159 1164
f 1170 1158 1159
f 1171 1165 1154
f 1171 1162 1172
f 1171 1172 1170
f 1171 1159 1165
f 1173 1163 1152
f 1173 1152 1166
f 1173 1166 1167
f 1173 1167 1174
f 1173 1168 1163
f 1173 1174 1168
f 1175 1172 1162
f 1175 1168 1174
f 1175 1162 1168
f 1175 1174 1167
f 1176 1158 1170
f 1177 1171 1154
f 1177 1154 1162
f 1177 1162 1171
f 1178 1170 1159
f 1178 1159 1171
f 1179 1170 1172
f 1179 1172 1175
f 1180 1167 1158
f 1181 1178 1171
f 1181 1171 1170
f 1181 1170 1178
f 1182 1179 1176
f 1182 1176 1170
f 1182 1170 1179
f 1183 1175 1167
f 1183 1167 1180
f 1184 1158 1176
f 1184 1183 1180
f 1185 1184 1180
f 1185 1180 1158
f 1185 1158 1184
f 1186 1184 1176
f 1186 1176 1179
f 1186 1183 1184
f 1186 1179 1175
f 1186 1175 1183

o geometry_23
v 0.52001106 -0.09491249 0.02270619
v 0.53371035 -0.09420733 0.02702630
v 0.52133750 -0.09493674 0.01221008
v 0.53418981 -0.09470719 0.03083843
v 0.54190628 -0.10219183 0.03136742
v 0.53591122 -0.09626162 0.01618473
v 0.54121076 -0.10553581 0.03605799
v 0.53058336 -0.10153442 0.03871676
v 0.54189790 -0.10865005 0.03671831
v 0.52796192 -0.10156116 0.03870776
v 0.52738034 -0.10498685 0.03889251
v 0.53988587 -0.10951046 0.03738288
v 0.51993517 -0.10806643 0.03079750
v 0.54121076 -0.10818558 0.03208334
v 0.53061168 -0.09493674 0.01485985
v 0.53723610 -0.09758651 0.01618473
v 0.51998007 -0.09508283 0.01798249
v 0.51938182 -0.10721512 0.02710180
v 0.52398727 -0.10951046 0.02015939
v 0.52879890 -0.09571991 0.03050026
v 0.52001261 -0.10156116 0.03075846
v 0.54151938 -0.10972418 0.03708081
v 0.53061168 -0.10421093 0.03870776
v 0.53591122 -0.10156116 0.01353497
v 0.53591122 -0.10023628 0.01353497
v 0.52266238 -0.09493674 0.01221008
v 0.53326145 -0.09626162 0.01353497
v 0.53326145 -0.09758651 0.01221008
v 0.53458634 -0.09891139 0.01221008
v 0.53326145 -0.10156116 0.01088520
v 0.52028394 -0.09710373 0.01306732
v 0.51958135 -0.10249150 0.01308187
v 0.51941051 -0.10328460 0.01516338
v 0.52133750 -0.10288604 0.01221008
v 0.53326145 -0.10951046 0.02545892
v 0.54121076 -0.10951046 0.03340822
v 0.52493944 -0.10995338 0.02126770
v 0.52928680 -0.10553581 0.03870776
v 0.54121076 -0.10553581 0.03075846
v 0.53193657 -0.10023628 0.01088520
v 0.52663703 -0.10951046 0.02015939
v 0.53326145 -0.10023628 0.01088520
f 1187 1188 1189
f 1190 1188 1187
f 1191 1188 1190
f 1192 1188 1191
f 1193 1190 1194
f 1193 1194 1195
f 1193 1191 1190
f 1193 1195 1191
f 1196 1194 1190
f 1196 1197 1194
f 1198 1197 1199
f 1200 1191 1195
f 1201 1188 1192
f 1202 1192 1191
f 1203 1187 1189
f 1204 1205 1199
f 1206 1196 1190
f 1206 1190 1187
f 1206 1187 1196
f 1207 1196 1187
f 1207 1199 1197
f 1207 1197 1196
f 1207 1204 1199
f 1207 1187 1204
f 1208 1195 1194
f 1208 1194 1198
f 1209 1198 1194
f 1209 1194 1197
f 1210 1202 1191
f 1210 1211 1202
f 1212 1189 1188
f 1212 1188 1201
f 1213 1201 1192
f 1213 1192 1214
f 1213 1212 1201
f 1213 1214 1212
f 1215 1202 1211
f 1215 1214 1192
f 1215 1192 1202
f 1215 1210 1216
f 1215 1211 1210
f 1217 1203 1189
f 1217 1189 1218
f 1217 1218 1203
f 1219 1203 1218
f 1219 1218 1205
f 1219 1205 1204
f 1219 1204 1187
f 1219 1187 1203
f 1220 1205 1218
f 1220 1218 1189
f 1221 1216 1210
f 1222 1200 1195
f 1222 1195 1208
f 1222 1221 1210
f 1222 1210 1200
f 1223 1208 1198
f 1223 1198 1199
f 1223 1199 1205
f 1223 1222 1208
f 1223 1221 1222
f 1224 1209 1197
f 1224 1197 1198
f 1224 1198 1209
f 1225 1210 1191
f 1225 1191 1200
f 1225 1200 1210
f 1226 1189 1212
f 1226 1220 1189
f 1226 1216 1220
f 1227 1220 1216
f 1227 1205 1220
f 1227 1223 1205
f 1227 1216 1221
f 1227 1221 1223
f 1228 1226 1212
f 1228 1212 1214
f 1228 1214 1215
f 1228 1215 1216
f 1228 1216 1226

o geometry_24
v 0.54651029 -0.09758651 0.11422614
v 0.54651029 -0.09758651 0.11025149
v 0.54651029 -0.09493674 0.10627684
v 0.54571223 -0.09484170 0.11370762
v 0.54121076 -0.09493674 0.11422614
v 0.54651029 -0.09626162 0.10627684
v 0.54518541 -0.09626162 0.09170312
v 0.54341141 -0.10210370 0.08800925
v 0.54343232 -0.09482364 0.08777182
v 0.53718622 -0.10153497 0.08773716
v 0.53061168 -0.11878465 0.09965242
v 0.53949579 -0.09516423 0.08764562
v 0.54386052 -0.10818558 0.11025149
v 0.53591122 -0.11878465 0.09965242
v 0.53723610 -0.11878465 0.10362707
v 0.53129449 -0.11907384 0.10651264
v 0.53061168 -0.11613488 0.10760172
v 0.53326145 -0.11878465 0.10892661
v 0.53061168 -0.11348511 0.10097730
v 0.54253564 -0.10023628 0.11422614
v 0.53723610 -0.11878465 0.10892661
v 0.54518541 -0.09493674 0.09170312
v 0.53856099 -0.09493674 0.09567777
v 0.53061168 -0.11348511 0.09965242
v 0.54121076 -0.11216023 0.10627684
v 0.53723610 -0.11745977 0.09965242
v 0.54121076 -0.09758651 0.11422614
v 0.53988587 -0.09493674 0.11025149
v 0.53988587 -0.11481000 0.11025149
v 0.53723610 -0.09758651 0.08772846
v 0.53988587 -0.09626162 0.11290126
v 0.53061168 -0.11481000 0.10495195
v 0.53988587 -0.11481000 0.10760172
v 0.54386052 -0.10818558 0.11157637
v 0.53856099 -0.11083535 0.11157637
v 0.53723610 -0.09758651 0.08905335
v 0.54386052 -0.10553581 0.11290126
v 0.54518541 -0.10023628 0.11422614
v 0.54121076 -0.11083535 0.11157637
f 1229 1230 1231
f 1232 1233 1229
f 1232 1229 1231
f 1234 1235 1231
f 1234 1231 1230
f 1234 1236 1235
f 1237 1235 1236
f 1237 1232 1231
f 1238 1236 1239
f 1238 1237 1236
f 1238 1240 1237
f 1241 1230 1229
f 1241 1234 1230
f 1241 1236 1234
f 1242 1239 1236
f 1242 1243 1244
f 1242 1244 1239
f 1245 1244 1246
f 1245 1247 1239
f 1245 1239 1244
f 1248 1229 1233
f 1249 1246 1244
f 1249 1244 1243
f 1250 1237 1231
f 1250 1231 1235
f 1250 1235 1237
f 1251 1237 1240
f 1252 1238 1239
f 1252 1239 1247
f 1253 1241 1243
f 1253 1243 1236
f 1253 1236 1241
f 1254 1242 1236
f 1254 1236 1243
f 1254 1243 1242
f 1255 1245 1246
f 1255 1233 1245
f 1255 1248 1233
f 1255 1246 1248
f 1256 1251 1247
f 1256 1233 1232
f 1256 1232 1237
f 1256 1237 1251
f 1257 1249 1243
f 1257 1246 1249
f 1258 1240 1238
f 1258 1238 1252
f 1258 1251 1240
f 1258 1252 1247
f 1259 1245 1233
f 1259 1233 1256
f 1260 1256 1247
f 1260 1247 1245
f 1260 1259 1256
f 1260 1245 1259
f 1261 1257 1243
f 1261 1243 1241
f 1261 1241 1257
f 1262 1257 1241
f 1262 1241 1229
f 1263 1248 1246
f 1263 1246 1257
f 1264 1258 1247
f 1264 1247 1251
f 1264 1251 1258
f 1265 1262 1229
f 1265 1257 1262
f 1265 1248 1263
f 1266 1265 1229
f 1266 1229 1248
f 1266 1248 1265
f 1267 1265 1263
f 1267 1263 1257
f 1267 1257 1265

o geometry_25
v 0.51348096 -0.14008228 0.08493166
v 0.51403912 -0.11247231 0.07857077
v 0.51383302 -0.13054612 0.10060280
v 0.50676378 -0.12805884 0.07712939
v 0.51311922 -0.12726279 0.07738898
v 0.50692622 -0.14015699 0.08084658
v 0.51376778 -0.13130595 0.10124485
v 0.51073843 -0.13070861 0.10230219
v 0.51338819 -0.13600814 0.10230219
v 0.51116951 -0.12388580 0.07676646
v 0.50676378 -0.12408418 0.07712939
v 0.51073843 -0.13998279 0.08110404
v 0.51350891 -0.12307475 0.07702776
v 0.51206331 -0.11216023 0.07845428
v 0.51206331 -0.11216023 0.08110404
v 0.51384717 -0.11257714 0.08036877
v 0.51206331 -0.12938372 0.10097730
v 0.50543889 -0.12938372 0.09170312
v 0.50543889 -0.12938372 0.09302800
v 0.50676378 -0.12275930 0.08242893
v 0.50549474 -0.13085455 0.09165610
v 0.50671685 -0.13672656 0.10013847
v 0.50808866 -0.13600814 0.10230219
v 0.51073843 -0.13733302 0.10097730
v 0.50737663 -0.14064002 0.08145759
v 0.51073843 -0.11481000 0.08242893
v 0.50676378 -0.13070861 0.09965242
v 0.50808866 -0.13070861 0.10097730
v 0.50676378 -0.13203349 0.10097730
v 0.50676378 -0.12275930 0.07977916
v 0.50808866 -0.13335837 0.10230219
f 1268 1269 1270
f 1271 1272 1273
f 1274 1275 1276
f 1274 1268 1270
f 1274 1276 1268
f 1277 1271 1278
f 1277 1272 1271
f 1279 1272 1268
f 1279 1273 1272
f 1280 1269 1268
f 1280 1268 1272
f 1280 1272 1277
f 1281 1282 1269
f 1281 1277 1278
f 1281 1280 1277
f 1281 1269 1280
f 1283 1270 1269
f 1283 1269 1282
f 1284 1282 1275
f 1284 1283 1282
f 1284 1270 1283
f 1284 1274 1270
f 1284 1275 1274
f 1285 1278 1271
f 1285 1286 1287
f 1288 1289 1286
f 1288 1273 1289
f 1288 1286 1285
f 1288 1285 1271
f 1288 1271 1273
f 1290 1276 1275
f 1291 1268 1276
f 1291 1290 1289
f 1291 1276 1290
f 1292 1279 1268
f 1292 1273 1279
f 1292 1268 1291
f 1292 1291 1289
f 1292 1289 1273
f 1293 1294 1282
f 1293 1286 1294
f 1293 1287 1286
f 1293 1282 1281
f 1295 1275 1282
f 1295 1282 1294
f 1296 1294 1286
f 1296 1286 1289
f 1296 1289 1290
f 1296 1295 1294
f 1296 1275 1295
f 1297 1281 1278
f 1297 1285 1287
f 1297 1278 1285
f 1297 1293 1281
f 1297 1287 1293
f 1298 1296 1290
f 1298 1290 1275
f 1298 1275 1296

o geometry_26
v 0.52007832 -0.08405159 0.02578426
v 0.52001261 -0.09493674 0.02413404
v 0.52001261 -0.09096209 0.01750962
v 0.51998007 -0.09508283 0.01798249
v 0.46834214 -0.08433767 0.01750962
v 0.46834214 -0.09096209 0.01088520
v 0.46802072 -0.09523943 0.02137350
v 0.52001261 -0.09096209 0.02545892
v 0.52001261 -0.08566255 0.02678381
v 0.51603796 -0.08566255 0.02678381
v 0.51338819 -0.09361186 0.01618473
v 0.47302284 -0.09555982 0.01081963
v 0.47231679 -0.09228697 0.01088520
v 0.51330129 -0.09532684 0.01744742
v 0.46966703 -0.09096209 0.01088520
v 0.50941354 -0.08433767 0.01883450
v 0.51868773 -0.08566255 0.01883450
v 0.46834214 -0.09493674 0.01088520
v 0.47231679 -0.08831232 0.02413404
v 0.48291586 -0.08566255 0.02545892
v 0.46834214 -0.08698744 0.02413404
v 0.51996019 -0.08457186 0.02097331
v 0.46834778 -0.08417292 0.02362148
v 0.48300076 -0.08392915 0.02427047
v 0.51868773 -0.09096209 0.02545892
v 0.47364168 -0.09361186 0.01088520
v 0.48159098 -0.08433767 0.01750962
v 0.51471308 -0.09493674 0.02413404
v 0.52001261 -0.08698744 0.01883450
v 0.51611949 -0.08398274 0.02554371
v 0.47231679 -0.09228697 0.02280915
v 0.48954029 -0.09493674 0.02280915
f 1299 1300 1301
f 1302 1301 1300
f 1303 1304 1305
f 1306 1299 1307
f 1306 1300 1299
f 1308 1307 1299
f 1308 1306 1307
f 1309 1302 1310
f 1309 1301 1302
f 1309 1311 1301
f 1312 1302 1300
f 1312 1310 1302
f 1312 1305 1310
f 1312 1300 1305
f 1313 1311 1310
f 1313 1310 1304
f 1313 1314 1315
f 1313 1304 1303
f 1313 1315 1301
f 1313 1301 1311
f 1316 1305 1304
f 1316 1304 1310
f 1316 1310 1305
f 1317 1318 1319
f 1317 1319 1305
f 1320 1315 1314
f 1320 1314 1299
f 1321 1319 1318
f 1321 1303 1305
f 1321 1305 1319
f 1322 1303 1321
f 1322 1321 1318
f 1322 1308 1299
f 1322 1318 1308
f 1323 1308 1318
f 1323 1306 1308
f 1323 1300 1306
f 1324 1309 1310
f 1324 1310 1311
f 1324 1311 1309
f 1325 1313 1303
f 1325 1314 1313
f 1325 1322 1314
f 1325 1303 1322
f 1326 1305 1300
f 1326 1300 1323
f 1326 1323 1318
f 1326 1318 1317
f 1327 1320 1299
f 1327 1299 1301
f 1327 1301 1315
f 1327 1315 1320
f 1328 1322 1299
f 1328 1299 1314
f 1328 1314 1322
f 1329 1326 1317
f 1329 1317 1305
f 1330 1329 1305
f 1330 1305 1326
f 1330 1326 1329

o geometry_27
v 0.47364168 -0.10421093 0.03738288
v 0.47371130 -0.09451918 0.02032721
v 0.46436749 -0.09891139 0.05725613
v 0.45675933 -0.09484526 0.05730456
v 0.46094393 -0.10521869 0.05738637
v 0.46701726 -0.10421093 0.05725613
v 0.47385662 -0.11047455 0.03353726
v 0.47423735 -0.10983547 0.03111605
v 0.46073827 -0.09516001 0.05713365
v 0.46526754 -0.09439242 0.01273042
v 0.47364168 -0.09493674 0.00956031
v 0.47231679 -0.09493674 0.00956031
v 0.47231679 -0.10288604 0.00956031
v 0.47407155 -0.10227953 0.01026454
v 0.47424099 -0.10320493 0.01256986
v 0.46593668 -0.10609995 0.05702470
v 0.45886868 -0.09436497 0.04160642
v 0.46569237 -0.09493674 0.01088520
v 0.46436749 -0.09626162 0.01221008
v 0.45641819 -0.09891139 0.05725613
v 0.45774307 -0.10288604 0.05725613
v 0.45641819 -0.09891139 0.05460637
v 0.46039284 -0.10553581 0.05063172
v 0.47231679 -0.11083535 0.03075846
v 0.47364168 -0.10686070 0.01883450
v 0.45641819 -0.09493674 0.04930683
v 0.46569237 -0.09626162 0.01088520
v 0.47099191 -0.09758651 0.00956031
v 0.45774307 -0.10288604 0.05593125
v 0.45774307 -0.09758651 0.04400730
v 0.47099191 -0.11083535 0.03340822
v 0.47231679 -0.10686070 0.01883450
v 0.45641819 -0.09626162 0.04930683
v 0.46171772 -0.09493674 0.02280915
v 0.46834214 -0.10023628 0.01088520
v 0.47099191 -0.10156116 0.00956031
v 0.46171772 -0.09626162 0.02280915
v 0.47231679 -0.10421093 0.01221008
v 0.47099191 -0.11083535 0.03208334
v 0.45906796 -0.09493674 0.03473311
v 0.45906796 -0.09626162 0.03473311
v 0.46304261 -0.09758651 0.02015939
v 0.46039284 -0.10288604 0.04400730
v 0.47099191 -0.10288604 0.01088520
v 0.46304261 -0.10553581 0.04003264
v 0.45774307 -0.09626162 0.04135753
v 0.46966703 -0.10818558 0.02810869
v 0.47099191 -0.10553581 0.01750962
v 0.46436749 -0.10156116 0.02545892
v 0.46966703 -0.10421093 0.01750962
v 0.46569237 -0.09891139 0.01485985
v 0.46569237 -0.10553581 0.03208334
v 0.46834214 -0.10686070 0.02810869
f 1331 1332 1333
f 1334 1335 1333
f 1336 1331 1333
f 1336 1337 1331
f 1336 1333 1335
f 1338 1332 1331
f 1338 1331 1337
f 1339 1334 1333
f 1339 1333 1332
f 1339 1332 1334
f 1340 1341 1342
f 1340 1332 1341
f 1343 1341 1344
f 1343 1342 1341
f 1345 1341 1332
f 1345 1344 1341
f 1345 1332 1338
f 1346 1336 1335
f 1346 1337 1336
f 1347 1334 1332
f 1347 1332 1340
f 1348 1340 1342
f 1348 1349 1340
f 1350 1351 1335
f 1350 1335 1334
f 1350 1352 1351
f 1353 1335 1351
f 1354 1338 1337
f 1355 1343 1344
f 1355 1344 1345
f 1355 1345 1338
f 1355 1338 1354
f 1356 1334 1347
f 1356 1350 1334
f 1356 1352 1350
f 1357 1349 1348
f 1358 1348 1342
f 1358 1342 1343
f 1358 1357 1348
f 1359 1352 1360
f 1359 1351 1352
f 1359 1353 1351
f 1361 1335 1353
f 1361 1346 1335
f 1361 1354 1337
f 1361 1337 1346
f 1362 1355 1354
f 1363 1352 1356
f 1364 1347 1340
f 1364 1340 1349
f 1365 1349 1357
f 1366 1358 1343
f 1366 1357 1358
f 1366 1365 1357
f 1366 1343 1365
f 1367 1364 1349
f 1368 1343 1355
f 1368 1355 1362
f 1369 1362 1354
f 1369 1354 1361
f 1369 1361 1353
f 1370 1356 1347
f 1370 1347 1364
f 1370 1364 1367
f 1371 1367 1359
f 1371 1359 1360
f 1371 1370 1367
f 1372 1367 1349
f 1373 1353 1359
f 1373 1359 1367
f 1373 1367 1372
f 1374 1365 1343
f 1374 1343 1368
f 1375 1369 1353
f 1375 1372 1349
f 1375 1373 1372
f 1375 1353 1373
f 1376 1363 1356
f 1376 1356 1370
f 1376 1370 1371
f 1376 1371 1360
f 1376 1360 1352
f 1376 1352 1363
f 1377 1369 1375
f 1378 1362 1369
f 1378 1369 1377
f 1378 1365 1374
f 1378 1374 1368
f 1378 1368 1362
f 1379 1375 1349
f 1380 1378 1377
f 1380 1365 1378
f 1381 1379 1349
f 1381 1349 1365
f 1381 1365 1379
f 1382 1377 1375
f 1382 1375 1379
f 1383 1380 1377
f 1383 1377 1382
f 1383 1382 1379
f 1383 1379 1365
f 1383 1365 1380

o geometry_28
v 0.50027489 -0.02850200 0.03710764
v 0.50013936 -0.02736766 0.03870776
v 0.50013936 -0.03266720 0.05990590
v 0.47495552 -0.04438357 0.03524670
v 0.50013695 -0.03526308 0.03711947
v 0.50025317 -0.03494463 0.06364943
v 0.49223230 -0.03695466 0.06777906
v 0.50004580 -0.03851267 0.06406990
v 0.49175497 -0.04081564 0.06812005
v 0.50013936 -0.03929162 0.05990590
v 0.48066039 -0.03455769 0.03593109
v 0.49881447 -0.02736766 0.03738288
v 0.49086517 -0.03531697 0.06653032
v 0.48954029 -0.04326627 0.06785521
v 0.48291586 -0.04591604 0.06785521
v 0.47629145 -0.04459115 0.03870776
v 0.47894121 -0.04591604 0.05328148
v 0.46927912 -0.04409680 0.03588677
v 0.46863353 -0.04484944 0.03600474
v 0.47496656 -0.03664185 0.03605799
v 0.47894121 -0.03399208 0.03605799
v 0.49086517 -0.02869255 0.03738288
v 0.47761633 -0.04591604 0.05195660
v 0.47055363 -0.04664331 0.05579165
v 0.48291586 -0.04591604 0.06520544
v 0.47278247 -0.04658404 0.06505556
v 0.47496656 -0.03664185 0.03870776
v 0.49748959 -0.03001743 0.04930683
v 0.49086517 -0.02869255 0.03870776
v 0.48821540 -0.03664185 0.06785521
v 0.47364168 -0.04459115 0.06785521
v 0.47496656 -0.04326627 0.06785521
v 0.49483982 -0.03399208 0.06388055
v 0.49219005 -0.03001743 0.04665706
v 0.48424075 -0.03134231 0.03738288
v 0.47018498 -0.04634091 0.05187504
v 0.47894121 -0.03399208 0.03870776
v 0.48159098 -0.03399208 0.04665706
v 0.48159098 -0.03266720 0.04003264
v 0.46834214 -0.04326627 0.04135753
v 0.47894121 -0.03796673 0.05725613
v 0.49881447 -0.02736766 0.03870776
v 0.48424075 -0.03664185 0.06255567
v 0.48954029 -0.03399208 0.05990590
v 0.48954029 -0.03001743 0.04268241
v 0.48424075 -0.03796673 0.06785521
v 0.47395803 -0.04636984 0.06775339
v 0.46966703 -0.04459115 0.05593125
v 0.49748959 -0.03266720 0.05990590
v 0.49219005 -0.03399208 0.06255567
v 0.48424075 -0.03134231 0.03870776
v 0.47099191 -0.04326627 0.05593125
v 0.47629145 -0.04194138 0.06653032
v 0.48026610 -0.03929162 0.06653032
v 0.48026610 -0.03796673 0.06123079
v 0.49351494 -0.02869255 0.04135753
v 0.49086517 -0.03134231 0.05063172
v 0.47894121 -0.04061650 0.06785521
v 0.48954029 -0.03531697 0.06520544
v 0.47231679 -0.04459115 0.06520544
v 0.47151096 -0.04660026 0.06107917
v 0.47099191 -0.04061650 0.04268241
v 0.47099191 -0.04459115 0.06123079
f 1384 1385 1386
f 1387 1384 1388
f 1389 1390 1391
f 1389 1384 1386
f 1389 1388 1384
f 1392 1391 1390
f 1393 1389 1391
f 1393 1388 1389
f 1394 1384 1387
f 1395 1385 1384
f 1396 1390 1389
f 1397 1392 1398
f 1397 1391 1392
f 1397 1393 1391
f 1397 1398 1393
f 1399 1387 1388
f 1399 1388 1393
f 1399 1400 1387
f 1399 1393 1400
f 1401 1402 1403
f 1401 1403 1387
f 1401 1387 1402
f 1404 1394 1387
f 1404 1387 1403
f 1404 1405 1395
f 1404 1395 1384
f 1404 1384 1394
f 1406 1402 1387
f 1406 1387 1400
f 1406 1400 1407
f 1408 1400 1393
f 1408 1393 1398
f 1408 1407 1400
f 1408 1398 1409
f 1408 1409 1407
f 1410 1404 1403
f 1411 1386 1385
f 1412 1395 1405
f 1413 1392 1390
f 1413 1390 1396
f 1414 1398 1392
f 1414 1392 1415
f 1416 1396 1389
f 1416 1389 1386
f 1416 1411 1417
f 1418 1405 1404
f 1418 1412 1405
f 1419 1406 1407
f 1419 1402 1406
f 1420 1421 1422
f 1420 1404 1410
f 1420 1418 1404
f 1423 1410 1403
f 1423 1403 1402
f 1424 1420 1410
f 1424 1421 1420
f 1425 1411 1385
f 1425 1417 1411
f 1425 1385 1395
f 1425 1395 1412
f 1426 1427 1421
f 1428 1417 1412
f 1429 1392 1413
f 1429 1413 1396
f 1429 1427 1426
f 1430 1409 1398
f 1430 1398 1414
f 1431 1419 1407
f 1431 1423 1402
f 1431 1402 1419
f 1432 1416 1386
f 1432 1386 1411
f 1432 1411 1416
f 1433 1416 1417
f 1433 1417 1396
f 1433 1396 1416
f 1434 1412 1418
f 1434 1428 1412
f 1434 1422 1421
f 1434 1421 1428
f 1434 1420 1422
f 1434 1418 1420
f 1435 1424 1410
f 1436 1415 1437
f 1436 1435 1415
f 1436 1424 1435
f 1438 1421 1424
f 1438 1426 1421
f 1438 1429 1426
f 1438 1437 1429
f 1438 1436 1437
f 1438 1424 1436
f 1439 1425 1412
f 1439 1412 1417
f 1439 1417 1425
f 1440 1417 1428
f 1440 1396 1417
f 1440 1428 1421
f 1440 1421 1427
f 1441 1415 1392
f 1441 1392 1429
f 1441 1429 1437
f 1441 1437 1415
f 1442 1429 1396
f 1442 1427 1429
f 1442 1440 1427
f 1442 1396 1440
f 1443 1430 1414
f 1443 1409 1430
f 1443 1414 1415
f 1443 1415 1435
f 1444 1431 1407
f 1444 1407 1409
f 1445 1435 1410
f 1445 1410 1423
f 1445 1423 1431
f 1445 1431 1435
f 1446 1443 1435
f 1446 1435 1431
f 1446 1431 1444
f 1446 1444 1409
f 1446 1409 1443

o geometry_29
v 0.51338819 -0.12143442 0.05328148
v 0.51357676 -0.11662763 0.05709738
v 0.51315903 -0.12075620 0.05747730
v 0.50941354 -0.11613488 0.05725613
v 0.51401432 -0.10648681 0.02647334
v 0.51338819 -0.10818558 0.01353497
v 0.48556563 -0.11745977 0.05593125
v 0.48542455 -0.11954449 0.05699967
v 0.51338819 -0.11481000 0.05593125
v 0.51324523 -0.10548854 0.01164625
v 0.51206331 -0.10553581 0.02678381
v 0.50370146 -0.12428230 0.05763050
v 0.48556563 -0.12540907 0.05725613
v 0.50411401 -0.12540907 0.05593125
v 0.48556563 -0.10951046 0.03208334
v 0.51206331 -0.11481000 0.05593125
v 0.51338819 -0.10818558 0.03605799
v 0.50018813 -0.10530113 0.01815178
v 0.51206331 -0.12275930 0.05725613
v 0.49086517 -0.12540907 0.05328148
v 0.48556563 -0.12540907 0.05593125
v 0.48549321 -0.10982130 0.02800547
v 0.48556563 -0.11613488 0.02943357
v 0.51206331 -0.10818558 0.03605799
v 0.49351494 -0.11481000 0.02280915
v 0.50808866 -0.10818558 0.00956031
v 0.50411401 -0.11216023 0.01618473
v 0.50941354 -0.10818558 0.00956031
v 0.50941354 -0.10553581 0.00956031
v 0.50788616 -0.10546885 0.01063834
v 0.51206331 -0.12275930 0.05593125
v 0.48556563 -0.12275930 0.04798195
v 0.48689052 -0.11613488 0.02810869
v 0.48576248 -0.11400010 0.02838680
v 0.49346635 -0.11299085 0.02165002
v 0.50013936 -0.10553581 0.01618473
v 0.50013936 -0.11613488 0.02678381
v 0.49351494 -0.12540907 0.05328148
v 0.49351494 -0.11745977 0.02943357
v 0.49086517 -0.11745977 0.02943357
v 0.49357732 -0.10921543 0.02114377
v 0.50013936 -0.11481000 0.02280915
v 0.48821540 -0.11745977 0.03075846
f 1447 1448 1449
f 1450 1449 1448
f 1451 1447 1452
f 1451 1448 1447
f 1453 1454 1450
f 1455 1450 1448
f 1455 1448 1451
f 1456 1451 1452
f 1456 1457 1451
f 1458 1450 1454
f 1458 1454 1459
f 1458 1449 1450
f 1458 1459 1460
f 1461 1454 1453
f 1462 1453 1450
f 1462 1450 1455
f 1462 1461 1453
f 1463 1455 1451
f 1463 1451 1457
f 1463 1462 1455
f 1464 1457 1456
f 1464 1461 1457
f 1465 1447 1449
f 1465 1458 1460
f 1465 1449 1458
f 1466 1460 1459
f 1467 1459 1454
f 1467 1466 1459
f 1468 1469 1454
f 1468 1454 1461
f 1468 1461 1464
f 1470 1463 1457
f 1470 1457 1461
f 1470 1461 1462
f 1470 1462 1463
f 1471 1472 1473
f 1474 1452 1473
f 1474 1473 1472
f 1474 1456 1452
f 1474 1472 1475
f 1474 1475 1456
f 1476 1464 1456
f 1476 1456 1475
f 1476 1475 1472
f 1477 1465 1460
f 1477 1447 1465
f 1477 1460 1473
f 1477 1473 1452
f 1477 1452 1447
f 1478 1469 1479
f 1478 1466 1467
f 1478 1467 1454
f 1478 1454 1469
f 1480 1479 1469
f 1480 1469 1468
f 1481 1471 1479
f 1481 1472 1471
f 1481 1479 1480
f 1481 1480 1468
f 1482 1468 1464
f 1482 1464 1476
f 1482 1476 1472
f 1483 1473 1460
f 1484 1460 1466
f 1484 1466 1485
f 1484 1483 1460
f 1484 1485 1483
f 1486 1485 1466
f 1486 1479 1471
f 1486 1471 1473
f 1486 1473 1485
f 1486 1466 1478
f 1487 1481 1468
f 1487 1472 1481
f 1487 1482 1472
f 1487 1468 1482
f 1488 1483 1485
f 1488 1485 1473
f 1488 1473 1483
f 1489 1486 1478
f 1489 1478 1479
f 1489 1479 1486

o geometry_30
v 0.52663703 -0.09361186 0.07447962
v 0.54343232 -0.09482364 0.08777182
v 0.54201746 -0.09478512 0.07453828
v 0.54518541 -0.10288604 0.09170312
v 0.54243726 -0.10153237 0.09568890
v 0.51454634 -0.11140638 0.07860111
v 0.53358005 -0.11101759 0.09561590
v 0.51338819 -0.11083535 0.08110404
v 0.54536580 -0.11125808 0.09476234
v 0.53591122 -0.11083535 0.07580451
v 0.54518541 -0.10951046 0.09567777
v 0.53949579 -0.09516423 0.08764562
v 0.53326145 -0.10818558 0.09567777
v 0.53591122 -0.10288604 0.09567777
v 0.53723610 -0.10818558 0.07447962
v 0.54518541 -0.10951046 0.08640358
v 0.52531215 -0.09361186 0.07315474
v 0.52266238 -0.09361186 0.07315474
v 0.52266238 -0.09361186 0.07580451
v 0.52133750 -0.09493674 0.07580451
v 0.54386052 -0.09493674 0.07845428
v 0.51338819 -0.10951046 0.07845428
v 0.54518541 -0.10686070 0.09435288
v 0.51338819 -0.10951046 0.08110404
v 0.53824752 -0.10209226 0.09550140
v 0.54490156 -0.11070684 0.08840767
v 0.54518541 -0.10156116 0.08640358
v 0.54253564 -0.09891139 0.07447962
v 0.52806320 -0.11092408 0.07445087
v 0.52663703 -0.09361186 0.07580451
v 0.51868773 -0.10023628 0.07845428
v 0.51471308 -0.10686070 0.07977916
v 0.54518541 -0.10156116 0.09037823
v 0.54386052 -0.09626162 0.07845428
v 0.52531215 -0.09493674 0.07315474
v 0.53366938 -0.11003122 0.07474549
v 0.52133750 -0.09758651 0.07845428
v 0.52133750 -0.09493674 0.07447962
v 0.51868773 -0.10023628 0.07447962
v 0.51868773 -0.10288604 0.07447962
v 0.51603796 -0.10818558 0.07580451
v 0.52398727 -0.09626162 0.07315474
v 0.51496624 -0.11079179 0.07789237
v 0.51603796 -0.10553581 0.07580451
v 0.52266238 -0.09493674 0.07712939
v 0.51471308 -0.10686070 0.07845428
v 0.52266238 -0.09626162 0.07315474
f 1490 1491 1492
f 1493 1491 1494
f 1495 1496 1497
f 1495 1498 1496
f 1495 1499 1498
f 1500 1496 1498
f 1501 1494 1491
f 1502 1497 1496
f 1502 1496 1500
f 1502 1500 1494
f 1502 1494 1503
f 1504 1505 1499
f 1506 1490 1492
f 1506 1507 1490
f 1508 1490 1507
f 1508 1501 1491
f 1508 1507 1509
f 1508 1503 1501
f 1510 1492 1491
f 1511 1495 1497
f 1512 1493 1494
f 1512 1494 1500
f 1512 1500 1498
f 1512 1498 1493
f 1513 1502 1503
f 1513 1497 1502
f 1513 1511 1497
f 1514 1501 1503
f 1514 1503 1494
f 1514 1494 1501
f 1515 1505 1498
f 1515 1498 1499
f 1515 1499 1505
f 1516 1498 1505
f 1516 1505 1510
f 1517 1505 1504
f 1517 1492 1510
f 1517 1506 1492
f 1518 1499 1495
f 1519 1508 1491
f 1519 1491 1490
f 1519 1490 1508
f 1520 1513 1503
f 1521 1511 1513
f 1521 1520 1509
f 1521 1513 1520
f 1522 1493 1498
f 1522 1498 1516
f 1522 1491 1493
f 1522 1516 1510
f 1522 1510 1491
f 1523 1517 1510
f 1523 1510 1505
f 1523 1505 1517
f 1524 1517 1504
f 1524 1506 1517
f 1524 1507 1506
f 1525 1518 1504
f 1525 1504 1499
f 1525 1499 1518
f 1526 1520 1503
f 1527 1509 1507
f 1527 1507 1528
f 1527 1521 1509
f 1529 1528 1507
f 1529 1530 1528
f 1529 1518 1530
f 1531 1524 1504
f 1531 1504 1518
f 1531 1507 1524
f 1532 1530 1518
f 1532 1518 1495
f 1532 1495 1511
f 1532 1511 1530
f 1533 1530 1511
f 1533 1511 1528
f 1533 1528 1530
f 1534 1526 1503
f 1534 1503 1508
f 1534 1520 1526
f 1534 1508 1509
f 1534 1509 1520
f 1535 1511 1521
f 1535 1521 1527
f 1535 1527 1528
f 1535 1528 1511
f 1536 1529 1507
f 1536 1507 1531
f 1536 1531 1518
f 1536 1518 1529

o geometry_31
v 0.54651029 -0.08036302 0.11687591
v 0.54651029 -0.09493674 0.11555103
v 0.54651029 -0.07771325 0.09567777
v 0.54651029 -0.09228697 0.09567777
v 0.54331410 -0.07125468 0.09564301
v 0.54518541 -0.07241371 0.09567777
v 0.54023926 -0.09502274 0.09564645
v 0.54386052 -0.07108883 0.11290126
v 0.53668123 -0.07045165 0.11737399
v 0.54253564 -0.07108883 0.11952568
v 0.54651029 -0.07771325 0.10362707
v 0.53723610 -0.07108883 0.11952568
v 0.53988587 -0.07506348 0.11952568
v 0.53591122 -0.07241371 0.11820079
v 0.54651029 -0.09493674 0.10230219
v 0.53591122 -0.07241371 0.11555103
v 0.53723610 -0.07241371 0.10230219
v 0.53856099 -0.07506348 0.09567777
v 0.53903769 -0.07093887 0.09570939
v 0.53723610 -0.07108883 0.10230219
v 0.53988587 -0.09493674 0.10760172
v 0.54121076 -0.09493674 0.11422614
v 0.54386052 -0.09493674 0.11555103
v 0.54518541 -0.08301279 0.11820079
v 0.53680215 -0.07048054 0.11569883
v 0.54518541 -0.07638837 0.11820079
v 0.54651029 -0.08831232 0.11687591
v 0.54253564 -0.07506348 0.11952568
v 0.54518541 -0.07241371 0.09965242
v 0.53723610 -0.07241371 0.11952568
v 0.54419477 -0.09469441 0.09576756
v 0.54253564 -0.08301279 0.11820079
v 0.54386052 -0.07241371 0.11820079
v 0.54253564 -0.09361186 0.11555103
f 1537 1538 1539
f 1540 1539 1538
f 1541 1542 1539
f 1541 1540 1543
f 1541 1539 1540
f 1544 1542 1541
f 1544 1545 1546
f 1547 1537 1539
f 1547 1539 1542
f 1548 1549 1546
f 1548 1545 1550
f 1548 1546 1545
f 1551 1540 1538
f 1551 1538 1543
f 1552 1553 1543
f 1552 1550 1545
f 1554 1543 1553
f 1554 1541 1543
f 1554 1555 1541
f 1556 1554 1553
f 1556 1555 1554
f 1556 1552 1545
f 1556 1553 1552
f 1557 1558 1550
f 1557 1543 1558
f 1557 1552 1543
f 1557 1550 1552
f 1559 1538 1560
f 1559 1558 1543
f 1559 1543 1538
f 1561 1541 1555
f 1561 1544 1541
f 1561 1545 1544
f 1561 1556 1545
f 1561 1555 1556
f 1562 1560 1537
f 1562 1546 1560
f 1563 1560 1538
f 1563 1538 1537
f 1563 1537 1560
f 1564 1560 1546
f 1564 1546 1549
f 1564 1549 1560
f 1565 1547 1542
f 1565 1542 1544
f 1565 1544 1562
f 1565 1562 1537
f 1565 1537 1547
f 1566 1548 1550
f 1566 1550 1558
f 1566 1549 1548
f 1567 1551 1543
f 1567 1543 1540
f 1567 1540 1551
f 1568 1559 1560
f 1568 1560 1549
f 1568 1549 1566
f 1569 1562 1544
f 1569 1544 1546
f 1569 1546 1562
f 1570 1566 1558
f 1570 1558 1559
f 1570 1568 1566
f 1570 1559 1568

o geometry_32
v 0.55992295 -0.12951401 0.08115242
v 0.56281775 -0.12446290 0.07430636
v 0.56240890 -0.11083535 0.05990590
v 0.56311567 -0.12335735 0.07284319
v 0.56270487 -0.11138780 0.05812039
v 0.56240890 -0.11481000 0.05858102
v 0.56157181 -0.11174588 0.05782183
v 0.54518541 -0.14528233 0.05858102
v 0.54518541 -0.14660721 0.05990590
v 0.54923754 -0.14664411 0.08112961
v 0.55313471 -0.13600814 0.08110404
v 0.54386052 -0.13733302 0.05990590
v 0.56240890 -0.12540907 0.06918009
v 0.56108401 -0.11083535 0.05990590
v 0.54386052 -0.13733302 0.05858102
v 0.55975913 -0.13203349 0.08110404
v 0.55975913 -0.13335837 0.07977916
v 0.55180983 -0.12143442 0.05990590
v 0.55445959 -0.11745977 0.05990590
v 0.54386052 -0.14660721 0.06520544
v 0.54916006 -0.14660721 0.06785521
v 0.55018387 -0.14446645 0.08142776
v 0.56240890 -0.12673395 0.07182986
v 0.55445959 -0.11745977 0.05858102
v 0.55578448 -0.13203349 0.08110404
v 0.55180983 -0.14528233 0.08110404
v 0.54386052 -0.14528233 0.06520544
v 0.54304230 -0.14502931 0.05909117
v 0.55936847 -0.13012673 0.08137992
v 0.55975913 -0.13335837 0.07845428
v 0.55180983 -0.14660721 0.07845428
v 0.55048494 -0.14660721 0.07182986
v 0.55180983 -0.12143442 0.05858102
v 0.55180983 -0.14660721 0.07977916
v 0.55843425 -0.13468326 0.08110404
v 0.54332279 -0.14644093 0.06024117
v 0.55048494 -0.14528233 0.06918009
v 0.55445959 -0.14130768 0.08110404
f 1571 1572 1573
f 1574 1573 1572
f 1575 1576 1577
f 1575 1574 1576
f 1575 1573 1574
f 1578 1576 1579
f 1578 1577 1576
f 1580 1581 1582
f 1583 1579 1576
f 1583 1576 1574
f 1584 1575 1577
f 1584 1573 1575
f 1584 1571 1573
f 1585 1577 1578
f 1586 1587 1572
f 1586 1572 1571
f 1588 1581 1589
f 1588 1582 1581
f 1588 1585 1582
f 1590 1579 1580
f 1591 1580 1579
f 1591 1579 1583
f 1592 1581 1580
f 1593 1572 1587
f 1593 1583 1574
f 1593 1574 1572
f 1594 1584 1577
f 1594 1589 1584
f 1594 1588 1589
f 1595 1571 1584
f 1595 1581 1592
f 1595 1584 1589
f 1595 1589 1581
f 1596 1592 1580
f 1597 1590 1580
f 1597 1580 1582
f 1598 1582 1585
f 1598 1585 1578
f 1598 1597 1582
f 1598 1590 1597
f 1599 1586 1571
f 1599 1595 1592
f 1599 1571 1595
f 1600 1593 1587
f 1600 1587 1601
f 1600 1601 1593
f 1602 1583 1593
f 1602 1593 1601
f 1602 1601 1580
f 1602 1580 1591
f 1603 1594 1577
f 1603 1577 1585
f 1603 1585 1588
f 1603 1588 1594
f 1604 1596 1580
f 1604 1580 1601
f 1604 1601 1587
f 1605 1587 1586
f 1605 1586 1599
f 1605 1604 1587
f 1606 1598 1578
f 1606 1578 1579
f 1606 1579 1590
f 1606 1590 1598
f 1607 1602 1591
f 1607 1591 1583
f 1607 1583 1602
f 1608 1605 1599
f 1608 1599 1592
f 1608 1592 1596
f 1608 1596 1604
f 1608 1604 1605

o geometry_33
v 0.46348751 -0.05959277 0.02249423
v 0.48026711 -0.05918389 0.02685749
v 0.46016026 -0.05974972 0.04523436
v 0.48026610 -0.04724092 0.03605799
v 0.48026610 -0.05783999 0.03340822
v 0.48066039 -0.03455769 0.03593109
v 0.48099180 -0.03370821 0.03317466
v 0.48026610 -0.03796673 0.02678381
v 0.48026610 -0.03266720 0.02943357
v 0.47629145 -0.04591604 0.04533218
v 0.46569237 -0.05916487 0.04533218
v 0.47588411 -0.04400869 0.04546224
v 0.45906796 -0.05783999 0.04533218
v 0.48025727 -0.05899898 0.03143496
v 0.46436749 -0.05916487 0.02148427
v 0.47894121 -0.03266720 0.03340822
v 0.46436749 -0.04856580 0.04533218
v 0.46834214 -0.04459115 0.04533218
v 0.47894121 -0.03399208 0.03605799
v 0.46436749 -0.05783999 0.02148427
v 0.46304261 -0.05783999 0.02148427
v 0.45906796 -0.05916487 0.02280915
v 0.45906796 -0.05519022 0.02413404
v 0.47629145 -0.03796673 0.02678381
v 0.47099191 -0.04326627 0.02545892
v 0.46304261 -0.05386534 0.02280915
v 0.47629145 -0.03531697 0.03605799
v 0.45906796 -0.05783999 0.02280915
v 0.46569237 -0.04459115 0.02678381
v 0.46436749 -0.04591604 0.02678381
v 0.47231679 -0.03796673 0.02810869
v 0.47894121 -0.03266720 0.02943357
v 0.47231679 -0.03796673 0.03605799
v 0.47364168 -0.03929162 0.02678381
v 0.45906796 -0.05519022 0.02943357
v 0.46039284 -0.05254046 0.02810869
v 0.46039284 -0.05254046 0.02545892
v 0.46436749 -0.04591604 0.03208334
v 0.46701726 -0.04591604 0.02545892
v 0.46171772 -0.05254046 0.02413404
v 0.47496656 -0.03531697 0.02943357
v 0.46304261 -0.04989069 0.04268241
v 0.46966703 -0.04061650 0.03605799
v 0.47496656 -0.03531697 0.03208334
v 0.46569237 -0.04459115 0.03340822
v 0.47364168 -0.03664185 0.03473311
v 0.46569237 -0.04591604 0.04003264
f 1609 1610 1611
f 1612 1613 1614
f 1615 1614 1613
f 1615 1610 1616
f 1615 1616 1617
f 1618 1619 1613
f 1618 1620 1619
f 1618 1613 1612
f 1618 1612 1614
f 1618 1614 1620
f 1621 1619 1620
f 1621 1611 1619
f 1622 1613 1619
f 1622 1615 1613
f 1622 1610 1615
f 1622 1619 1611
f 1622 1611 1610
f 1623 1616 1610
f 1623 1610 1609
f 1624 1615 1617
f 1624 1614 1615
f 1625 1621 1620
f 1625 1620 1626
f 1627 1626 1620
f 1627 1620 1614
f 1627 1614 1624
f 1628 1623 1629
f 1628 1629 1616
f 1628 1616 1623
f 1630 1623 1609
f 1630 1629 1623
f 1630 1609 1611
f 1630 1611 1621
f 1630 1621 1631
f 1632 1617 1616
f 1632 1616 1629
f 1632 1629 1633
f 1634 1633 1629
f 1635 1627 1624
f 1635 1626 1627
f 1636 1630 1631
f 1636 1629 1630
f 1636 1634 1629
f 1637 1638 1639
f 1640 1624 1617
f 1640 1617 1632
f 1641 1625 1626
f 1641 1626 1635
f 1642 1632 1633
f 1642 1633 1639
f 1642 1640 1632
f 1642 1639 1640
f 1643 1644 1631
f 1643 1631 1621
f 1645 1644 1638
f 1645 1638 1631
f 1645 1631 1644
f 1646 1638 1644
f 1647 1633 1634
f 1647 1637 1639
f 1647 1639 1633
f 1648 1631 1638
f 1648 1638 1637
f 1648 1636 1631
f 1648 1634 1636
f 1648 1647 1634
f 1648 1637 1647
f 1649 1640 1639
f 1649 1624 1640
f 1649 1639 1638
f 1649 1638 1646
f 1650 1643 1621
f 1650 1644 1643
f 1650 1646 1644
f 1650 1621 1625
f 1650 1625 1646
f 1651 1625 1641
f 1651 1641 1646
f 1652 1624 1649
f 1652 1649 1646
f 1652 1646 1641
f 1653 1651 1646
f 1654 1652 1641
f 1654 1624 1652
f 1654 1641 1635
f 1654 1635 1624
f 1655 1625 1651
f 1655 1651 1653
f 1655 1653 1646
f 1655 1646 1625

o geometry_34
v 0.54518541 -0.08433767 0.06388055
v 0.54121076 -0.08566255 0.02943357
v 0.54010097 -0.08394275 0.02957909
v 0.53968999 -0.08423463 0.02814383
v 0.54651029 -0.08566255 0.08905335
v 0.54530524 -0.08567341 0.09571123
v 0.54651029 -0.09096209 0.09567777
v 0.54419477 -0.09469441 0.09576756
v 0.54140048 -0.08565797 0.09567477
v 0.54518541 -0.09493674 0.08772846
v 0.53988587 -0.08963720 0.09567777
v 0.53856099 -0.09361186 0.09170312
v 0.54023926 -0.09502274 0.09564645
v 0.53542580 -0.08481786 0.02794567
v 0.54422200 -0.08410126 0.06794642
v 0.53856099 -0.08433767 0.06653032
v 0.54651029 -0.08963720 0.08905335
v 0.54518541 -0.08566255 0.06388055
v 0.53982588 -0.09524457 0.09159102
v 0.52879890 -0.09571991 0.03050026
v 0.53723610 -0.09228697 0.02810869
v 0.52838412 -0.09533180 0.02797845
v 0.52796192 -0.09361186 0.03075846
v 0.53458634 -0.08433767 0.03340822
v 0.53326145 -0.08566255 0.02810869
v 0.52796192 -0.09361186 0.02810869
v 0.54129116 -0.08397353 0.04017351
v 0.54651029 -0.09096209 0.09170312
v 0.54253564 -0.08566255 0.04003264
v 0.54253564 -0.08698744 0.04268241
v 0.53988587 -0.08698744 0.02810869
v 0.53591122 -0.09493674 0.02943357
v 0.54253564 -0.09493674 0.06388055
v 0.53988587 -0.08566255 0.08507870
v 0.53988587 -0.08831232 0.09302800
v 0.53326145 -0.08566255 0.03075846
v 0.54518541 -0.08831232 0.07050497
v 0.53380138 -0.09448233 0.02826700
v 0.54121076 -0.08831232 0.03605799
v 0.54121076 -0.09493674 0.05593125
v 0.54386052 -0.09361186 0.07182986
v 0.54386052 -0.08698744 0.05460637
v 0.53988587 -0.08831232 0.02943357
v 0.54253564 -0.09361186 0.05990590
v 0.54386052 -0.08963720 0.06123079
f 1656 1657 1658
f 1659 1658 1657
f 1660 1661 1662
f 1663 1662 1661
f 1663 1661 1664
f 1663 1665 1662
f 1666 1667 1668
f 1666 1663 1664
f 1666 1668 1663
f 1669 1658 1659
f 1670 1660 1656
f 1670 1661 1660
f 1670 1671 1664
f 1670 1664 1661
f 1672 1660 1662
f 1672 1656 1660
f 1673 1656 1672
f 1674 1663 1668
f 1674 1665 1663
f 1675 1668 1667
f 1675 1674 1668
f 1675 1665 1674
f 1676 1677 1669
f 1678 1667 1666
f 1678 1675 1667
f 1678 1677 1675
f 1679 1671 1658
f 1679 1658 1669
f 1679 1669 1680
f 1681 1669 1677
f 1681 1680 1669
f 1681 1678 1680
f 1681 1677 1678
f 1682 1670 1656
f 1682 1656 1658
f 1682 1658 1671
f 1682 1671 1670
f 1683 1672 1662
f 1683 1662 1665
f 1683 1673 1672
f 1684 1657 1656
f 1684 1656 1673
f 1684 1685 1657
f 1684 1673 1685
f 1686 1659 1657
f 1686 1676 1669
f 1686 1669 1659
f 1687 1675 1677
f 1688 1665 1675
f 1689 1678 1664
f 1689 1664 1671
f 1690 1678 1666
f 1690 1666 1664
f 1690 1664 1678
f 1691 1679 1680
f 1691 1680 1678
f 1691 1678 1689
f 1691 1689 1671
f 1691 1671 1679
f 1692 1683 1665
f 1692 1673 1683
f 1693 1687 1677
f 1693 1677 1676
f 1693 1676 1687
f 1694 1657 1685
f 1695 1688 1675
f 1695 1675 1687
f 1696 1665 1688
f 1697 1685 1673
f 1697 1673 1692
f 1698 1657 1694
f 1698 1686 1657
f 1698 1676 1686
f 1698 1694 1695
f 1698 1695 1687
f 1698 1687 1676
f 1699 1694 1685
f 1699 1695 1694
f 1699 1688 1695
f 1699 1696 1688
f 1700 1692 1665
f 1700 1665 1696
f 1700 1697 1692
f 1700 1685 1697
f 1700 1699 1685
f 1700 1696 1699

o geometry_35
v 0.56373378 -0.12938372 0.09965242
v 0.57035820 -0.13203349 0.09302800
v 0.57035820 -0.12938372 0.09302800
v 0.56997757 -0.12926699 0.09128883
v 0.56944564 -0.13170097 0.09109175
v 0.56638355 -0.12938372 0.09170312
v 0.54374804 -0.16315862 0.09258456
v 0.54379751 -0.14655193 0.10173870
v 0.55992527 -0.12928869 0.09925639
v 0.56903332 -0.13600814 0.09170312
v 0.54494949 -0.16298777 0.09239722
v 0.54335436 -0.15639987 0.10010292
v 0.54386052 -0.16383070 0.09435288
v 0.54518541 -0.15720628 0.10097730
v 0.55969795 -0.12941872 0.09931035
v 0.55310610 -0.13733524 0.10079925
v 0.56373378 -0.13070861 0.09965242
v 0.55843425 -0.13998279 0.10097730
v 0.56154408 -0.14601737 0.09149696
v 0.54518541 -0.16383070 0.09435288
v 0.54386052 -0.15323163 0.10230219
v 0.55048494 -0.14925698 0.10230219
v 0.56903332 -0.13600814 0.09302800
v 0.56638355 -0.14130768 0.09302800
v 0.55843425 -0.13733302 0.10097730
v 0.56638355 -0.14130768 0.09170312
v 0.54916006 -0.16250582 0.09302800
v 0.54651029 -0.15323163 0.10230219
v 0.55180983 -0.15058186 0.10097730
v 0.56373378 -0.13468326 0.09832753
v 0.56373378 -0.14528233 0.09170312
v 0.54916006 -0.16250582 0.09435288
v 0.55710936 -0.15455651 0.09435288
v 0.55445959 -0.14660721 0.10097730
v 0.55445959 -0.14925698 0.09965242
v 0.56240890 -0.14660721 0.09435288
v 0.55843425 -0.15058186 0.09567777
v 0.56505867 -0.13865791 0.09567777
v 0.55710936 -0.15455651 0.09302800
v 0.56373378 -0.14528233 0.09302800
v 0.55445959 -0.15588140 0.09567777
v 0.55048494 -0.15455651 0.09965242
v 0.54651029 -0.15985605 0.09832753
v 0.56240890 -0.14395744 0.09567777
v 0.55048494 -0.15985605 0.09567777
v 0.54916006 -0.15588140 0.09965242
v 0.54651029 -0.16250582 0.09567777
f 1701 1702 1703
f 1704 1701 1703
f 1704 1705 1706
f 1704 1703 1702
f 1707 1708 1706
f 1709 1704 1706
f 1709 1701 1704
f 1710 1704 1702
f 1710 1705 1704
f 1711 1707 1706
f 1711 1706 1705
f 1712 1707 1713
f 1712 1708 1707
f 1712 1713 1714
f 1715 1709 1706
f 1715 1706 1708
f 1715 1708 1716
f 1715 1716 1701
f 1715 1701 1709
f 1717 1702 1701
f 1717 1701 1718
f 1719 1711 1705
f 1720 1713 1707
f 1720 1707 1711
f 1721 1712 1714
f 1721 1708 1712
f 1721 1722 1708
f 1723 1702 1717
f 1723 1724 1710
f 1723 1710 1702
f 1725 1716 1708
f 1725 1708 1722
f 1725 1701 1716
f 1725 1722 1718
f 1725 1718 1701
f 1726 1705 1710
f 1726 1710 1724
f 1727 1720 1711
f 1728 1721 1714
f 1728 1722 1721
f 1729 1728 1714
f 1729 1722 1728
f 1730 1723 1717
f 1730 1717 1718
f 1731 1719 1705
f 1731 1705 1726
f 1731 1726 1724
f 1731 1727 1711
f 1731 1711 1719
f 1732 1727 1733
f 1732 1720 1727
f 1734 1729 1735
f 1734 1718 1722
f 1734 1722 1729
f 1734 1736 1718
f 1737 1733 1736
f 1737 1729 1733
f 1737 1735 1729
f 1737 1734 1735
f 1737 1736 1734
f 1738 1730 1718
f 1738 1723 1730
f 1738 1736 1724
f 1738 1724 1723
f 1739 1731 1733
f 1739 1733 1727
f 1739 1727 1731
f 1740 1731 1724
f 1740 1733 1731
f 1740 1736 1733
f 1740 1724 1736
f 1741 1732 1733
f 1741 1729 1742
f 1741 1733 1729
f 1743 1714 1713
f 1743 1713 1720
f 1744 1738 1718
f 1744 1718 1736
f 1744 1736 1738
f 1745 1732 1741
f 1745 1743 1732
f 1746 1714 1743
f 1746 1729 1714
f 1746 1742 1729
f 1746 1743 1745
f 1746 1745 1741
f 1746 1741 1742
f 1747 1743 1720
f 1747 1720 1732
f 1747 1732 1743

o geometry_36
v 0.52267089 -0.04189650 0.03585839
v 0.52928680 -0.04856580 0.03605799
v 0.52929945 -0.04318624 0.03567638
v 0.52272791 -0.05885512 0.03213576
v 0.50146424 -0.05916487 0.03340822
v 0.48026610 -0.04724092 0.03605799
v 0.48026215 -0.04187982 0.03579657
v 0.48026610 -0.04326627 0.02943357
v 0.52266238 -0.04326627 0.02943357
v 0.48689052 -0.05783999 0.02545892
v 0.52930262 -0.04980723 0.03436202
v 0.52928680 -0.04459115 0.02943357
v 0.52927115 -0.04997639 0.02981052
v 0.52266238 -0.05519022 0.02678381
v 0.52263855 -0.04207187 0.03133236
v 0.52262794 -0.05933305 0.02746849
v 0.48680651 -0.05954195 0.02667944
v 0.50941354 -0.05386534 0.03473311
v 0.48025727 -0.05899898 0.03143496
v 0.50941354 -0.05386534 0.02678381
v 0.48556563 -0.05783999 0.02545892
v 0.48026610 -0.05386534 0.02678381
v 0.48026711 -0.05918389 0.02685749
v 0.48027399 -0.04206452 0.03127578
v 0.52927400 -0.04335080 0.03115630
v 0.52398727 -0.04856580 0.03605799
v 0.48424075 -0.05783999 0.03340822
v 0.48024901 -0.05619389 0.03215280
v 0.48558274 -0.05948683 0.02670643
v 0.48026610 -0.05254046 0.03473311
f 1748 1749 1750
f 1751 1749 1752
f 1753 1748 1754
f 1753 1749 1748
f 1755 1756 1757
f 1758 1750 1749
f 1758 1749 1751
f 1759 1758 1760
f 1759 1750 1758
f 1759 1760 1761
f 1759 1761 1756
f 1762 1754 1748
f 1763 1761 1760
f 1763 1758 1751
f 1763 1760 1758
f 1763 1751 1752
f 1763 1752 1764
f 1763 1757 1761
f 1763 1764 1757
f 1765 1753 1752
f 1765 1752 1749
f 1766 1764 1752
f 1767 1757 1756
f 1767 1756 1761
f 1767 1761 1757
f 1768 1755 1757
f 1768 1769 1755
f 1768 1770 1769
f 1768 1757 1764
f 1771 1755 1754
f 1771 1754 1762
f 1771 1762 1756
f 1771 1756 1755
f 1772 1762 1748
f 1772 1748 1750
f 1772 1750 1759
f 1772 1759 1756
f 1772 1756 1762
f 1773 1765 1749
f 1773 1749 1753
f 1773 1753 1765
f 1774 1766 1752
f 1775 1753 1754
f 1775 1754 1755
f 1775 1755 1769
f 1775 1770 1766
f 1775 1769 1770
f 1776 1764 1766
f 1776 1766 1770
f 1776 1768 1764
f 1776 1770 1768
f 1777 1774 1752
f 1777 1752 1753
f 1777 1766 1774
f 1777 1775 1766
f 1777 1753 1775

o geometry_37
v 0.55508792 -0.11528989 0.05532113
v 0.55445959 -0.11745977 0.05858102
v 0.55445959 -0.12275930 0.05725613
v 0.55445959 -0.11613488 0.05195660
v 0.55445959 -0.11481000 0.05195660
v 0.55313471 -0.11481000 0.05593125
v 0.54705601 -0.11428486 0.04606868
v 0.54518541 -0.11481000 0.04798195
v 0.55382900 -0.12236022 0.05911501
v 0.53988587 -0.12010953 0.03870776
v 0.53458634 -0.13335837 0.03870776
v 0.53683329 -0.11921966 0.03786333
v 0.53723610 -0.11745977 0.04003264
v 0.54253564 -0.13865791 0.05858102
v 0.53988587 -0.14263256 0.05593125
v 0.54368749 -0.14256403 0.05869406
v 0.55445959 -0.12010953 0.05460637
v 0.55313471 -0.11745977 0.05858102
v 0.54916006 -0.13335837 0.05725613
v 0.54783518 -0.11613488 0.04533218
v 0.53781191 -0.11775002 0.03817483
v 0.54121076 -0.12010953 0.04003264
v 0.53591122 -0.11878465 0.04003264
v 0.54817242 -0.13294174 0.05929751
v 0.54651029 -0.12938372 0.05858102
v 0.54916006 -0.12408418 0.05858102
v 0.54319921 -0.14289539 0.05814752
v 0.54386052 -0.14263256 0.05593125
v 0.54121076 -0.14130768 0.05063172
v 0.54121076 -0.14263256 0.05195660
v 0.53924110 -0.11710305 0.03931406
v 0.54253564 -0.13600814 0.05725613
v 0.53952586 -0.14253589 0.05216711
v 0.53248524 -0.13311106 0.03938807
v 0.53403661 -0.12571588 0.03801283
v 0.54253564 -0.14263256 0.05328148
v 0.53988587 -0.14130768 0.05593125
v 0.53326145 -0.13070861 0.04268241
v 0.53326145 -0.12540907 0.04003264
v 0.53326145 -0.13335837 0.04268241
f 1778 1779 1780
f 1781 1782 1778
f 1783 1779 1778
f 1783 1784 1785
f 1783 1778 1782
f 1783 1782 1784
f 1786 1780 1779
f 1787 1788 1789
f 1790 1785 1784
f 1791 1792 1793
f 1794 1781 1778
f 1794 1778 1780
f 1795 1779 1783
f 1795 1786 1779
f 1795 1783 1785
f 1796 1786 1793
f 1796 1780 1786
f 1797 1784 1782
f 1797 1782 1781
f 1797 1781 1787
f 1798 1787 1789
f 1799 1787 1781
f 1799 1781 1788
f 1799 1788 1787
f 1800 1785 1790
f 1800 1798 1789
f 1800 1790 1798
f 1801 1802 1791
f 1801 1786 1795
f 1801 1791 1793
f 1801 1793 1786
f 1803 1795 1785
f 1803 1801 1795
f 1803 1802 1801
f 1803 1800 1802
f 1803 1785 1800
f 1804 1793 1792
f 1805 1796 1793
f 1805 1793 1804
f 1805 1780 1796
f 1806 1807 1788
f 1806 1788 1781
f 1808 1797 1787
f 1808 1787 1798
f 1808 1784 1797
f 1808 1798 1790
f 1808 1790 1784
f 1809 1791 1802
f 1809 1802 1800
f 1810 1804 1792
f 1810 1807 1804
f 1810 1792 1811
f 1810 1811 1788
f 1810 1788 1807
f 1812 1800 1789
f 1812 1789 1788
f 1812 1788 1811
f 1813 1805 1804
f 1813 1804 1807
f 1813 1807 1806
f 1813 1794 1780
f 1813 1780 1805
f 1813 1806 1781
f 1813 1781 1794
f 1814 1815 1792
f 1814 1792 1791
f 1814 1791 1815
f 1816 1809 1800
f 1816 1800 1812
f 1816 1812 1811
f 1816 1811 1815
f 1816 1815 1791
f 1816 1791 1809
f 1817 1815 1811
f 1817 1811 1792
f 1817 1792 1815

o geometry_38
v 0.49768014 -0.04449522 0.10201001
v 0.49748959 -0.04856580 0.12350033
v 0.49748959 -0.05386534 0.12085056
v 0.49616470 -0.05254046 0.12350033
v 0.48064440 -0.04148507 0.06765201
v 0.49629125 -0.03637613 0.06759821
v 0.48159098 -0.04724092 0.06785521
v 0.49351494 -0.03531697 0.06785521
v 0.49616470 -0.03531697 0.06918009
v 0.49749919 -0.04333356 0.09698680
v 0.49748959 -0.04856580 0.09700265
v 0.49748959 -0.04459115 0.10892661
v 0.49748959 -0.05386534 0.11820079
v 0.49616470 -0.04194138 0.06918009
v 0.49616470 -0.05386534 0.12217544
v 0.48556563 -0.05651511 0.12217544
v 0.48821540 -0.05254046 0.12350033
v 0.48136835 -0.05580691 0.12123064
v 0.48291586 -0.05121557 0.12217544
v 0.48821540 -0.04989069 0.12350033
v 0.49086517 -0.04856580 0.12217544
v 0.48291586 -0.05783999 0.12085056
v 0.48121058 -0.05680353 0.12024990
v 0.48159098 -0.05121557 0.11952568
v 0.48821540 -0.03664185 0.06785521
v 0.48159098 -0.03929162 0.06785521
v 0.48026610 -0.04061650 0.07182986
v 0.49351494 -0.03531697 0.06918009
v 0.49748959 -0.04724092 0.11952568
v 0.48424075 -0.05783999 0.11820079
v 0.48291586 -0.05783999 0.11555103
v 0.48159098 -0.04989069 0.07845428
v 0.49483982 -0.04194138 0.06785521
v 0.47955417 -0.05152245 0.09060555
v 0.48026610 -0.04591604 0.09435288
v 0.47954835 -0.04886435 0.07868345
v 0.47967697 -0.04639850 0.06804331
v 0.49483982 -0.04856580 0.12350033
v 0.48689052 -0.04856580 0.11820079
v 0.48689052 -0.04724092 0.11290126
v 0.48954029 -0.04326627 0.09965242
v 0.48159098 -0.04856580 0.10892661
v 0.48954029 -0.03796673 0.07712939
v 0.48291586 -0.03929162 0.07182986
v 0.49086517 -0.03664185 0.07315474
v 0.48159098 -0.05783999 0.11555103
v 0.48821540 -0.03664185 0.06918009
v 0.48159098 -0.03929162 0.06918009
v 0.49616470 -0.04459115 0.10892661
v 0.48424075 -0.05783999 0.11952568
v 0.49606584 -0.03996901 0.06801455
v 0.48026610 -0.04326627 0.08375381
v 0.49616470 -0.04724092 0.11952568
v 0.48556563 -0.04591604 0.10495195
v 0.48291586 -0.04989069 0.11687591
v 0.48821540 -0.04459115 0.10362707
v 0.48159098 -0.05254046 0.09037823
v 0.49086517 -0.04724092 0.11687591
f 1818 1819 1820
f 1821 1820 1819
f 1822 1823 1824
f 1825 1826 1823
f 1827 1826 1818
f 1827 1823 1826
f 1827 1828 1823
f 1827 1818 1828
f 1829 1818 1826
f 1830 1828 1818
f 1830 1818 1820
f 1831 1828 1824
f 1831 1823 1828
f 1832 1821 1833
f 1832 1820 1821
f 1834 1833 1821
f 1834 1835 1833
f 1834 1836 1835
f 1834 1821 1819
f 1837 1838 1836
f 1837 1834 1819
f 1837 1836 1834
f 1839 1835 1840
f 1839 1833 1835
f 1839 1832 1833
f 1841 1840 1835
f 1841 1835 1836
f 1842 1822 1843
f 1842 1823 1822
f 1842 1825 1823
f 1844 1843 1822
f 1845 1826 1825
f 1845 1829 1826
f 1845 1825 1842
f 1846 1819 1818
f 1846 1818 1829
f 1847 1830 1820
f 1847 1848 1830
f 1847 1839 1848
f 1849 1830 1848
f 1849 1824 1828
f 1849 1828 1830
f 1850 1831 1824
f 1850 1824 1823
f 1851 1841 1852
f 1851 1840 1841
f 1851 1853 1849
f 1854 1822 1824
f 1854 1849 1853
f 1854 1824 1849
f 1854 1844 1822
f 1854 1853 1844
f 1855 1837 1819
f 1855 1838 1837
f 1855 1819 1846
f 1856 1857 1836
f 1856 1836 1838
f 1856 1858 1857
f 1856 1838 1858
f 1859 1841 1836
f 1859 1852 1841
f 1860 1861 1857
f 1860 1858 1862
f 1863 1839 1840
f 1863 1848 1839
f 1863 1840 1851
f 1864 1845 1842
f 1864 1862 1845
f 1864 1860 1862
f 1864 1861 1860
f 1864 1842 1843
f 1865 1843 1844
f 1865 1864 1843
f 1865 1861 1864
f 1866 1829 1845
f 1866 1846 1829
f 1867 1847 1820
f 1867 1839 1847
f 1867 1820 1832
f 1867 1832 1839
f 1868 1850 1823
f 1868 1823 1831
f 1868 1831 1850
f 1869 1844 1853
f 1869 1853 1851
f 1869 1851 1852
f 1869 1852 1859
f 1869 1865 1844
f 1869 1859 1861
f 1869 1861 1865
f 1870 1855 1846
f 1870 1838 1855
f 1870 1866 1838
f 1870 1846 1866
f 1871 1859 1857
f 1871 1857 1861
f 1871 1861 1859
f 1872 1859 1836
f 1872 1836 1857
f 1872 1857 1859
f 1873 1860 1857
f 1873 1857 1858
f 1873 1858 1860
f 1874 1863 1851
f 1874 1851 1849
f 1874 1849 1848
f 1874 1848 1863
f 1875 1858 1838
f 1875 1838 1866
f 1875 1862 1858
f 1875 1866 1845
f 1875 1845 1862

o geometry_39
v 0.53139265 -0.14308054 0.02478145
v 0.52928680 -0.14263256 0.02545892
v 0.53061168 -0.14793210 0.02545892
v 0.52237276 -0.15249243 0.02588811
v 0.53263240 -0.12029043 0.01551067
v 0.52266238 -0.14925698 0.02545892
v 0.53061168 -0.14793210 0.02413404
v 0.53193657 -0.12540907 0.01353497
v 0.53061168 -0.12010953 0.01618473
v 0.53061168 -0.11745977 0.01485985
v 0.53236676 -0.11758649 0.01444842
v 0.53193657 -0.12143442 0.01221008
v 0.53258266 -0.12434256 0.01686872
v 0.50543889 -0.14263256 0.00823543
v 0.50941354 -0.12805884 0.00293590
v 0.50411401 -0.14263256 0.00691055
v 0.53061168 -0.13203349 0.01485985
v 0.53061168 -0.13733302 0.01750962
v 0.53061168 -0.14395744 0.02148427
v 0.52663703 -0.15190675 0.02413404
v 0.52531215 -0.12275930 0.00691055
v 0.52531215 -0.12143442 0.00691055
v 0.52928680 -0.12143442 0.00956031
v 0.51603796 -0.12408418 0.00161101
v 0.52796192 -0.12540907 0.00956031
v 0.52531215 -0.12805884 0.00823543
v 0.53110058 -0.11721350 0.01300961
v 0.52850855 -0.11723051 0.01030462
v 0.52663703 -0.11745977 0.00956031
v 0.52663703 -0.11745977 0.01088520
v 0.51073843 -0.12540907 0.00028613
v 0.50941354 -0.13070861 0.00028613
v 0.51338819 -0.12805884 0.00028613
v 0.50676378 -0.13468326 0.00161101
v 0.50676378 -0.13600814 0.00161101
v 0.50411401 -0.14395744 0.00426078
v 0.51338690 -0.15132730 0.01781751
v 0.51338819 -0.15190675 0.01618473
v 0.52796192 -0.13733302 0.01485985
v 0.52266238 -0.13600814 0.00956031
v 0.52796192 -0.14395744 0.01883450
v 0.52663703 -0.15190675 0.02545892
v 0.52398727 -0.15323163 0.02413404
v 0.52133750 -0.14660721 0.01485985
v 0.52133750 -0.14263256 0.01221008
v 0.51603796 -0.12673395 0.00161101
v 0.51338819 -0.12540907 0.00028613
v 0.51338819 -0.12408418 0.00161101
v 0.51073843 -0.12540907 0.00161101
v 0.50676378 -0.14130768 0.00293590
v 0.50676378 -0.14395744 0.00426078
v 0.50676378 -0.14528233 0.00558566
v 0.51206331 -0.14130768 0.00558566
v 0.50941354 -0.13600814 0.00161101
v 0.51073843 -0.13070861 0.00028613
v 0.50941354 -0.12805884 0.00028613
v 0.50411401 -0.14130768 0.00558566
v 0.50428957 -0.14436033 0.00602557
v 0.51338819 -0.14925698 0.01750962
v 0.52266238 -0.12938372 0.00691055
v 0.52266238 -0.13865791 0.01088520
v 0.52266238 -0.15323163 0.02413404
v 0.51603796 -0.15190675 0.01618473
v 0.52398727 -0.15323163 0.02545892
f 1876 1877 1878
f 1879 1878 1877
f 1880 1877 1876
f 1881 1879 1877
f 1882 1883 1876
f 1882 1876 1878
f 1884 1877 1880
f 1884 1881 1877
f 1884 1885 1881
f 1884 1880 1886
f 1884 1886 1885
f 1887 1880 1883
f 1887 1886 1880
f 1888 1880 1876
f 1888 1876 1883
f 1888 1883 1880
f 1889 1890 1891
f 1889 1885 1890
f 1889 1881 1885
f 1892 1883 1893
f 1894 1893 1883
f 1894 1883 1882
f 1895 1882 1878
f 1896 1897 1898
f 1899 1897 1896
f 1900 1896 1898
f 1900 1901 1896
f 1900 1892 1901
f 1900 1883 1892
f 1900 1887 1883
f 1900 1898 1887
f 1902 1885 1886
f 1902 1886 1887
f 1903 1898 1897
f 1903 1899 1904
f 1903 1897 1899
f 1903 1902 1887
f 1903 1887 1898
f 1905 1890 1885
f 1905 1903 1904
f 1905 1885 1902
f 1905 1902 1903
f 1905 1904 1906
f 1907 1906 1908
f 1909 1907 1910
f 1909 1910 1911
f 1912 1913 1879
f 1914 1892 1893
f 1914 1901 1892
f 1914 1893 1894
f 1915 1901 1914
f 1916 1894 1882
f 1916 1914 1894
f 1917 1895 1878
f 1917 1878 1879
f 1918 1895 1917
f 1919 1882 1895
f 1919 1916 1882
f 1919 1920 1916
f 1921 1896 1901
f 1921 1899 1896
f 1921 1908 1899
f 1922 1899 1908
f 1922 1908 1906
f 1922 1906 1899
f 1923 1899 1906
f 1923 1906 1904
f 1923 1904 1899
f 1924 1905 1906
f 1924 1906 1890
f 1924 1890 1905
f 1925 1911 1910
f 1925 1926 1911
f 1925 1910 1907
f 1927 1911 1926
f 1927 1913 1911
f 1928 1925 1929
f 1928 1926 1925
f 1928 1919 1926
f 1928 1920 1919
f 1928 1929 1908
f 1928 1908 1915
f 1930 1907 1908
f 1930 1908 1929
f 1930 1925 1907
f 1930 1929 1925
f 1931 1909 1890
f 1931 1890 1906
f 1931 1906 1907
f 1931 1907 1909
f 1932 1891 1890
f 1932 1890 1909
f 1932 1909 1911
f 1932 1911 1891
f 1933 1911 1913
f 1933 1913 1912
f 1933 1912 1891
f 1933 1891 1911
f 1934 1889 1891
f 1934 1891 1912
f 1934 1881 1889
f 1934 1912 1879
f 1934 1879 1881
f 1935 1915 1908
f 1935 1901 1915
f 1935 1921 1901
f 1935 1908 1921
f 1936 1915 1914
f 1936 1928 1915
f 1936 1920 1928
f 1936 1916 1920
f 1936 1914 1916
f 1937 1879 1913
f 1937 1913 1918
f 1938 1918 1913
f 1938 1895 1918
f 1938 1919 1895
f 1938 1913 1927
f 1938 1927 1926
f 1938 1926 1919
f 1939 1918 1917
f 1939 1917 1879
f 1939 1937 1918
f 1939 1879 1937

o geometry_40
v 0.52263855 -0.04207187 0.03133236
v 0.52266238 -0.04194138 0.03738288
v 0.48026610 -0.04194138 0.03738288
v 0.52308126 -0.03702539 0.03894876
v 0.48159098 -0.03929162 0.02810869
v 0.48159098 -0.03399208 0.02810869
v 0.52266238 -0.03266720 0.02810869
v 0.50941354 -0.03001743 0.02810869
v 0.50013936 -0.02736766 0.03870776
v 0.52266238 -0.03001743 0.03605799
v 0.52133750 -0.03001743 0.03870776
v 0.52281228 -0.03506757 0.02863936
v 0.52133750 -0.03796673 0.03870776
v 0.48027399 -0.04206452 0.03127578
v 0.48954029 -0.03134231 0.02810869
v 0.51471308 -0.03001743 0.02810869
v 0.51073843 -0.02736766 0.03870776
v 0.50543889 -0.02604278 0.03605799
v 0.52133750 -0.02869255 0.03340822
v 0.52266238 -0.03001743 0.02943357
v 0.50278912 -0.02736766 0.02943357
v 0.51073843 -0.02604278 0.03075846
v 0.49881447 -0.02604278 0.03075846
v 0.49881447 -0.02604278 0.03340822
v 0.51736285 -0.02869255 0.03870776
v 0.51736285 -0.02736766 0.03473311
v 0.48026610 -0.03266720 0.03738288
v 0.48291586 -0.03134231 0.03738288
v 0.52133750 -0.02869255 0.03075846
v 0.51868773 -0.02736766 0.03075846
v 0.51868773 -0.02869255 0.02943357
v 0.52001261 -0.03134231 0.02810869
v 0.47959887 -0.03832840 0.02832543
v 0.48026610 -0.03266720 0.02943357
v 0.49086517 -0.02736766 0.03075846
v 0.49219005 -0.02869255 0.02943357
v 0.48689052 -0.03001743 0.02943357
v 0.50676378 -0.02736766 0.02943357
v 0.50411401 -0.02604278 0.03605799
v 0.51073843 -0.02604278 0.03340822
v 0.51868773 -0.02736766 0.03208334
v 0.48159098 -0.03134231 0.03473311
v 0.48026610 -0.03531697 0.02810869
v 0.48424075 -0.03266720 0.02810869
v 0.48291586 -0.03134231 0.02943357
v 0.49086517 -0.02869255 0.03738288
v 0.49351494 -0.02736766 0.03605799
v 0.49616470 -0.02736766 0.03738288
v 0.49086517 -0.02736766 0.03340822
v 0.48424075 -0.03001743 0.03075846
v 0.48424075 -0.03001743 0.03340822
f 1940 1941 1942
f 1943 1941 1940
f 1944 1945 1946
f 1947 1946 1945
f 1948 1942 1943
f 1949 1950 1943
f 1951 1943 1940
f 1951 1944 1946
f 1951 1940 1944
f 1952 1943 1942
f 1952 1942 1941
f 1952 1941 1943
f 1953 1944 1940
f 1953 1940 1942
f 1954 1947 1945
f 1955 1946 1947
f 1956 1948 1943
f 1956 1957 1948
f 1958 1950 1949
f 1959 1949 1943
f 1959 1943 1951
f 1959 1951 1946
f 1959 1958 1949
f 1960 1947 1954
f 1960 1955 1947
f 1961 1962 1957
f 1961 1960 1962
f 1963 1957 1962
f 1964 1956 1943
f 1964 1943 1950
f 1965 1956 1964
f 1965 1964 1950
f 1965 1950 1958
f 1966 1942 1948
f 1966 1948 1967
f 1968 1959 1969
f 1968 1969 1958
f 1968 1958 1959
f 1970 1969 1959
f 1970 1961 1969
f 1970 1955 1961
f 1971 1959 1946
f 1971 1946 1955
f 1971 1970 1959
f 1971 1955 1970
f 1972 1953 1942
f 1972 1966 1973
f 1972 1942 1966
f 1972 1944 1953
f 1974 1963 1962
f 1975 1960 1954
f 1975 1962 1960
f 1975 1974 1962
f 1975 1976 1974
f 1975 1954 1976
f 1977 1961 1955
f 1977 1955 1960
f 1977 1960 1961
f 1978 1948 1957
f 1978 1957 1963
f 1979 1957 1956
f 1979 1956 1965
f 1979 1961 1957
f 1979 1969 1961
f 1980 1965 1958
f 1980 1958 1969
f 1980 1979 1965
f 1980 1969 1979
f 1981 1966 1967
f 1981 1973 1966
f 1982 1972 1973
f 1982 1973 1945
f 1982 1945 1944
f 1982 1944 1972
f 1983 1976 1954
f 1983 1954 1945
f 1984 1974 1976
f 1984 1976 1983
f 1984 1983 1945
f 1984 1945 1973
f 1985 1986 1967
f 1985 1967 1948
f 1987 1948 1978
f 1987 1978 1963
f 1987 1963 1986
f 1987 1985 1948
f 1987 1986 1985
f 1988 1967 1986
f 1988 1986 1963
f 1988 1963 1974
f 1989 1974 1984
f 1989 1988 1974
f 1989 1984 1973
f 1989 1973 1981
f 1990 1989 1981
f 1990 1988 1989
f 1990 1981 1967
f 1990 1967 1988

o geometry_41
v 0.46565277 -0.05914374 0.06255911
v 0.46491523 -0.06139997 0.06792278
v 0.46569237 -0.06313953 0.06785521
v 0.46569237 -0.06048976 0.04665706
v 0.45911541 -0.07610134 0.06786272
v 0.45509330 -0.07241371 0.06785521
v 0.45562335 -0.07652883 0.06784726
v 0.46039284 -0.05916487 0.06255567
v 0.45906796 -0.06181464 0.06785521
v 0.46458305 -0.05857294 0.04675352
v 0.46383767 -0.05888217 0.04007871
v 0.46569237 -0.06313953 0.06388055
v 0.46171772 -0.07108883 0.04003264
v 0.45951032 -0.07640207 0.04792203
v 0.46436749 -0.06181464 0.04003264
v 0.45979371 -0.05955346 0.03996765
v 0.45641819 -0.06711418 0.06785521
v 0.45906796 -0.05916487 0.05328148
v 0.45663284 -0.07114571 0.04002943
v 0.45906796 -0.06048976 0.06123079
v 0.45641819 -0.06578929 0.04003264
v 0.45596142 -0.07641109 0.04803307
v 0.45774307 -0.06181464 0.05460637
v 0.45509330 -0.07108883 0.04930683
v 0.45641819 -0.06578929 0.04400730
v 0.45509330 -0.07108883 0.04798195
f 1991 1992 1993
f 1991 1993 1994
f 1995 1993 1992
f 1996 1995 1992
f 1996 1997 1995
f 1998 1999 1992
f 1998 1992 1991
f 2000 1991 1994
f 2000 1994 2001
f 2000 1998 1991
f 2002 2003 1994
f 2002 1994 1993
f 2004 1993 1995
f 2004 1995 1997
f 2004 2002 1993
f 2004 2003 2002
f 2005 2001 1994
f 2005 1994 2003
f 2005 2003 2006
f 2005 2006 2001
f 2007 1996 1992
f 2007 1992 1999
f 2008 1998 2000
f 2008 2000 2001
f 2008 2001 2006
f 2009 2006 2003
f 2009 2003 2004
f 2010 1999 1998
f 2010 1998 2008
f 2010 2007 1999
f 2011 2008 2006
f 2011 2006 2009
f 2012 2009 2004
f 2012 2004 1997
f 2013 2010 2008
f 2013 2007 2010
f 2013 2008 2011
f 2014 1996 2007
f 2015 2013 2011
f 2015 2007 2013
f 2015 2014 2007
f 2015 2011 2014
f 2016 2014 2011
f 2016 2011 2009
f 2016 2009 2012
f 2016 2012 1997
f 2016 1997 1996
f 2016 1996 2014

o geometry_42
v 0.47894121 -0.13733302 0.09965242
v 0.48305307 -0.13659369 0.09865430
v 0.48291586 -0.13203349 0.09965242
v 0.48291586 -0.11745977 0.05725613
v 0.47324025 -0.11386315 0.05711779
v 0.47496656 -0.11348511 0.05990590
v 0.47761633 -0.11481000 0.05990590
v 0.48291586 -0.11745977 0.05858102
v 0.47278492 -0.11429194 0.05961063
v 0.46903736 -0.12076164 0.08748629
v 0.47364168 -0.12143442 0.05858102
v 0.47099191 -0.12010953 0.08772846
v 0.47099191 -0.12408418 0.09965242
v 0.47099191 -0.12540907 0.10097730
v 0.47496656 -0.12938372 0.10097730
v 0.47099191 -0.13335837 0.10097730
v 0.48291586 -0.13070861 0.09700265
v 0.47231679 -0.13468326 0.09965242
v 0.47629145 -0.13335837 0.10097730
v 0.47894121 -0.13733302 0.09567777
v 0.46966703 -0.13203349 0.10097730
v 0.46906376 -0.12585114 0.10014170
v 0.46882584 -0.12495535 0.09932890
v 0.46966703 -0.12938372 0.08640358
v 0.46966703 -0.13335837 0.09832753
v 0.48309395 -0.12335146 0.05750775
v 0.48159098 -0.11878465 0.06520544
v 0.46966703 -0.13335837 0.09965242
v 0.47629145 -0.13203349 0.10097730
v 0.48291586 -0.13733302 0.09435288
v 0.48291586 -0.12540907 0.05858102
v 0.47231679 -0.13468326 0.09832753
v 0.47415610 -0.11924604 0.05756495
v 0.47629145 -0.12275930 0.05725613
v 0.47442667 -0.11452984 0.05689058
v 0.46966703 -0.12805884 0.08507870
v 0.47364168 -0.12275930 0.06123079
v 0.47099191 -0.13335837 0.09567777
v 0.47894121 -0.13203349 0.07977916
v 0.47894121 -0.12408418 0.05725613
v 0.48159098 -0.12540907 0.05858102
v 0.48159098 -0.11745977 0.06123079
v 0.48291586 -0.12275930 0.07447962
v 0.48026610 -0.13733302 0.09435288
v 0.47761633 -0.12673395 0.06653032
v 0.47099191 -0.13203349 0.09170312
v 0.48159098 -0.12938372 0.09567777
v 0.48026610 -0.13468326 0.08640358
v 0.47231679 -0.12673395 0.07447962
f 2017 2018 2019
f 2020 2021 2022
f 2020 2023 2024
f 2020 2022 2023
f 2025 2026 2022
f 2025 2022 2021
f 2025 2021 2027
f 2028 2026 2029
f 2028 2022 2026
f 2028 2023 2022
f 2030 2019 2029
f 2030 2031 2019
f 2030 2032 2031
f 2033 2019 2018
f 2033 2029 2019
f 2034 2017 2032
f 2035 2017 2019
f 2035 2031 2032
f 2035 2032 2017
f 2036 2017 2034
f 2037 2030 2038
f 2037 2032 2030
f 2039 2037 2038
f 2039 2029 2026
f 2039 2030 2029
f 2039 2038 2030
f 2040 2039 2026
f 2040 2041 2039
f 2042 2020 2024
f 2042 2033 2018
f 2043 2028 2029
f 2044 2034 2032
f 2044 2041 2034
f 2044 2032 2037
f 2044 2039 2041
f 2044 2037 2039
f 2045 2035 2019
f 2045 2019 2031
f 2045 2031 2035
f 2046 2018 2017
f 2046 2017 2036
f 2046 2042 2018
f 2046 2047 2042
f 2048 2036 2034
f 2048 2034 2041
f 2049 2050 2027
f 2049 2027 2021
f 2049 2021 2050
f 2051 2050 2021
f 2051 2021 2020
f 2052 2025 2027
f 2052 2027 2040
f 2052 2040 2026
f 2052 2026 2025
f 2053 2040 2027
f 2053 2027 2050
f 2054 2041 2040
f 2054 2048 2041
f 2054 2036 2048
f 2054 2055 2036
f 2056 2020 2042
f 2056 2051 2020
f 2056 2050 2051
f 2056 2057 2055
f 2056 2042 2047
f 2056 2047 2057
f 2058 2043 2024
f 2058 2024 2023
f 2058 2023 2028
f 2058 2028 2043
f 2059 2024 2043
f 2059 2042 2024
f 2059 2033 2042
f 2059 2043 2029
f 2060 2046 2036
f 2061 2053 2050
f 2061 2056 2055
f 2061 2050 2056
f 2062 2054 2040
f 2062 2061 2055
f 2062 2055 2054
f 2063 2059 2029
f 2063 2029 2033
f 2063 2033 2059
f 2064 2055 2057
f 2064 2046 2060
f 2064 2057 2047
f 2064 2047 2046
f 2064 2060 2036
f 2064 2036 2055
f 2065 2062 2040
f 2065 2040 2053
f 2065 2053 2061
f 2065 2061 2062

o geometry_43
v 0.54253564 -0.07771325 0.02148427
v 0.54217998 -0.07628430 0.02814895
v 0.54253564 -0.08036302 0.02810869
v 0.53596852 -0.08437044 0.02942245
v 0.53988587 -0.08433767 0.01883450
v 0.53458634 -0.09228697 0.01618473
v 0.53988587 -0.07903813 0.01883450
v 0.52838412 -0.09533180 0.02797845
v 0.52663703 -0.07771325 0.02943357
v 0.52001261 -0.08566255 0.02678381
v 0.53458634 -0.07903813 0.01750962
v 0.52398727 -0.09228697 0.01353497
v 0.52398727 -0.07771325 0.02148427
v 0.52399599 -0.07634953 0.02796175
v 0.53856099 -0.07638837 0.01883450
v 0.53061168 -0.09493674 0.01485985
v 0.52663703 -0.09493674 0.01353497
v 0.53458634 -0.08698744 0.01618473
v 0.51998007 -0.09508283 0.01798249
v 0.51996019 -0.08457186 0.02097331
v 0.52001261 -0.09096209 0.01750962
v 0.52001261 -0.09493674 0.02413404
v 0.52001261 -0.09096209 0.02545892
v 0.53595423 -0.07618503 0.02859826
v 0.54150600 -0.07615444 0.02185888
v 0.54121076 -0.07638837 0.02015939
v 0.52395852 -0.07652012 0.02330420
v 0.53193657 -0.09493674 0.01618473
v 0.52297162 -0.09535052 0.01378148
v 0.53326145 -0.09493674 0.01883450
v 0.54121076 -0.08168790 0.02015939
v 0.54121076 -0.08301279 0.02148427
v 0.54253564 -0.08036302 0.02545892
v 0.53856099 -0.08698744 0.01883450
v 0.52001261 -0.08698744 0.01883450
v 0.52007832 -0.08405159 0.02578426
v 0.53458634 -0.09493674 0.02280915
v 0.53856099 -0.08963720 0.02810869
v 0.53591122 -0.09361186 0.02810869
v 0.53380138 -0.09448233 0.02826700
v 0.52663703 -0.09228697 0.01353497
v 0.53326145 -0.08301279 0.01618473
v 0.53193657 -0.08301279 0.01618473
v 0.53591122 -0.07903813 0.01750962
v 0.52671032 -0.07606204 0.02819884
v 0.52266238 -0.09361186 0.01353497
v 0.54253564 -0.07903813 0.02280915
v 0.53458634 -0.09361186 0.01883450
v 0.54121076 -0.08433767 0.02810869
v 0.53591122 -0.09361186 0.02545892
v 0.53988587 -0.08698744 0.02545892
v 0.53061168 -0.08831232 0.01485985
v 0.53723610 -0.08168790 0.01750962
v 0.53591122 -0.09096209 0.01750962
v 0.54121076 -0.08433767 0.02545892
v 0.53988587 -0.08566255 0.02148427
v 0.53856099 -0.08963720 0.02678381
f 2066 2067 2068
f 2069 2068 2067
f 2070 2071 2072
f 2070 2072 2066
f 2073 2069 2074
f 2073 2074 2075
f 2076 2077 2078
f 2079 2075 2074
f 2080 2076 2078
f 2081 2082 2071
f 2083 2072 2071
f 2083 2071 2082
f 2084 2085 2086
f 2084 2087 2085
f 2084 2073 2087
f 2088 2073 2075
f 2088 2087 2073
f 2088 2085 2087
f 2088 2075 2085
f 2089 2069 2067
f 2089 2074 2069
f 2090 2067 2066
f 2090 2089 2067
f 2091 2066 2072
f 2091 2072 2080
f 2091 2090 2066
f 2091 2080 2090
f 2092 2080 2078
f 2092 2078 2085
f 2093 2081 2071
f 2094 2082 2081
f 2094 2073 2084
f 2094 2081 2093
f 2094 2093 2095
f 2094 2095 2073
f 2096 2097 2070
f 2096 2070 2066
f 2096 2066 2097
f 2098 2066 2068
f 2099 2071 2070
f 2099 2070 2097
f 2100 2085 2078
f 2100 2086 2085
f 2101 2085 2075
f 2101 2075 2079
f 2101 2092 2085
f 2101 2079 2092
f 2102 2073 2095
f 2103 2069 2104
f 2105 2104 2069
f 2105 2069 2073
f 2105 2102 2104
f 2105 2073 2102
f 2106 2082 2077
f 2106 2077 2107
f 2106 2083 2082
f 2108 2107 2077
f 2108 2077 2076
f 2108 2076 2107
f 2109 2107 2076
f 2109 2076 2080
f 2110 2079 2074
f 2110 2074 2089
f 2110 2089 2090
f 2110 2092 2079
f 2110 2090 2080
f 2110 2080 2092
f 2111 2077 2082
f 2111 2082 2094
f 2111 2086 2100
f 2111 2100 2078
f 2111 2078 2077
f 2111 2094 2084
f 2111 2084 2086
f 2112 2098 2097
f 2112 2097 2066
f 2112 2066 2098
f 2113 2102 2095
f 2113 2099 2102
f 2113 2093 2071
f 2113 2095 2093
f 2114 2068 2069
f 2114 2069 2103
f 2114 2098 2068
f 2115 2103 2104
f 2115 2104 2102
f 2116 2114 2103
f 2117 2106 2107
f 2117 2107 2083
f 2117 2083 2106
f 2118 2072 2083
f 2118 2083 2107
f 2118 2107 2109
f 2118 2109 2080
f 2118 2080 2072
f 2119 2113 2071
f 2119 2071 2099
f 2119 2099 2113
f 2120 2097 2098
f 2120 2098 2114
f 2120 2116 2097
f 2120 2114 2116
f 2121 2116 2099
f 2121 2099 2097
f 2121 2097 2116
f 2122 2116 2103
f 2122 2103 2115
f 2122 2115 2102
f 2122 2102 2099
f 2122 2099 2116

o geometry_44
v 0.52404948 -0.05887076 0.03220001
v 0.52398727 -0.08301279 0.02015939
v 0.52398727 -0.06181464 0.02545892
v 0.52403716 -0.08412044 0.02602482
v 0.52398727 -0.08168790 0.02810869
v 0.52398727 -0.06048976 0.03340822
v 0.51736285 -0.06578929 0.03208334
v 0.50543889 -0.08433767 0.02678381
v 0.51868773 -0.08168790 0.02810869
v 0.46834214 -0.06711418 0.03075846
v 0.47099191 -0.08433767 0.02545892
v 0.46834214 -0.06181464 0.03208334
v 0.46833628 -0.05897639 0.03140528
v 0.52266238 -0.06048976 0.03340822
v 0.51603796 -0.07638837 0.02943357
v 0.46834214 -0.08301279 0.02545892
v 0.46834778 -0.08417292 0.02362148
v 0.46834134 -0.08436199 0.01890990
v 0.48159098 -0.08036302 0.01883450
v 0.46834214 -0.07108883 0.02148427
v 0.49351494 -0.08168790 0.01883450
v 0.50411401 -0.08301279 0.01883450
v 0.51736285 -0.06048976 0.02545892
v 0.50278912 -0.05916487 0.02545892
v 0.46835305 -0.05951388 0.02670604
v 0.52272791 -0.05885512 0.03213576
v 0.52133750 -0.08168790 0.02015939
v 0.52391967 -0.08463962 0.02120883
v 0.46832894 -0.08076192 0.02007109
v 0.47364168 -0.07108883 0.02148427
v 0.52394966 -0.05934845 0.02753120
v 0.51603796 -0.08036302 0.02015939
v 0.50402795 -0.08472396 0.02008487
f 2123 2124 2125
f 2123 2126 2124
f 2127 2123 2128
f 2127 2126 2123
f 2129 2127 2128
f 2130 2131 2132
f 2130 2132 2133
f 2130 2127 2131
f 2130 2126 2127
f 2134 2135 2132
f 2136 2128 2123
f 2136 2123 2135
f 2136 2135 2134
f 2136 2134 2129
f 2136 2129 2128
f 2137 2132 2131
f 2137 2131 2127
f 2137 2127 2129
f 2137 2134 2132
f 2137 2129 2134
f 2138 2139 2133
f 2138 2133 2132
f 2138 2132 2135
f 2140 2133 2139
f 2140 2139 2138
f 2141 2140 2142
f 2141 2143 2144
f 2141 2144 2140
f 2145 2141 2146
f 2145 2143 2141
f 2145 2144 2143
f 2147 2146 2142
f 2147 2142 2135
f 2147 2135 2146
f 2148 2146 2135
f 2148 2135 2123
f 2148 2123 2146
f 2149 2125 2124
f 2149 2124 2144
f 2150 2126 2130
f 2150 2124 2126
f 2150 2144 2124
f 2151 2140 2138
f 2151 2138 2135
f 2151 2135 2142
f 2151 2142 2140
f 2152 2141 2142
f 2152 2142 2146
f 2152 2146 2141
f 2153 2145 2146
f 2153 2146 2123
f 2153 2123 2125
f 2153 2125 2145
f 2154 2149 2144
f 2154 2125 2149
f 2154 2145 2125
f 2154 2144 2145
f 2155 2150 2130
f 2155 2130 2133
f 2155 2133 2140
f 2155 2140 2144
f 2155 2144 2150

o geometry_45
v 0.53282709 -0.15508331 0.03916387
v 0.54386052 -0.14528233 0.03870776
v 0.54253564 -0.13998279 0.03870776
v 0.54442813 -0.14030330 0.03827225
v 0.54386052 -0.14528233 0.03738288
v 0.54386052 -0.13733302 0.03208334
v 0.54469144 -0.13506304 0.03535837
v 0.54386052 -0.12938372 0.02810869
v 0.54386052 -0.12673395 0.02810869
v 0.53988587 -0.12805884 0.02280915
v 0.53988587 -0.12673395 0.02280915
v 0.53193657 -0.12673395 0.01485985
v 0.53016245 -0.12657029 0.01531207
v 0.54402512 -0.12679361 0.03062359
v 0.53061168 -0.12673395 0.01883450
v 0.54121076 -0.12805884 0.03075846
v 0.54253564 -0.13468326 0.03605799
v 0.53326145 -0.15190675 0.03870776
v 0.54121076 -0.14263256 0.03208334
v 0.53723610 -0.13733302 0.02413404
v 0.53856099 -0.13203349 0.02280915
v 0.53193657 -0.13203349 0.01618473
v 0.53193657 -0.12805884 0.01485985
v 0.53193657 -0.13998279 0.02015939
v 0.53988587 -0.12805884 0.02943357
v 0.53061168 -0.14528233 0.02943357
v 0.54121076 -0.14130768 0.03870776
v 0.54121076 -0.14925698 0.03738288
v 0.54121076 -0.14925698 0.03870776
v 0.53458634 -0.15588140 0.03870776
v 0.53326145 -0.15588140 0.03738288
v 0.53009219 -0.14621621 0.02592914
v 0.53458634 -0.14395744 0.02545892
v 0.53193657 -0.14395744 0.02280915
v 0.52993753 -0.12781323 0.01553848
v 0.53061168 -0.13998279 0.02015939
v 0.53061168 -0.14660721 0.02943357
v 0.54121076 -0.14793210 0.03605799
v 0.53193657 -0.14660721 0.02545892
v 0.53458634 -0.15058186 0.03075846
v 0.53458634 -0.13998279 0.02280915
v 0.52975288 -0.13159167 0.01706947
v 0.52992965 -0.14341056 0.02357177
v 0.53988587 -0.14660721 0.03340822
v 0.53458634 -0.15588140 0.03738288
f 2156 2157 2158
f 2159 2158 2157
f 2160 2161 2162
f 2160 2159 2157
f 2160 2162 2159
f 2163 2164 2162
f 2163 2162 2161
f 2163 2165 2164
f 2166 2165 2167
f 2166 2164 2165
f 2166 2168 2164
f 2166 2167 2168
f 2169 2170 2171
f 2169 2168 2170
f 2169 2164 2168
f 2169 2162 2164
f 2172 2159 2162
f 2172 2158 2159
f 2172 2162 2169
f 2172 2169 2171
f 2172 2171 2173
f 2174 2175 2161
f 2174 2161 2160
f 2176 2163 2161
f 2176 2161 2175
f 2176 2165 2163
f 2176 2177 2165
f 2178 2167 2165
f 2178 2165 2177
f 2178 2168 2167
f 2179 2177 2176
f 2180 2173 2171
f 2180 2171 2170
f 2180 2170 2173
f 2181 2173 2170
f 2181 2156 2173
f 2182 2173 2156
f 2182 2156 2158
f 2182 2172 2173
f 2182 2158 2172
f 2183 2160 2157
f 2184 2157 2156
f 2184 2156 2185
f 2184 2183 2157
f 2184 2185 2183
f 2186 2185 2156
f 2186 2156 2187
f 2188 2189 2179
f 2190 2178 2177
f 2190 2168 2178
f 2190 2170 2168
f 2191 2179 2189
f 2191 2177 2179
f 2192 2181 2187
f 2192 2187 2156
f 2192 2156 2181
f 2193 2160 2183
f 2194 2186 2187
f 2194 2187 2189
f 2195 2193 2183
f 2195 2194 2189
f 2195 2189 2188
f 2196 2175 2174
f 2196 2174 2188
f 2196 2188 2179
f 2196 2179 2176
f 2196 2176 2175
f 2197 2181 2170
f 2197 2170 2190
f 2197 2190 2177
f 2197 2177 2191
f 2198 2191 2189
f 2198 2189 2187
f 2198 2197 2191
f 2198 2187 2181
f 2198 2181 2197
f 2199 2188 2174
f 2199 2174 2160
f 2199 2160 2193
f 2199 2195 2188
f 2199 2193 2195
f 2200 2195 2183
f 2200 2183 2185
f 2200 2185 2186
f 2200 2186 2194
f 2200 2194 2195

o geometry_46
v 0.45376842 -0.07903813 0.11290126
v 0.45852945 -0.07891714 0.07580768
v 0.45499151 -0.07936225 0.07578617
v 0.46039284 -0.08036302 0.11555103
v 0.45641819 -0.09493674 0.11157637
v 0.46039284 -0.08168790 0.11422614
v 0.45924685 -0.07847804 0.10371791
v 0.45859025 -0.07853712 0.11589699
v 0.45244354 -0.08301279 0.08110404
v 0.45509330 -0.07903813 0.11687591
v 0.45906796 -0.08036302 0.11687591
v 0.45967116 -0.07851368 0.11495674
v 0.46039284 -0.08036302 0.10362707
v 0.45906796 -0.09493674 0.07977916
v 0.45906796 -0.08301279 0.11555103
v 0.45509330 -0.09493674 0.11290126
v 0.45376842 -0.08698744 0.11555103
v 0.45111865 -0.09493674 0.11290126
v 0.45821173 -0.09516713 0.07568146
v 0.45774307 -0.09493674 0.09832753
v 0.45111865 -0.08963720 0.11290126
v 0.46039284 -0.08168790 0.11290126
v 0.45774307 -0.08168790 0.11687591
v 0.45111865 -0.09493674 0.10097730
v 0.45244354 -0.09493674 0.08110404
v 0.45509330 -0.08698744 0.11555103
v 0.45509330 -0.08168790 0.11687591
v 0.45427917 -0.09482507 0.07587183
v 0.45111865 -0.08963720 0.10097730
v 0.45244354 -0.09228697 0.07977916
v 0.45244354 -0.08301279 0.08242893
v 0.45244354 -0.08433767 0.11422614
v 0.45376842 -0.08036302 0.11555103
v 0.45244354 -0.08566255 0.07977916
f 2201 2202 2203
f 2204 2205 2206
f 2207 2201 2208
f 2207 2202 2201
f 2209 2201 2203
f 2210 2211 2208
f 2210 2208 2201
f 2212 2208 2211
f 2212 2211 2204
f 2212 2207 2208
f 2212 2202 2207
f 2213 2204 2206
f 2213 2212 2204
f 2213 2202 2212
f 2213 2214 2202
f 2215 2204 2211
f 2215 2205 2204
f 2215 2216 2205
f 2215 2211 2216
f 2217 2218 2216
f 2219 2216 2218
f 2219 2205 2216
f 2219 2203 2202
f 2219 2202 2214
f 2220 2214 2206
f 2220 2206 2205
f 2220 2219 2214
f 2220 2205 2219
f 2221 2218 2210
f 2222 2213 2206
f 2222 2206 2214
f 2222 2214 2213
f 2223 2216 2211
f 2223 2211 2210
f 2224 2218 2221
f 2224 2225 2219
f 2224 2219 2218
f 2226 2223 2217
f 2226 2217 2216
f 2226 2216 2223
f 2227 2223 2210
f 2227 2217 2223
f 2227 2210 2218
f 2227 2218 2217
f 2228 2203 2219
f 2228 2219 2225
f 2229 2224 2221
f 2229 2221 2209
f 2230 2225 2224
f 2230 2228 2225
f 2230 2224 2229
f 2231 2232 2201
f 2231 2201 2209
f 2231 2209 2221
f 2231 2221 2232
f 2233 2210 2201
f 2233 2201 2232
f 2233 2232 2221
f 2233 2221 2210
f 2234 2209 2203
f 2234 2203 2228
f 2234 2228 2230
f 2234 2230 2229
f 2234 2229 2209

o geometry_47
v 0.56588219 -0.13769826 0.07030771
v 0.56684785 -0.13688295 0.09153943
v 0.56803046 -0.13681727 0.07741941
v 0.56373378 -0.13865791 0.07050497
v 0.56373378 -0.13865791 0.07315474
v 0.56572858 -0.13761464 0.09243790
v 0.55048494 -0.15853117 0.07315474
v 0.56793078 -0.13675641 0.08619387
v 0.56903332 -0.13865791 0.08640358
v 0.56770843 -0.13865791 0.09170312
v 0.56240890 -0.14793210 0.09302800
v 0.55913004 -0.14704247 0.09385588
v 0.54997500 -0.16314426 0.08122201
v 0.55180983 -0.16383070 0.08110404
v 0.55578448 -0.15720628 0.09170312
v 0.56903332 -0.13865791 0.07712939
v 0.56903332 -0.13998279 0.07845428
v 0.55975913 -0.15323163 0.08905335
v 0.55843425 -0.15323163 0.09302800
v 0.55578448 -0.15985605 0.08375381
v 0.55578448 -0.15588140 0.09302800
v 0.56770843 -0.13998279 0.09037823
v 0.55645343 -0.15109297 0.09387655
v 0.55490942 -0.15357531 0.09359858
v 0.55048494 -0.15985605 0.07977916
v 0.55180983 -0.16383070 0.07977916
v 0.54975637 -0.16167737 0.07197856
v 0.55180983 -0.16250582 0.07182986
v 0.56770843 -0.13733302 0.07050497
v 0.56770843 -0.14130768 0.07580451
v 0.56638355 -0.14528233 0.07977916
v 0.56373378 -0.14660721 0.07182986
v 0.56903332 -0.13998279 0.08375381
v 0.55048494 -0.15853117 0.07050497
v 0.55710936 -0.15588140 0.07050497
v 0.55710936 -0.15853117 0.07977916
v 0.55843425 -0.15720628 0.08242893
v 0.55710936 -0.15720628 0.08772846
v 0.56373378 -0.14925698 0.08375381
v 0.56108401 -0.15323163 0.07977916
v 0.55415051 -0.15563965 0.09294554
v 0.55313471 -0.16250582 0.07845428
v 0.55445959 -0.16118093 0.07845428
v 0.54990225 -0.16297511 0.07992323
v 0.56240890 -0.14793210 0.07050497
v 0.56770843 -0.13865791 0.07050497
v 0.55975913 -0.15323163 0.07315474
v 0.55025498 -0.16093194 0.07062359
v 0.55843425 -0.15720628 0.08110404
v 0.55445959 -0.15985605 0.07182986
v 0.55710936 -0.15853117 0.08375381
v 0.56108401 -0.15323163 0.08375381
v 0.56638355 -0.14528233 0.08242893
v 0.56505867 -0.14660721 0.08507870
v 0.56240890 -0.15058186 0.07712939
v 0.55710936 -0.15720628 0.07447962
f 2235 2236 2237
f 2235 2238 2236
f 2239 2236 2238
f 2239 2240 2236
f 2239 2238 2241
f 2242 2236 2243
f 2242 2243 2237
f 2242 2237 2236
f 2244 2236 2240
f 2244 2243 2236
f 2245 2244 2240
f 2246 2239 2241
f 2246 2240 2239
f 2246 2245 2240
f 2247 2248 2249
f 2250 2237 2243
f 2250 2243 2251
f 2252 2253 2249
f 2252 2245 2253
f 2254 2249 2248
f 2255 2249 2253
f 2256 2243 2244
f 2256 2244 2245
f 2257 2246 2241
f 2257 2241 2258
f 2257 2253 2245
f 2257 2245 2246
f 2257 2255 2253
f 2257 2258 2255
f 2259 2258 2241
f 2260 2248 2247
f 2260 2254 2248
f 2261 2262 2260
f 2261 2259 2241
f 2263 2235 2237
f 2263 2237 2250
f 2264 2265 2266
f 2264 2251 2265
f 2267 2265 2251
f 2267 2251 2243
f 2267 2243 2256
f 2268 2238 2235
f 2268 2235 2269
f 2268 2261 2241
f 2268 2241 2238
f 2270 2271 2254
f 2272 2252 2249
f 2272 2249 2254
f 2273 2274 2265
f 2273 2271 2274
f 2275 2247 2249
f 2275 2249 2255
f 2275 2255 2258
f 2275 2259 2247
f 2275 2258 2259
f 2276 2260 2262
f 2276 2277 2270
f 2276 2270 2254
f 2276 2254 2260
f 2278 2261 2260
f 2278 2260 2247
f 2278 2247 2259
f 2278 2259 2261
f 2279 2269 2235
f 2279 2266 2269
f 2280 2263 2250
f 2280 2250 2251
f 2280 2251 2264
f 2280 2264 2266
f 2280 2266 2279
f 2280 2279 2235
f 2280 2235 2263
f 2281 2269 2266
f 2282 2268 2269
f 2282 2269 2262
f 2282 2262 2261
f 2282 2261 2268
f 2283 2274 2271
f 2283 2271 2270
f 2283 2281 2274
f 2284 2270 2277
f 2284 2262 2269
f 2284 2269 2281
f 2284 2276 2262
f 2284 2277 2276
f 2285 2272 2254
f 2285 2254 2271
f 2285 2252 2272
f 2286 2271 2273
f 2286 2285 2271
f 2286 2252 2285
f 2286 2273 2245
f 2286 2245 2252
f 2287 2273 2265
f 2287 2265 2267
f 2287 2267 2256
f 2288 2256 2245
f 2288 2245 2273
f 2288 2287 2256
f 2288 2273 2287
f 2289 2281 2266
f 2289 2266 2265
f 2289 2265 2274
f 2289 2274 2281
f 2290 2284 2281
f 2290 2281 2283
f 2290 2283 2270
f 2290 2270 2284

o geometry_48
v 0.54446295 -0.14684353 0.08863523
v 0.54386052 -0.15323163 0.09037823
v 0.54397744 -0.15325441 0.08788279
v 0.54386744 -0.12938947 0.09013888
v 0.54386052 -0.13335837 0.09170312
v 0.53193657 -0.12938372 0.08640358
v 0.54386052 -0.14528233 0.09170312
v 0.53812890 -0.16047863 0.09493000
v 0.53591122 -0.14925698 0.09435288
v 0.52946451 -0.15294030 0.09495974
v 0.53922377 -0.16065956 0.09345643
v 0.53988587 -0.13203349 0.09170312
v 0.53326145 -0.12938372 0.09037823
v 0.53458634 -0.13203349 0.09170312
v 0.53723610 -0.16118093 0.09302800
v 0.52928680 -0.15323163 0.09302800
v 0.54382919 -0.12935769 0.09013701
v 0.52909666 -0.12922281 0.08694232
v 0.53880326 -0.16099035 0.09450949
v 0.53856099 -0.15190675 0.09435288
v 0.52928680 -0.14660721 0.09435288
v 0.52928680 -0.14130768 0.09302800
v 0.52928680 -0.12938372 0.08905335
v 0.53061168 -0.13203349 0.08640358
v 0.54121076 -0.15323163 0.08772846
v 0.53723610 -0.15985605 0.09170312
v 0.53193657 -0.14660721 0.09435288
v 0.52889919 -0.13161353 0.08759385
v 0.53193657 -0.13070861 0.08640358
f 2291 2292 2293
f 2291 2294 2295
f 2296 2291 2293
f 2296 2294 2291
f 2297 2291 2295
f 2297 2292 2291
f 2297 2295 2298
f 2299 2300 2298
f 2301 2293 2292
f 2302 2303 2304
f 2305 2298 2300
f 2305 2300 2306
f 2305 2293 2301
f 2307 2296 2308
f 2307 2294 2296
f 2307 2308 2303
f 2307 2303 2302
f 2307 2302 2295
f 2307 2295 2294
f 2309 2297 2298
f 2309 2292 2297
f 2309 2301 2292
f 2309 2305 2301
f 2309 2298 2305
f 2310 2299 2298
f 2310 2298 2295
f 2310 2295 2299
f 2311 2304 2312
f 2311 2302 2304
f 2311 2306 2300
f 2313 2303 2308
f 2313 2312 2304
f 2313 2304 2303
f 2314 2315 2306
f 2314 2308 2296
f 2316 2305 2306
f 2316 2306 2315
f 2316 2315 2293
f 2316 2293 2305
f 2317 2311 2300
f 2317 2300 2299
f 2317 2299 2295
f 2317 2295 2302
f 2317 2302 2311
f 2318 2311 2312
f 2318 2306 2311
f 2318 2314 2306
f 2318 2308 2314
f 2318 2313 2308
f 2318 2312 2313
f 2319 2314 2296
f 2319 2296 2293
f 2319 2293 2315
f 2319 2315 2314

o geometry_49
v 0.53937548 -0.05894889 0.03610669
v 0.53856099 -0.04326627 0.03605799
v 0.52928680 -0.04856580 0.03605799
v 0.52929945 -0.04318624 0.03567638
v 0.53458634 -0.04326627 0.02678381
v 0.54121076 -0.04591604 0.02810869
v 0.54121076 -0.04724092 0.02678381
v 0.54386052 -0.05519022 0.03605799
v 0.54323684 -0.05932752 0.03602309
v 0.54253564 -0.04856580 0.02678381
v 0.53856099 -0.05121557 0.02413404
v 0.53782839 -0.04387787 0.02885930
v 0.53236407 -0.04306321 0.02716848
v 0.53326145 -0.04459115 0.02545892
v 0.53458634 -0.04459115 0.02545892
v 0.54386052 -0.05916487 0.02413404
v 0.54386052 -0.05386534 0.02545892
v 0.54253564 -0.05121557 0.03605799
v 0.54253564 -0.04989069 0.03473311
v 0.53454068 -0.05941487 0.02788330
v 0.52927115 -0.04997639 0.02981052
v 0.53856099 -0.05916487 0.02280915
v 0.52927400 -0.04335080 0.03115630
v 0.53326145 -0.04724092 0.02545892
v 0.54386052 -0.05386534 0.02943357
v 0.53856099 -0.05783999 0.02280915
v 0.53988587 -0.05254046 0.02413404
v 0.54121076 -0.04591604 0.02943357
v 0.53462381 -0.05896712 0.03252887
v 0.53943604 -0.05950574 0.02389949
v 0.52928680 -0.04459115 0.02943357
v 0.54253564 -0.04856580 0.02943357
v 0.53988587 -0.05783999 0.02280915
v 0.54386052 -0.05783999 0.02413404
v 0.54121076 -0.04724092 0.03473311
v 0.52930262 -0.04980723 0.03436202
v 0.53988587 -0.04459115 0.03340822
f 2320 2321 2322
f 2323 2322 2321
f 2324 2325 2326
f 2327 2320 2328
f 2329 2326 2325
f 2330 2326 2329
f 2331 2324 2321
f 2331 2321 2325
f 2331 2325 2324
f 2332 2323 2321
f 2332 2321 2324
f 2332 2324 2333
f 2334 2324 2326
f 2334 2333 2324
f 2334 2330 2333
f 2334 2326 2330
f 2335 2327 2328
f 2335 2336 2327
f 2337 2321 2320
f 2337 2320 2327
f 2337 2338 2321
f 2337 2327 2338
f 2339 2340 2341
f 2342 2340 2322
f 2342 2322 2323
f 2342 2323 2332
f 2343 2333 2341
f 2343 2341 2340
f 2344 2327 2336
f 2344 2336 2329
f 2345 2341 2333
f 2345 2333 2330
f 2346 2330 2329
f 2346 2329 2336
f 2347 2325 2321
f 2347 2329 2325
f 2348 2339 2328
f 2348 2328 2320
f 2348 2320 2322
f 2349 2335 2328
f 2349 2328 2339
f 2349 2339 2341
f 2349 2341 2335
f 2350 2342 2332
f 2350 2332 2333
f 2350 2340 2342
f 2350 2343 2340
f 2350 2333 2343
f 2351 2338 2327
f 2351 2327 2344
f 2351 2344 2329
f 2351 2329 2347
f 2352 2335 2341
f 2352 2341 2345
f 2352 2345 2330
f 2352 2330 2346
f 2353 2346 2336
f 2353 2336 2335
f 2353 2352 2346
f 2353 2335 2352
f 2354 2321 2338
f 2354 2351 2347
f 2354 2338 2351
f 2355 2348 2322
f 2355 2322 2340
f 2355 2340 2339
f 2355 2339 2348
f 2356 2354 2347
f 2356 2347 2321
f 2356 2321 2354

o geometry_50
v 0.57019934 -0.12272312 0.06794286
v 0.56957296 -0.12910244 0.07070494
v 0.57035820 -0.13070861 0.06918009
v 0.57035820 -0.12275930 0.06520544
v 0.56559323 -0.12253809 0.05898233
v 0.56770843 -0.12275930 0.06653032
v 0.56770843 -0.12938372 0.07050497
v 0.56903332 -0.13468326 0.07050497
v 0.57035820 -0.12540907 0.06520544
v 0.56903332 -0.12540907 0.06255567
v 0.56638355 -0.12673395 0.05858102
v 0.56373378 -0.13468326 0.05858102
v 0.56474326 -0.12302691 0.05788644
v 0.56373378 -0.12275930 0.05990590
v 0.56917520 -0.13028484 0.07080623
v 0.55313471 -0.15455651 0.07050497
v 0.55285735 -0.15830590 0.07055494
v 0.55222848 -0.15777065 0.06831645
v 0.55710936 -0.15588140 0.07050497
v 0.55313471 -0.14660721 0.05990590
v 0.56770843 -0.12408418 0.06785521
v 0.56770843 -0.12275930 0.05990590
v 0.55313471 -0.14660721 0.05858102
v 0.55445959 -0.15190675 0.05858102
v 0.55243797 -0.15141633 0.05892932
v 0.55710936 -0.14793210 0.05858102
v 0.56638355 -0.13998279 0.06785521
v 0.55445959 -0.15853117 0.06785521
v 0.56505867 -0.12275930 0.06255567
v 0.56373378 -0.14528233 0.07050497
v 0.55228582 -0.15258319 0.06034478
v 0.56903332 -0.13468326 0.06918009
v 0.57035820 -0.12805884 0.06653032
v 0.56770843 -0.13203349 0.06388055
v 0.56638355 -0.12938372 0.05990590
v 0.56505867 -0.13335837 0.05990590
v 0.56770843 -0.12408418 0.05990590
v 0.55445959 -0.15853117 0.07050497
v 0.55975913 -0.15190675 0.07050497
v 0.55445959 -0.15323163 0.05990590
v 0.56903332 -0.13203349 0.06653032
v 0.55710936 -0.14925698 0.05990590
v 0.56108401 -0.14925698 0.06785521
v 0.55710936 -0.15588140 0.06918009
v 0.56373378 -0.14528233 0.06918009
v 0.55843425 -0.15323163 0.06785521
v 0.55975913 -0.15190675 0.06918009
f 2357 2358 2359
f 2357 2359 2360
f 2361 2357 2360
f 2361 2362 2357
f 2363 2358 2357
f 2364 2359 2358
f 2365 2366 2360
f 2365 2360 2359
f 2367 2368 2369
f 2370 2361 2369
f 2371 2363 2372
f 2371 2358 2363
f 2371 2364 2358
f 2373 2372 2374
f 2373 2371 2372
f 2373 2375 2371
f 2376 2374 2372
f 2376 2372 2370
f 2377 2363 2357
f 2377 2357 2362
f 2377 2372 2363
f 2378 2367 2369
f 2378 2369 2361
f 2378 2361 2360
f 2378 2360 2366
f 2379 2380 2381
f 2379 2369 2380
f 2379 2381 2376
f 2379 2376 2370
f 2379 2370 2369
f 2382 2380 2369
f 2382 2369 2368
f 2382 2368 2383
f 2384 2373 2374
f 2385 2362 2361
f 2385 2361 2370
f 2385 2377 2362
f 2385 2370 2372
f 2385 2372 2377
f 2386 2364 2371
f 2387 2376 2381
f 2387 2374 2376
f 2387 2384 2374
f 2388 2359 2364
f 2388 2364 2386
f 2389 2390 2366
f 2389 2366 2365
f 2389 2365 2359
f 2389 2359 2388
f 2391 2367 2366
f 2391 2366 2390
f 2391 2368 2367
f 2392 2390 2383
f 2392 2383 2368
f 2392 2391 2390
f 2392 2368 2391
f 2393 2378 2366
f 2393 2366 2367
f 2393 2367 2378
f 2394 2384 2375
f 2394 2375 2373
f 2394 2373 2384
f 2395 2386 2371
f 2395 2371 2375
f 2396 2387 2381
f 2396 2381 2380
f 2396 2384 2387
f 2396 2380 2382
f 2397 2388 2383
f 2397 2383 2390
f 2397 2389 2388
f 2397 2390 2389
f 2398 2382 2383
f 2398 2383 2399
f 2398 2396 2382
f 2398 2399 2396
f 2400 2375 2384
f 2400 2384 2396
f 2400 2395 2375
f 2401 2399 2383
f 2401 2386 2395
f 2401 2388 2386
f 2401 2383 2388
f 2402 2400 2396
f 2402 2396 2399
f 2402 2399 2400
f 2403 2400 2399
f 2403 2399 2401
f 2403 2401 2395
f 2403 2395 2400

o geometry_51
v 0.55992295 -0.12951401 0.08115242
v 0.55445959 -0.13335837 0.08110404
v 0.54382919 -0.12935769 0.09013701
v 0.55260025 -0.12901102 0.08939277
v 0.54783518 -0.13335837 0.09170312
v 0.55313471 -0.13203349 0.09037823
v 0.54783518 -0.15455651 0.08110404
v 0.54518541 -0.15190675 0.08110404
v 0.55908714 -0.12882023 0.08622265
v 0.55975913 -0.13070861 0.08640358
v 0.55843425 -0.13070861 0.08772846
v 0.54518541 -0.15455651 0.08905335
v 0.54386052 -0.13335837 0.09170312
v 0.54386052 -0.14263256 0.09170312
v 0.54518541 -0.14263256 0.09170312
v 0.54651029 -0.14793210 0.08110404
v 0.54329172 -0.15452966 0.08835469
v 0.55975913 -0.13203349 0.08110404
v 0.54783518 -0.15455651 0.08242893
v 0.55578448 -0.13203349 0.08905335
v 0.54783518 -0.13600814 0.09170312
v 0.55180983 -0.13733302 0.08110404
v 0.54386052 -0.15323163 0.08375381
v 0.54507079 -0.15483689 0.08413572
v 0.55975913 -0.13203349 0.08375381
v 0.54651029 -0.15455651 0.08640358
v 0.54597189 -0.15473871 0.08135222
f 2404 2405 2406
f 2407 2406 2408
f 2409 2407 2408
f 2410 2411 2405
f 2412 2404 2406
f 2412 2406 2407
f 2412 2413 2404
f 2414 2415 2413
f 2414 2413 2412
f 2414 2412 2407
f 2414 2407 2409
f 2416 2417 2408
f 2416 2408 2406
f 2418 2408 2417
f 2418 2417 2415
f 2418 2415 2409
f 2419 2411 2406
f 2419 2405 2411
f 2420 2416 2406
f 2420 2417 2416
f 2420 2415 2417
f 2421 2410 2405
f 2421 2405 2404
f 2422 2410 2421
f 2423 2414 2409
f 2423 2409 2415
f 2423 2415 2414
f 2424 2418 2409
f 2424 2409 2408
f 2424 2408 2418
f 2425 2419 2406
f 2425 2406 2405
f 2425 2405 2419
f 2426 2420 2406
f 2426 2406 2411
f 2427 2415 2420
f 2427 2410 2422
f 2428 2421 2404
f 2428 2404 2413
f 2428 2422 2421
f 2428 2413 2422
f 2429 2422 2413
f 2429 2413 2415
f 2429 2427 2422
f 2429 2415 2427
f 2430 2427 2420
f 2430 2420 2426
f 2430 2426 2411
f 2430 2411 2410
f 2430 2410 2427

o geometry_52
v 0.46834214 -0.06578929 0.12085056
v 0.47099191 -0.06578929 0.11952568
v 0.47053771 -0.06374163 0.11888097
v 0.46436749 -0.06578929 0.06785521
v 0.45488018 -0.07933275 0.06783854
v 0.45774307 -0.06446441 0.06785521
v 0.47099191 -0.06578929 0.11290126
v 0.46352147 -0.06401298 0.06792877
v 0.46569237 -0.06446441 0.12085056
v 0.46039284 -0.06446441 0.10097730
v 0.46304261 -0.06446441 0.11687591
v 0.46834214 -0.06843906 0.11952568
v 0.46039284 -0.07903813 0.11687591
v 0.46039284 -0.07771325 0.07050497
v 0.46171772 -0.07903813 0.11290126
v 0.47013007 -0.06370252 0.11305604
v 0.46814051 -0.06404115 0.11977524
v 0.45848495 -0.07890714 0.06785863
v 0.46171772 -0.07903813 0.11555103
v 0.45774307 -0.06446441 0.06918009
v 0.46039284 -0.07638837 0.11820079
v 0.45774307 -0.07638837 0.11820079
v 0.46039284 -0.07108883 0.11952568
v 0.45509330 -0.07903813 0.11687591
v 0.45496105 -0.07944169 0.10491482
v 0.45906796 -0.06446441 0.08772846
v 0.45376842 -0.07771325 0.10495195
v 0.46569237 -0.06578929 0.12085056
v 0.46039284 -0.06843906 0.11952568
v 0.45641819 -0.06711418 0.06785521
v 0.45641819 -0.06711418 0.07050497
v 0.45906796 -0.06843906 0.11290126
v 0.45376842 -0.07771325 0.06785521
v 0.45906796 -0.06711418 0.10627684
v 0.45774307 -0.07108883 0.11422614
v 0.45509330 -0.07638837 0.11422614
v 0.45906796 -0.06976395 0.11820079
v 0.45509330 -0.07771325 0.11687591
v 0.45774307 -0.07241371 0.11820079
f 2431 2432 2433
f 2434 2435 2436
f 2437 2433 2432
f 2438 2434 2436
f 2439 2431 2433
f 2440 2441 2433
f 2442 2443 2432
f 2442 2432 2431
f 2442 2431 2443
f 2444 2434 2437
f 2445 2437 2432
f 2445 2444 2437
f 2446 2433 2437
f 2446 2437 2434
f 2446 2434 2438
f 2446 2440 2433
f 2447 2439 2433
f 2447 2433 2441
f 2447 2441 2439
f 2448 2435 2434
f 2448 2434 2444
f 2448 2445 2435
f 2448 2444 2445
f 2449 2445 2432
f 2449 2432 2443
f 2450 2446 2438
f 2450 2438 2436
f 2451 2452 2443
f 2451 2443 2431
f 2451 2431 2452
f 2453 2452 2431
f 2454 2443 2452
f 2454 2452 2453
f 2455 2449 2443
f 2455 2435 2445
f 2455 2445 2449
f 2455 2443 2454
f 2456 2440 2446
f 2456 2446 2450
f 2457 2435 2455
f 2457 2455 2454
f 2458 2453 2431
f 2458 2431 2439
f 2458 2439 2453
f 2459 2453 2439
f 2459 2439 2441
f 2459 2454 2453
f 2460 2450 2436
f 2460 2436 2435
f 2461 2456 2450
f 2461 2460 2457
f 2461 2450 2460
f 2462 2459 2441
f 2462 2441 2440
f 2463 2460 2435
f 2463 2435 2457
f 2463 2457 2460
f 2464 2456 2461
f 2464 2465 2462
f 2464 2462 2440
f 2464 2440 2456
f 2466 2465 2464
f 2466 2464 2461
f 2466 2461 2457
f 2467 2462 2465
f 2467 2459 2462
f 2468 2466 2457
f 2468 2457 2454
f 2468 2454 2459
f 2469 2466 2468
f 2469 2467 2465
f 2469 2465 2466
f 2469 2468 2459
f 2469 2459 2467

o geometry_53
v 0.48556563 -0.11745977 0.05593125
v 0.46834214 -0.10553581 0.05593125
v 0.48424075 -0.11745977 0.05725613
v 0.46149361 -0.10622726 0.05751628
v 0.48561073 -0.12389863 0.05731985
v 0.48542455 -0.11954449 0.05699967
v 0.47231679 -0.12010953 0.05725613
v 0.46171772 -0.10951046 0.05725613
v 0.47231679 -0.12010953 0.05593125
v 0.46593668 -0.10609995 0.05702470
v 0.48566027 -0.11574549 0.03354194
v 0.48026610 -0.11613488 0.03340822
v 0.48540619 -0.11151964 0.03318099
v 0.47629145 -0.10553581 0.03340822
v 0.46701726 -0.10686070 0.03340822
v 0.46763271 -0.10497052 0.03362475
v 0.47099191 -0.11083535 0.03340822
v 0.46436749 -0.11216023 0.05328148
v 0.48026610 -0.12408418 0.05593125
v 0.48556563 -0.11083535 0.03605799
v 0.48026610 -0.12408418 0.05725613
v 0.46094393 -0.10521869 0.05738637
v 0.46139543 -0.10495887 0.05484331
v 0.46171772 -0.10553581 0.04798195
v 0.46650741 -0.10478720 0.03634473
v 0.47629145 -0.10553581 0.03473311
v 0.48291586 -0.11745977 0.03473311
v 0.48556563 -0.11878465 0.03738288
v 0.48583991 -0.11633127 0.03512063
v 0.47496656 -0.11348511 0.03340822
v 0.46966703 -0.11745977 0.05328148
v 0.46966703 -0.11216023 0.03870776
v 0.48556563 -0.12408418 0.05328148
v 0.47894121 -0.10686070 0.03340822
v 0.47894121 -0.10686070 0.03473311
v 0.46039284 -0.10686070 0.05460637
v 0.46569237 -0.10686070 0.03605799
v 0.47099191 -0.10553581 0.04930683
v 0.48026610 -0.12010953 0.04400730
v 0.46701726 -0.11348511 0.04930683
v 0.47099191 -0.11216023 0.03605799
v 0.48424075 -0.11878465 0.03738288
v 0.46171772 -0.10951046 0.05460637
v 0.46171772 -0.10686070 0.04798195
v 0.46701726 -0.10951046 0.03870776
v 0.47099191 -0.11745977 0.05063172
v 0.48424075 -0.12408418 0.05328148
v 0.46304261 -0.10818558 0.04665706
v 0.47894121 -0.11613488 0.03473311
v 0.47761633 -0.11745977 0.04003264
v 0.47231679 -0.11348511 0.03738288
v 0.47894121 -0.12275930 0.05328148
v 0.48159098 -0.12408418 0.05460637
v 0.47629145 -0.11481000 0.03473311
v 0.47496656 -0.11745977 0.04400730
f 2470 2471 2472
f 2473 2474 2472
f 2475 2470 2472
f 2475 2472 2474
f 2475 2474 2470
f 2476 2473 2477
f 2476 2477 2478
f 2479 2472 2471
f 2480 2481 2482
f 2483 2484 2485
f 2483 2482 2484
f 2486 2484 2482
f 2487 2478 2477
f 2488 2476 2478
f 2489 2471 2470
f 2490 2474 2473
f 2490 2473 2476
f 2490 2476 2488
f 2491 2479 2471
f 2491 2473 2472
f 2491 2472 2479
f 2491 2471 2492
f 2491 2477 2473
f 2493 2491 2492
f 2494 2493 2492
f 2494 2483 2485
f 2494 2495 2483
f 2496 2480 2497
f 2496 2481 2480
f 2498 2470 2474
f 2498 2497 2480
f 2498 2489 2470
f 2498 2480 2482
f 2498 2482 2489
f 2499 2486 2482
f 2499 2482 2481
f 2500 2478 2487
f 2501 2484 2486
f 2502 2490 2488
f 2502 2474 2490
f 2502 2498 2474
f 2502 2497 2498
f 2503 2483 2495
f 2503 2489 2482
f 2503 2482 2483
f 2504 2503 2495
f 2504 2489 2503
f 2505 2477 2491
f 2505 2491 2493
f 2506 2494 2485
f 2506 2485 2484
f 2506 2493 2494
f 2507 2495 2494
f 2507 2504 2495
f 2507 2471 2489
f 2507 2489 2504
f 2507 2494 2492
f 2507 2492 2471
f 2508 2481 2496
f 2509 2501 2500
f 2509 2500 2487
f 2510 2501 2486
f 2510 2486 2499
f 2510 2500 2501
f 2511 2496 2497
f 2511 2497 2502
f 2511 2508 2496
f 2512 2487 2477
f 2512 2477 2505
f 2513 2505 2493
f 2513 2493 2506
f 2513 2512 2505
f 2514 2501 2509
f 2514 2506 2484
f 2514 2484 2501
f 2514 2509 2487
f 2515 2478 2500
f 2515 2500 2510
f 2516 2511 2502
f 2516 2502 2488
f 2517 2487 2512
f 2517 2512 2513
f 2517 2514 2487
f 2517 2513 2506
f 2517 2506 2514
f 2518 2499 2481
f 2518 2481 2508
f 2518 2508 2519
f 2520 2510 2499
f 2520 2515 2510
f 2521 2519 2508
f 2521 2508 2488
f 2521 2488 2478
f 2522 2516 2488
f 2522 2488 2508
f 2522 2508 2511
f 2522 2511 2516
f 2523 2518 2519
f 2523 2499 2518
f 2523 2520 2499
f 2524 2478 2515
f 2524 2515 2520
f 2524 2521 2478
f 2524 2519 2521
f 2524 2523 2519
f 2524 2520 2523

o geometry_54
v 0.53458634 -0.05519022 0.03473311
v 0.53459546 -0.04983298 0.03445793
v 0.52266238 -0.05519022 0.03473311
v 0.52395852 -0.07652012 0.02330420
v 0.52398727 -0.07241371 0.02280915
v 0.53458634 -0.07506348 0.02280915
v 0.52531215 -0.07241371 0.03075846
v 0.52398727 -0.07638837 0.02943357
v 0.53326145 -0.07373860 0.02280915
v 0.53453561 -0.07663605 0.02381753
v 0.53463266 -0.07616939 0.02853401
v 0.53458634 -0.07373860 0.03075846
v 0.53591122 -0.06843906 0.03208334
v 0.52262794 -0.05933305 0.02746849
v 0.53458634 -0.06843906 0.03208334
v 0.53458634 -0.06843906 0.02413404
v 0.53458634 -0.05121557 0.02810869
v 0.52796192 -0.04989069 0.02810869
v 0.52266238 -0.04989069 0.02810869
v 0.52266098 -0.04979071 0.03422187
v 0.53457083 -0.04999308 0.02991550
v 0.53594641 -0.05897919 0.03258252
v 0.53592464 -0.06837560 0.03049777
v 0.53591122 -0.06181464 0.03340822
v 0.53326145 -0.07373860 0.03075846
v 0.52272791 -0.05885512 0.03213576
v 0.52266238 -0.05651511 0.02678381
v 0.53591122 -0.05916487 0.03075846
v 0.52663703 -0.07241371 0.02280915
f 2525 2526 2527
f 2528 2529 2530
f 2531 2527 2532
f 2533 2530 2529
f 2534 2528 2530
f 2534 2535 2532
f 2534 2532 2528
f 2536 2535 2537
f 2536 2532 2535
f 2538 2528 2532
f 2539 2527 2531
f 2539 2536 2537
f 2540 2533 2541
f 2540 2530 2533
f 2542 2529 2543
f 2544 2527 2526
f 2544 2542 2543
f 2544 2526 2542
f 2544 2538 2527
f 2544 2543 2538
f 2545 2526 2546
f 2545 2542 2526
f 2545 2541 2542
f 2547 2546 2537
f 2547 2534 2530
f 2547 2537 2535
f 2547 2535 2534
f 2548 2537 2546
f 2548 2525 2527
f 2548 2539 2537
f 2548 2527 2539
f 2548 2546 2526
f 2548 2526 2525
f 2549 2531 2532
f 2549 2532 2536
f 2549 2539 2531
f 2549 2536 2539
f 2550 2538 2532
f 2550 2532 2527
f 2550 2527 2538
f 2551 2538 2543
f 2551 2543 2529
f 2551 2529 2528
f 2551 2528 2538
f 2552 2540 2541
f 2552 2546 2547
f 2552 2547 2530
f 2552 2530 2540
f 2552 2545 2546
f 2552 2541 2545
f 2553 2533 2529
f 2553 2529 2542
f 2553 2542 2541
f 2553 2541 2533

o geometry_55
v 0.47496656 -0.10023628 0.02280915
v 0.49351494 -0.10951046 0.02678381
v 0.49351494 -0.10818558 0.02280915
v 0.47496656 -0.10288604 0.03075846
v 0.49355231 -0.11145229 0.02790471
v 0.48566027 -0.11574549 0.03354194
v 0.49342884 -0.11525894 0.02840243
v 0.49357732 -0.10921543 0.02114377
v 0.47364168 -0.10818558 0.02148427
v 0.47316627 -0.10068397 0.02132043
v 0.47293861 -0.10089837 0.02256685
v 0.49219005 -0.10951046 0.02810869
v 0.48424075 -0.10951046 0.03340822
v 0.47761633 -0.10553581 0.03340822
v 0.49351494 -0.11613488 0.02545892
v 0.49351494 -0.11481000 0.02148427
v 0.48159098 -0.11613488 0.03208334
v 0.48540619 -0.11151964 0.03318099
v 0.47496656 -0.10421093 0.03340822
v 0.47298357 -0.10483068 0.03318141
v 0.47364168 -0.11216023 0.03340822
v 0.48188510 -0.11492474 0.03382378
v 0.49086517 -0.11481000 0.02148427
v 0.48026610 -0.11216023 0.02148427
v 0.47496656 -0.10023628 0.02148427
v 0.47761633 -0.11083535 0.02148427
v 0.47364168 -0.10951046 0.02413404
v 0.47281681 -0.10366284 0.03047417
v 0.47364168 -0.11216023 0.03208334
v 0.47629145 -0.11348511 0.03075846
v 0.47894121 -0.11481000 0.03075846
v 0.48291586 -0.11348511 0.02280915
v 0.48821540 -0.11613488 0.02678381
v 0.47894121 -0.11216023 0.02280915
v 0.49086517 -0.11613488 0.02545892
v 0.48291586 -0.11613488 0.03075846
f 2554 2555 2556
f 2554 2557 2555
f 2558 2559 2560
f 2561 2556 2555
f 2561 2555 2558
f 2561 2562 2563
f 2564 2554 2563
f 2564 2557 2554
f 2564 2563 2562
f 2565 2558 2555
f 2565 2566 2558
f 2565 2567 2566
f 2565 2555 2557
f 2568 2558 2560
f 2568 2561 2558
f 2568 2569 2561
f 2568 2560 2559
f 2568 2559 2570
f 2571 2558 2566
f 2571 2566 2559
f 2571 2559 2558
f 2572 2557 2573
f 2572 2573 2574
f 2572 2565 2557
f 2572 2567 2565
f 2575 2559 2566
f 2575 2566 2567
f 2575 2567 2572
f 2575 2572 2574
f 2575 2574 2570
f 2575 2570 2559
f 2576 2569 2568
f 2576 2561 2569
f 2576 2577 2561
f 2578 2554 2556
f 2578 2556 2561
f 2578 2561 2563
f 2578 2563 2554
f 2579 2561 2577
f 2579 2562 2561
f 2579 2580 2562
f 2581 2573 2557
f 2581 2557 2564
f 2581 2574 2573
f 2581 2582 2574
f 2581 2580 2582
f 2581 2564 2562
f 2581 2562 2580
f 2583 2582 2580
f 2583 2584 2570
f 2583 2574 2582
f 2583 2570 2574
f 2585 2577 2576
f 2586 2568 2570
f 2586 2585 2576
f 2587 2583 2580
f 2587 2580 2579
f 2587 2579 2577
f 2587 2584 2583
f 2587 2577 2585
f 2587 2585 2570
f 2587 2570 2584
f 2588 2586 2576
f 2588 2576 2568
f 2588 2568 2586
f 2589 2586 2570
f 2589 2570 2585
f 2589 2585 2586

o geometry_56
v 0.54443084 -0.07106838 0.06257630
v 0.54518541 -0.08433767 0.06255567
v 0.54076214 -0.07110779 0.06253652
v 0.53903769 -0.07093887 0.09570939
v 0.54651029 -0.07771325 0.09435288
v 0.53979315 -0.07335100 0.09575951
v 0.54518541 -0.07241371 0.09567777
v 0.54518541 -0.07108883 0.09302800
v 0.54651029 -0.07771325 0.09567777
v 0.54530524 -0.08567341 0.09571123
v 0.54651029 -0.08566255 0.08905335
v 0.54004370 -0.08570096 0.06784122
v 0.54331410 -0.07125468 0.09564301
v 0.54651029 -0.08168790 0.09037823
v 0.54140048 -0.08565797 0.09567477
v 0.54391625 -0.08534254 0.06797813
v 0.53990573 -0.08434250 0.06255391
v 0.54651029 -0.08433767 0.08905335
v 0.53988587 -0.08566255 0.08640358
v 0.53856099 -0.07108883 0.08242893
v 0.53988587 -0.08168790 0.09302800
v 0.53856099 -0.07373860 0.08905335
v 0.53856099 -0.07241371 0.08242893
f 2590 2591 2592
f 2590 2592 2593
f 2594 2591 2590
f 2595 2596 2593
f 2597 2590 2593
f 2597 2594 2590
f 2598 2595 2599
f 2598 2596 2595
f 2598 2597 2596
f 2598 2594 2597
f 2600 2598 2599
f 2600 2594 2598
f 2601 2600 2599
f 2602 2597 2593
f 2602 2593 2596
f 2602 2596 2597
f 2603 2591 2594
f 2603 2594 2600
f 2604 2601 2599
f 2604 2599 2595
f 2604 2595 2593
f 2605 2601 2591
f 2605 2591 2600
f 2605 2600 2601
f 2606 2592 2591
f 2606 2591 2601
f 2607 2603 2600
f 2607 2600 2591
f 2607 2591 2603
f 2608 2601 2604
f 2608 2606 2601
f 2609 2593 2592
f 2609 2592 2606
f 2610 2608 2604
f 2610 2604 2593
f 2611 2593 2609
f 2611 2610 2593
f 2611 2608 2610
f 2611 2606 2608
f 2612 2611 2609
f 2612 2609 2606
f 2612 2606 2611

o geometry_57
v 0.54385217 -0.15321067 0.10085926
v 0.54456023 -0.16349053 0.08525145
v 0.54443758 -0.15601861 0.08526333
v 0.54386052 -0.15853117 0.10097730
v 0.54253564 -0.15323163 0.10230219
v 0.54433151 -0.16228447 0.08387260
v 0.54253564 -0.16383070 0.08507870
v 0.54386052 -0.16383070 0.09435288
v 0.54121076 -0.16118093 0.09965242
v 0.53723610 -0.16118093 0.09965242
v 0.54253564 -0.15588140 0.08507870
v 0.54253564 -0.15985605 0.08375381
v 0.53856099 -0.15323163 0.09037823
v 0.54397744 -0.15325441 0.08788279
v 0.53718612 -0.15303197 0.10133938
v 0.53723610 -0.15455651 0.10230219
v 0.54423850 -0.15986320 0.08386680
v 0.54253564 -0.16250582 0.08375381
v 0.54386052 -0.16250582 0.09700265
v 0.54121076 -0.16383070 0.09435288
v 0.54253564 -0.15455651 0.10230219
v 0.53723610 -0.15853117 0.10097730
v 0.54121076 -0.15323163 0.08772846
v 0.53721118 -0.15853761 0.09432900
v 0.53856099 -0.16250582 0.09302800
v 0.53723610 -0.15323163 0.09965242
v 0.53856099 -0.15985605 0.09037823
v 0.53856099 -0.16250582 0.09700265
v 0.54121076 -0.16383070 0.09037823
f 2613 2614 2615
f 2616 2613 2617
f 2616 2614 2613
f 2618 2615 2614
f 2619 2618 2614
f 2620 2619 2614
f 2621 2616 2622
f 2623 2624 2625
f 2626 2613 2615
f 2626 2615 2623
f 2627 2617 2613
f 2627 2613 2626
f 2627 2628 2617
f 2629 2618 2624
f 2629 2615 2618
f 2629 2623 2615
f 2629 2624 2623
f 2630 2624 2618
f 2630 2618 2619
f 2630 2625 2624
f 2631 2620 2614
f 2631 2616 2621
f 2631 2614 2616
f 2631 2621 2622
f 2632 2619 2620
f 2632 2620 2631
f 2633 2628 2616
f 2633 2616 2617
f 2633 2617 2628
f 2634 2622 2616
f 2634 2616 2628
f 2634 2627 2622
f 2634 2628 2627
f 2635 2626 2623
f 2635 2623 2625
f 2635 2627 2626
f 2635 2625 2627
f 2636 2622 2627
f 2637 2622 2636
f 2638 2636 2627
f 2638 2627 2625
f 2638 2625 2636
f 2639 2636 2625
f 2639 2625 2630
f 2639 2637 2636
f 2639 2630 2619
f 2639 2619 2637
f 2640 2637 2632
f 2640 2622 2637
f 2640 2632 2631
f 2640 2631 2622
f 2641 2637 2619
f 2641 2619 2632
f 2641 2632 2637

o geometry_58
v 0.51554895 -0.10881617 0.02436538
v 0.52398727 -0.11216023 0.02015939
v 0.51455126 -0.10903154 0.02296533
v 0.52448433 -0.11246420 0.02227724
v 0.51574242 -0.10909086 0.02559874
v 0.51471308 -0.11481000 0.01485985
v 0.51471308 -0.11745977 0.01485985
v 0.51206331 -0.11613488 0.01353497
v 0.52477209 -0.11388689 0.02329824
v 0.52266238 -0.11745977 0.02545892
v 0.51322274 -0.11034566 0.02561861
v 0.51016653 -0.11694893 0.01418490
v 0.51073843 -0.11878465 0.01618473
v 0.52398727 -0.11481000 0.02015939
v 0.52398727 -0.11745977 0.02148427
v 0.52266238 -0.11745977 0.02015939
v 0.51603796 -0.11878465 0.01618473
v 0.52451177 -0.11772827 0.02490035
v 0.51335031 -0.10939833 0.02284572
v 0.51206331 -0.11481000 0.01485985
v 0.52479482 -0.11654829 0.02459892
v 0.51206331 -0.11878465 0.01750962
v 0.51206331 -0.11745977 0.01353497
v 0.51073843 -0.11878465 0.01485985
v 0.51338819 -0.11878465 0.01485985
f 2642 2643 2644
f 2642 2645 2643
f 2642 2646 2645
f 2647 2644 2643
f 2647 2648 2649
f 2647 2643 2648
f 2650 2645 2646
f 2650 2643 2645
f 2651 2646 2652
f 2653 2654 2652
f 2655 2656 2657
f 2655 2643 2650
f 2655 2648 2643
f 2658 2656 2659
f 2658 2657 2656
f 2658 2655 2657
f 2658 2648 2655
f 2660 2652 2646
f 2660 2646 2642
f 2660 2642 2644
f 2660 2653 2652
f 2661 2647 2649
f 2661 2644 2647
f 2661 2660 2644
f 2661 2649 2653
f 2661 2653 2660
f 2662 2650 2646
f 2662 2659 2656
f 2662 2655 2650
f 2662 2656 2655
f 2662 2651 2659
f 2662 2646 2651
f 2663 2651 2652
f 2663 2652 2654
f 2663 2659 2651
f 2663 2658 2659
f 2663 2654 2658
f 2664 2653 2649
f 2664 2649 2648
f 2664 2648 2658
f 2665 2658 2654
f 2665 2654 2653
f 2665 2653 2664
f 2666 2665 2664
f 2666 2664 2658
f 2666 2658 2665

o geometry_59
v 0.49881447 -0.13335837 0.09965242
v 0.49882057 -0.13801176 0.09912280
v 0.49887654 -0.12073074 0.05705402
v 0.48424075 -0.13865791 0.09965242
v 0.48281853 -0.13387198 0.09863517
v 0.48793848 -0.11997316 0.05686147
v 0.48285433 -0.11911606 0.05714428
v 0.49876708 -0.12451808 0.05754957
v 0.49881447 -0.12673395 0.05858102
v 0.49881447 -0.13865791 0.09435288
v 0.48424075 -0.12540907 0.05725613
v 0.49086517 -0.12673395 0.05725613
v 0.49351494 -0.12673395 0.05725613
v 0.49881447 -0.13203349 0.09700265
v 0.48821540 -0.11878465 0.05858102
v 0.49881447 -0.12010953 0.05990590
v 0.48821540 -0.13203349 0.09832753
v 0.48291586 -0.11878465 0.06123079
v 0.48424075 -0.11878465 0.06123079
v 0.49351494 -0.13998279 0.09832753
v 0.49351494 -0.13998279 0.09700265
v 0.48276564 -0.13284017 0.09785430
v 0.48291586 -0.13070861 0.09567777
v 0.48291586 -0.13733302 0.09302800
v 0.48291586 -0.12938372 0.06918009
v 0.48291586 -0.12540907 0.05858102
v 0.48556563 -0.12673395 0.05990590
v 0.49483982 -0.13865791 0.09302800
v 0.49881447 -0.13070861 0.09302800
v 0.48556563 -0.13070861 0.09567777
v 0.48689052 -0.11878465 0.05990590
v 0.48291586 -0.12143442 0.06918009
v 0.49086517 -0.13998279 0.09832753
v 0.48305307 -0.13659369 0.09865430
v 0.48954029 -0.13865791 0.09302800
v 0.48309395 -0.12335146 0.05750775
v 0.49483982 -0.13335837 0.07712939
v 0.48424075 -0.12143442 0.06918009
v 0.48424075 -0.13865791 0.09700265
v 0.49086517 -0.13998279 0.09700265
v 0.48954029 -0.13733302 0.08905335
v 0.48556563 -0.13865791 0.09567777
f 2667 2668 2669
f 2670 2668 2667
f 2670 2667 2671
f 2672 2673 2669
f 2674 2669 2675
f 2676 2675 2669
f 2676 2669 2668
f 2677 2672 2678
f 2677 2673 2672
f 2679 2672 2669
f 2679 2678 2672
f 2679 2669 2674
f 2679 2674 2675
f 2680 2667 2669
f 2681 2682 2669
f 2681 2669 2673
f 2683 2671 2667
f 2683 2667 2680
f 2684 2681 2673
f 2684 2685 2681
f 2686 2668 2670
f 2686 2676 2668
f 2686 2687 2676
f 2688 2684 2673
f 2688 2683 2689
f 2688 2671 2683
f 2688 2690 2671
f 2688 2691 2690
f 2692 2677 2691
f 2692 2688 2673
f 2692 2691 2688
f 2693 2677 2678
f 2693 2691 2677
f 2694 2676 2687
f 2694 2678 2679
f 2694 2675 2676
f 2695 2682 2685
f 2695 2685 2680
f 2695 2680 2669
f 2695 2669 2682
f 2696 2683 2680
f 2696 2689 2683
f 2697 2681 2685
f 2697 2685 2682
f 2697 2682 2681
f 2698 2685 2684
f 2698 2689 2696
f 2698 2688 2689
f 2698 2684 2688
f 2699 2686 2670
f 2699 2687 2686
f 2700 2690 2670
f 2700 2670 2671
f 2700 2671 2690
f 2701 2694 2687
f 2701 2678 2694
f 2701 2690 2691
f 2702 2692 2673
f 2702 2673 2677
f 2702 2677 2692
f 2703 2694 2679
f 2703 2679 2675
f 2703 2675 2694
f 2704 2696 2680
f 2704 2680 2685
f 2704 2698 2696
f 2704 2685 2698
f 2705 2699 2670
f 2705 2670 2690
f 2706 2701 2687
f 2706 2687 2699
f 2706 2699 2705
f 2707 2693 2678
f 2707 2678 2701
f 2707 2701 2691
f 2707 2691 2693
f 2708 2705 2690
f 2708 2690 2701
f 2708 2706 2705
f 2708 2701 2706

o geometry_60
v 0.52266238 -0.13600814 0.08507870
v 0.52942715 -0.13609999 0.09918938
v 0.51338819 -0.13600814 0.10230219
v 0.51471308 -0.13600814 0.10230219
v 0.52398727 -0.13070861 0.10495195
v 0.52360255 -0.12896690 0.08493519
v 0.52385055 -0.12872785 0.10391491
v 0.52909666 -0.12922281 0.08694232
v 0.51335043 -0.12928502 0.08378662
v 0.52398727 -0.13070861 0.08375381
v 0.52928680 -0.13203349 0.09965242
v 0.52001261 -0.13335837 0.10362707
v 0.52950208 -0.12958281 0.09755390
v 0.52928680 -0.13600814 0.08772846
v 0.52001261 -0.13203349 0.08375381
v 0.52928680 -0.13335837 0.08640358
v 0.51338819 -0.12938372 0.10230219
v 0.51303815 -0.13579842 0.09087776
v 0.51603796 -0.12938372 0.10362707
v 0.51894315 -0.13590483 0.08596153
v 0.52796192 -0.12938372 0.08507870
v 0.52133750 -0.13070861 0.10495195
v 0.52266238 -0.13203349 0.08375381
v 0.52663703 -0.13600814 0.08640358
v 0.51294715 -0.12955578 0.08413701
v 0.52796192 -0.13070861 0.08507870
v 0.51603796 -0.13335837 0.10362707
v 0.52133750 -0.12938372 0.10495195
f 2709 2710 2711
f 2712 2711 2710
f 2712 2713 2711
f 2714 2715 2716
f 2714 2717 2715
f 2714 2718 2717
f 2719 2715 2713
f 2719 2713 2710
f 2720 2712 2710
f 2720 2710 2713
f 2720 2713 2712
f 2721 2710 2722
f 2721 2719 2710
f 2721 2716 2715
f 2721 2715 2719
f 2723 2709 2717
f 2723 2717 2718
f 2724 2721 2722
f 2724 2716 2721
f 2725 2726 2711
f 2725 2711 2727
f 2725 2727 2715
f 2725 2715 2717
f 2728 2717 2709
f 2728 2709 2711
f 2728 2711 2726
f 2729 2714 2716
f 2729 2718 2714
f 2729 2716 2724
f 2730 2711 2713
f 2731 2723 2718
f 2731 2718 2709
f 2731 2709 2723
f 2732 2724 2722
f 2732 2709 2718
f 2732 2722 2710
f 2732 2710 2709
f 2733 2725 2717
f 2733 2726 2725
f 2733 2728 2726
f 2733 2717 2728
f 2734 2729 2724
f 2734 2718 2729
f 2734 2732 2718
f 2734 2724 2732
f 2735 2730 2727
f 2735 2727 2711
f 2735 2711 2730
f 2736 2730 2713
f 2736 2713 2715
f 2736 2715 2727
f 2736 2727 2730

o geometry_61
v 0.54297415 -0.06473304 0.06780284
v 0.54457552 -0.07107230 0.06787188
v 0.54087786 -0.07111029 0.06783353
v 0.54518541 -0.06711418 0.06785521
v 0.54386052 -0.06446441 0.08110404
v 0.53891396 -0.06437081 0.06787631
v 0.53856099 -0.06843906 0.06785521
v 0.54386052 -0.06976395 0.10760172
v 0.54253564 -0.06711418 0.10892661
v 0.54386052 -0.07108883 0.10760172
v 0.54239123 -0.07113284 0.10891695
v 0.54518541 -0.06976395 0.08640358
v 0.53723610 -0.06446441 0.07315474
v 0.54253564 -0.06446441 0.09965242
v 0.53363411 -0.06420998 0.10898843
v 0.53326145 -0.06578929 0.10362707
v 0.53458634 -0.06843906 0.10892661
v 0.54392187 -0.07147177 0.08632893
v 0.53856099 -0.07108883 0.07712939
v 0.54518541 -0.06711418 0.07182986
v 0.53723610 -0.06578929 0.07315474
v 0.53458634 -0.06843906 0.10627684
v 0.53856099 -0.06976395 0.07050497
v 0.53723610 -0.07108883 0.09700265
v 0.54253564 -0.06578929 0.10495195
v 0.54121076 -0.06446441 0.10760172
v 0.53906123 -0.06503065 0.10879216
v 0.53423971 -0.06512138 0.10908890
v 0.53422271 -0.06380810 0.10378654
v 0.54518541 -0.06843906 0.07977916
v 0.53797580 -0.07058380 0.10904932
f 2737 2738 2739
f 2737 2740 2738
f 2737 2741 2740
f 2737 2742 2741
f 2743 2737 2739
f 2743 2742 2737
f 2744 2745 2746
f 2747 2746 2745
f 2748 2738 2740
f 2748 2746 2738
f 2748 2744 2746
f 2749 2742 2743
f 2750 2744 2741
f 2751 2752 2753
f 2754 2738 2746
f 2754 2746 2747
f 2754 2739 2738
f 2754 2755 2739
f 2756 2748 2740
f 2756 2740 2741
f 2757 2749 2743
f 2757 2743 2752
f 2757 2752 2749
f 2758 2753 2752
f 2758 2752 2755
f 2759 2755 2752
f 2759 2752 2743
f 2759 2743 2739
f 2759 2739 2755
f 2760 2758 2755
f 2760 2753 2758
f 2760 2754 2747
f 2760 2755 2754
f 2761 2750 2762
f 2761 2762 2745
f 2761 2745 2744
f 2761 2744 2750
f 2763 2751 2745
f 2763 2745 2762
f 2763 2762 2751
f 2764 2745 2751
f 2764 2751 2753
f 2765 2749 2752
f 2765 2752 2751
f 2765 2742 2749
f 2765 2741 2742
f 2765 2750 2741
f 2765 2751 2762
f 2765 2762 2750
f 2766 2756 2741
f 2766 2748 2756
f 2766 2741 2744
f 2766 2744 2748
f 2767 2760 2747
f 2767 2753 2760
f 2767 2764 2753
f 2767 2747 2745
f 2767 2745 2764

o geometry_62
v 0.53591122 -0.03796673 0.03075846
v 0.53591122 -0.04194138 0.04665706
v 0.53723610 -0.04194138 0.04003264
v 0.52796192 -0.03134231 0.03208334
v 0.52214856 -0.03117412 0.03311438
v 0.52265043 -0.04333174 0.03104640
v 0.52236293 -0.03466620 0.04648581
v 0.53856099 -0.04194138 0.03075846
v 0.53856099 -0.04194138 0.02810869
v 0.53505831 -0.04379545 0.04652580
v 0.53616641 -0.04392994 0.03986801
v 0.53591122 -0.03796673 0.02943357
v 0.52266238 -0.03664185 0.02810869
v 0.52266238 -0.03266720 0.02810869
v 0.53782839 -0.04387787 0.02885930
v 0.52398727 -0.03001743 0.03075846
v 0.52398727 -0.03001743 0.03340822
v 0.52663703 -0.03134231 0.03473311
v 0.52663703 -0.03399208 0.04533218
v 0.52266238 -0.03266720 0.04400730
v 0.53723610 -0.04061650 0.03473311
v 0.52746066 -0.04231113 0.04690253
v 0.52796192 -0.03531697 0.04665706
v 0.53723610 -0.04061650 0.02810869
v 0.53061168 -0.03796673 0.02678381
v 0.52928680 -0.03266720 0.02943357
v 0.52663703 -0.03929162 0.02678381
v 0.53061168 -0.04326627 0.02678381
v 0.53326145 -0.04061650 0.02678381
v 0.52796192 -0.03134231 0.03075846
v 0.53275256 -0.04364982 0.02707463
v 0.52531215 -0.03399208 0.04665706
v 0.52266238 -0.04061650 0.04665706
v 0.52796192 -0.03399208 0.04268241
v 0.52237056 -0.03078674 0.03120131
v 0.52268295 -0.04315771 0.03557528
v 0.52796192 -0.03664185 0.02678381
v 0.52398727 -0.03266720 0.02810869
v 0.52663703 -0.03134231 0.02943357
v 0.52398727 -0.03266720 0.04400730
v 0.52663703 -0.03664185 0.02678381
f 2768 2769 2770
f 2768 2771 2769
f 2772 2773 2774
f 2775 2776 2768
f 2777 2778 2770
f 2777 2770 2769
f 2777 2773 2778
f 2779 2768 2776
f 2779 2771 2768
f 2780 2772 2781
f 2780 2773 2772
f 2782 2778 2773
f 2782 2776 2775
f 2782 2775 2770
f 2782 2770 2778
f 2783 2784 2771
f 2785 2786 2771
f 2785 2771 2784
f 2787 2772 2774
f 2787 2784 2772
f 2788 2775 2768
f 2788 2768 2770
f 2788 2770 2775
f 2789 2777 2769
f 2789 2769 2790
f 2791 2792 2793
f 2791 2776 2792
f 2791 2779 2776
f 2791 2793 2779
f 2794 2792 2795
f 2794 2780 2781
f 2794 2795 2773
f 2794 2773 2780
f 2796 2792 2776
f 2796 2795 2792
f 2797 2779 2793
f 2797 2771 2779
f 2797 2783 2771
f 2798 2782 2773
f 2798 2773 2795
f 2798 2776 2782
f 2798 2796 2776
f 2798 2795 2796
f 2799 2790 2786
f 2799 2789 2790
f 2799 2774 2800
f 2799 2800 2789
f 2799 2787 2774
f 2801 2790 2769
f 2801 2769 2771
f 2801 2771 2786
f 2801 2786 2790
f 2802 2772 2784
f 2802 2784 2783
f 2802 2783 2781
f 2802 2781 2772
f 2803 2789 2800
f 2803 2773 2777
f 2803 2777 2789
f 2803 2800 2774
f 2803 2774 2773
f 2804 2781 2805
f 2804 2792 2794
f 2806 2804 2805
f 2806 2793 2792
f 2806 2792 2804
f 2806 2797 2793
f 2806 2783 2797
f 2806 2805 2781
f 2806 2781 2783
f 2807 2799 2786
f 2807 2784 2787
f 2807 2787 2799
f 2807 2785 2784
f 2807 2786 2785
f 2808 2804 2794
f 2808 2794 2781
f 2808 2781 2804

o geometry_63
v 0.51218008 -0.04618858 0.09196358
v 0.52302671 -0.05031894 0.09192783
v 0.51736285 -0.04194138 0.09170312
v 0.52217405 -0.04577823 0.09140863
v 0.52266238 -0.04326627 0.08905335
v 0.52133750 -0.03134231 0.04400730
v 0.52266238 -0.03134231 0.04135753
v 0.51736285 -0.02869255 0.04003264
v 0.51736285 -0.03664185 0.07182986
v 0.52313659 -0.05004853 0.09067071
v 0.52133750 -0.05121557 0.09037823
v 0.52214103 -0.03251596 0.03840961
v 0.52308126 -0.03702539 0.03894876
v 0.52133750 -0.03796673 0.03870776
v 0.51188586 -0.02993822 0.04104524
v 0.51206331 -0.03531697 0.04135753
v 0.51206331 -0.04724092 0.08905335
v 0.51197323 -0.02932491 0.03854923
v 0.51220557 -0.03299501 0.03895969
v 0.52001261 -0.04459115 0.06520544
v 0.51471308 -0.04856580 0.09170312
v 0.52266238 -0.03929162 0.04268241
v 0.51206331 -0.03399208 0.06388055
v 0.51206331 -0.04061650 0.09037823
v 0.51200931 -0.04240560 0.09158933
v 0.51868773 -0.04194138 0.09037823
v 0.51603796 -0.04061650 0.08905335
v 0.52314202 -0.04341074 0.06417639
v 0.51736285 -0.02869255 0.03870776
v 0.51736285 -0.03664185 0.03870776
v 0.52001261 -0.04989069 0.08640358
v 0.51471308 -0.04856580 0.09037823
v 0.52133750 -0.05121557 0.09170312
v 0.52133750 -0.03929162 0.04268241
v 0.51471308 -0.02869255 0.04135753
v 0.51338819 -0.04061650 0.09037823
v 0.51868773 -0.03929162 0.04665706
v 0.51603796 -0.03266720 0.05725613
v 0.51338819 -0.03399208 0.06388055
f 2809 2810 2811
f 2812 2813 2811
f 2812 2811 2810
f 2812 2810 2813
f 2814 2813 2815
f 2814 2815 2816
f 2814 2817 2813
f 2814 2816 2817
f 2818 2813 2810
f 2818 2810 2819
f 2820 2815 2821
f 2820 2821 2822
f 2823 2824 2825
f 2823 2826 2824
f 2827 2824 2826
f 2828 2825 2824
f 2829 2809 2825
f 2830 2822 2821
f 2830 2818 2819
f 2831 2823 2832
f 2831 2826 2823
f 2833 2809 2811
f 2833 2811 2832
f 2833 2825 2809
f 2833 2823 2825
f 2833 2832 2823
f 2834 2811 2813
f 2834 2813 2817
f 2835 2834 2817
f 2835 2811 2834
f 2835 2817 2816
f 2836 2821 2815
f 2836 2815 2813
f 2836 2813 2818
f 2836 2830 2821
f 2836 2818 2830
f 2837 2816 2815
f 2837 2815 2820
f 2837 2820 2826
f 2838 2820 2822
f 2838 2826 2820
f 2838 2827 2826
f 2838 2824 2827
f 2839 2828 2819
f 2839 2819 2825
f 2839 2825 2828
f 2840 2829 2825
f 2840 2825 2819
f 2840 2819 2829
f 2841 2829 2819
f 2841 2819 2810
f 2841 2810 2809
f 2841 2809 2829
f 2842 2822 2830
f 2842 2838 2822
f 2842 2824 2838
f 2842 2830 2819
f 2842 2819 2828
f 2843 2826 2831
f 2843 2837 2826
f 2843 2816 2837
f 2844 2832 2811
f 2844 2811 2835
f 2844 2831 2832
f 2845 2842 2828
f 2845 2828 2824
f 2845 2824 2842
f 2846 2835 2816
f 2846 2816 2843
f 2847 2846 2843
f 2847 2843 2831
f 2847 2831 2844
f 2847 2844 2835
f 2847 2835 2846