# https://github.com/mikedh/trimesh
v 0.54483237 -0.09003665 0.08977691
v 0.53382646 -0.05462813 0.09460839
v 0.54391526 -0.07301733 0.09455397
v 0.54463802 -0.09049271 0.08890612
v 0.54523277 -0.08255463 0.09382786
v 0.54250073 -0.06922006 0.09848958
v 0.53117809 -0.05366687 0.09950235
v 0.54425046 -0.07392675 0.09350406
v 0.50599779 -0.04324020 0.09788164
v 0.50032642 -0.04396159 0.10130402
v 0.53244731 -0.05345838 0.09446281
v 0.54378213 -0.07236170 0.09352116
v 0.53958285 -0.06295910 0.09682658
v 0.54347140 -0.07213849 0.09740408
v 0.52756992 -0.05170463 0.10330416
v 0.54443973 -0.09223291 0.09146727
v 0.50865333 -0.04307521 0.09595762
v 0.53708222 -0.05936687 0.09737422
v 0.53492484 -0.05758259 0.10299502
v 0.53492723 -0.05722918 0.10153289
v 0.54148137 -0.06576400 0.09653691
v 0.49687923 -0.04292521 0.09488329
v 0.50911665 -0.04368619 0.09822684
v 0.50637207 -0.04498389 0.10482027
v 0.53843407 -0.06240015 0.10167093
v 0.53572527 -0.05648842 0.09376014
v 0.52191505 -0.04778006 0.09995278
v 0.51014363 -0.04320837 0.09578190
v 0.51452370 -0.04390146 0.09644910
v 0.51048497 -0.04348019 0.09672606
v 0.50945383 -0.04306295 0.09552284
v 0.54521915 -0.08210510 0.09340083
v 0.51152734 -0.04330719 0.09550873
v 0.54511250 -0.07830444 0.09049722
v 0.54009753 -0.06458088 0.10039857
v 0.54536390 -0.08728420 0.09770954
v 0.54532141 -0.08584705 0.09635817
v 0.50549912 -0.04442916 0.10295372
v 0.49692326 -0.04291437 0.09486433
v 0.50398684 -0.04446187 0.10377402
v 0.54423549 -0.09255639 0.09014530
v 0.54448179 -0.09215446 0.09170977
v 0.53272972 -0.05442868 0.09746001
v 0.51704945 -0.04684015 0.10421859
v 0.52733842 -0.05128903 0.10237256
v 0.52448199 -0.04785299 0.09590460
v 0.52011106 -0.04654562 0.09797913
v 0.54515387 -0.08115726 0.09033080
v 0.50447466 -0.04288080 0.09712679
v 0.50622889 -0.04404798 0.10106289
v 0.53909714 -0.06198560 0.09580513
v 0.50590882 -0.04319638 0.09774489
v 0.50857189 -0.04393329 0.09949581
v 0.53974444 -0.06421545 0.10109296
v 0.54535653 -0.08904684 0.09655830
v 0.54460989 -0.07616588 0.09863106
v 0.52531825 -0.05021417 0.10409570
v 0.51250753 -0.04385133 0.09725186
v 0.50538538 -0.04430222 0.10248785
v 0.54488102 -0.07630425 0.09471157
v 0.51974342 -0.04675494 0.09943457
v 0.50758954 -0.04352132 0.09828013
v 0.53799866 -0.06045447 0.09625918
v 0.50613592 -0.04468398 0.10370218
v 0.54476968 -0.07550156 0.09257887
v 0.53703972 -0.05921359 0.09700175
v 0.54445196 -0.07530172 0.09695989
v 0.49682909 -0.04296124 0.09500276
v 0.54524122 -0.07917045 0.09876008
v 0.53795866 -0.06032528 0.09596897
v 0.52554843 -0.05000680 0.10285250
v 0.53364722 -0.05622904 0.10174148
v 0.50694341 -0.04487078 0.10409317
v 0.53928635 -0.06227956 0.09584761
v 0.54039123 -0.06380792 0.09526863
v 0.54152328 -0.06486586 0.09245540
v 0.50312619 -0.04388247 0.10180323
v 0.50352842 -0.04398951 0.10205739
v 0.54226810 -0.06881974 0.10008385
v 0.51634708 -0.04604148 0.10214706
v 0.53082366 -0.05355427 0.10021184
v 0.50605138 -0.04379022 0.10009427
v 0.54030095 -0.06484579 0.10022553
v 0.52184348 -0.04687264 0.09640253
v 0.54522659 -0.08624794 0.09142380
v 0.53962351 -0.06300881 0.09677929
v 0.54359553 -0.07241287 0.09675899
v 0.51621047 -0.04500428 0.09820536
v 0.51088297 -0.04344472 0.09638674
v 0.54107094 -0.06583064 0.09947023
v 0.54451920 -0.09209864 0.09196225
v 0.51864165 -0.04598799 0.09816813
v 0.50119891 -0.04255056 0.09590585
v 0.50743003 -0.04511093 0.10485171
v 0.54007039 -0.06454588 0.10042322
v 0.50219768 -0.04401012 0.10264249
v 0.50780170 -0.04505517 0.10444942
v 0.54534572 -0.08623008 0.09739518
v 0.52235205 -0.04783541 0.09944137
v 0.54426980 -0.09134968 0.08726980
v 0.50267320 -0.04247617 0.09631002
v 0.52036736 -0.04780291 0.10263539
v 0.51844236 -0.04744302 0.10436845
v 0.51452461 -0.04459117 0.09928554
v 0.51458441 -0.04403321 0.09695999
v 0.51684469 -0.04642871 0.10289411
v 0.54231251 -0.06886969 0.09965952
v 0.54411537 -0.07322411 0.09228591
v 0.53397183 -0.05649017 0.10172214
v 0.54390278 -0.07302663 0.09480036
v 0.51459260 -0.04405963 0.09705268
v 0.52492650 -0.04997345 0.10378025
v 0.54524976 -0.08559120 0.09281022
v 0.54076645 -0.06423946 0.09468888
v 0.54318469 -0.07100884 0.09648930
v 0.54206385 -0.06665324 0.09310778
v 0.50840768 -0.04410992 0.10029515
v 0.53741707 -0.05940711 0.09549752
v 0.53527014 -0.05780787 0.10186822
v 0.53279566 -0.05467242 0.09823178
v 0.52266159 -0.04786364 0.09903438
v 0.51259865 -0.04328630 0.09489246
v 0.53325249 -0.05391217 0.09362095
v 0.50415067 -0.04366436 0.10045522
v 0.50582935 -0.04375708 0.10006241
v 0.54534563 -0.08995998 0.09579326
v 0.54535325 -0.08647828 0.09763505
v 0.50838832 -0.04335402 0.09721983
v 0.54036437 -0.06377302 0.09529323
v 0.52883475 -0.05249190 0.10239957
v 0.54521601 -0.07876705 0.09748190
v 0.53324572 -0.05591305 0.10179193
v 0.50615561 -0.04326667 0.09791602
v 0.54509959 -0.07852362 0.08937057
v 0.52519971 -0.05010201 0.10383906
v 0.54161417 -0.06505026 0.09236038
v 0.51931949 -0.04757768 0.10346368
v 0.53866163 -0.06164685 0.09710975
v 0.53819217 -0.06164354 0.10000762
v 0.54523358 -0.07845665 0.09956652
v 0.54517415 -0.07760601 0.09624340
v 0.51414040 -0.04443122 0.09882024
v 0.53238099 -0.05349077 0.09481377
v 0.54115184 -0.06447124 0.09318989
v 0.53688083 -0.05890331 0.09668832
v 0.51450230 -0.04456491 0.09918852
v 0.54534165 -0.09010612 0.09558496
v 0.54522629 -0.08883951 0.09083838
v 0.53833506 -0.06191045 0.10023790
v 0.54519760 -0.07826088 0.09693652
v 0.54132136 -0.06561912 0.09695686
v 0.54513201 -0.08912745 0.09058500
v 0.53282362 -0.05488511 0.09900502
v 0.51914467 -0.04672483 0.10030566
v 0.50030255 -0.04282402 0.09651630
v 0.51993809 -0.04767123 0.10281579
v 0.51008677 -0.04351636 0.09706632
v 0.53881273 -0.06162126 0.09606255
v 0.53886880 -0.06190674 0.09690230
v 0.50845507 -0.04403222 0.09995596
v 0.52872014 -0.05239404 0.10237509
v 0.50551350 -0.04419262 0.10198216
v 0.54241948 -0.06933635 0.10024575
v 0.54093650 -0.06570622 0.09980674
v 0.54537009 -0.08844635 0.09743868
v 0.49908864 -0.04286255 0.09595115
v 0.50403138 -0.04345165 0.09964549
v 0.52267396 -0.04688471 0.09505280
v 0.54374644 -0.07271733 0.09582100
v 0.53701478 -0.05851482 0.09427659
v 0.54136785 -0.06563929 0.09674160
v 0.51500990 -0.04510885 0.10057371
v 0.53978553 -0.06327859 0.09688870
v 0.52209262 -0.04782292 0.09982756
v 0.53268006 -0.05496051 0.09978956
v 0.50364892 -0.04340927 0.09964630
v 0.54533897 -0.08599147 0.09719443
v 0.53782576 -0.06091152 0.09922016
v 0.54408920 -0.09194258 0.08694540
v 0.52064069 -0.04669343 0.09769287
v 0.54529690 -0.08483780 0.09570875
v 0.50629468 -0.04471025 0.10373669
v 0.50795399 -0.04340839 0.09764767
v 0.52204242 -0.04823794 0.10159644
v 0.52427917 -0.04758006 0.09514376
v 0.52658621 -0.05072944 0.10252941
v 0.54483719 -0.07715676 0.09977185
v 0.51923154 -0.04646820 0.09912648
v 0.52140131 -0.04686667 0.09711971
v 0.54119172 -0.06593031 0.09911637
v 0.54128164 -0.06561259 0.09718624
v 0.54024674 -0.06478502 0.10031355
v 0.54164731 -0.06584249 0.09547386
v 0.52904621 -0.05265473 0.10237247
v 0.52587264 -0.05019278 0.10264801
v 0.53990715 -0.06350388 0.09706560
v 0.54330437 -0.07123213 0.09568818
v 0.54535873 -0.08680674 0.09772165
v 0.51173297 -0.04325150 0.09517932
v 0.53733783 -0.05995965 0.09826536
v 0.52560205 -0.05001637 0.10279931
v 0.52558544 -0.05031528 0.10405162
v 0.53127376 -0.05468529 0.10332698
v 0.51658903 -0.04528885 0.09872904
v 0.54423608 -0.07401376 0.09417224
v 0.50685132 -0.04504886 0.10486574
v 0.53723049 -0.05969681 0.09783470
v 0.53013304 -0.05340089 0.10185321
v 0.52318888 -0.04780965 0.09792477
v 0.54522973 -0.08784295 0.09114645
v 0.50526008 -0.04447744 0.10326004
v 0.54173872 -0.06541979 0.09223552
v 0.53763340 -0.05979756 0.09578528
v 0.54492369 -0.07746682 0.09986650
v 0.50328854 -0.04295093 0.09795191
v 0.50265881 -0.04408672 0.10284264
v 0.54522873 -0.08566749 0.09173710
v 0.54537040 -0.08856251 0.09739787
v 0.54524952 -0.07945382 0.09889962
v 0.52279965 -0.04779737 0.09853245
v 0.54524841 -0.08600760 0.09256211
v 0.51676644 -0.04660439 0.10373013
v 0.54369945 -0.07268610 0.09642444
v 0.51735786 -0.04597213 0.10021560
v 0.54515284 -0.08905821 0.09062591
v 0.50656303 -0.04455336 0.10297172
v 0.54524682 -0.08292982 0.09433280
v 0.54118787 -0.06550961 0.09735356
v 0.50674807 -0.04340374 0.09819676
v 0.54530377 -0.08526608 0.09578999
v 0.54522615 -0.08575263 0.09157599
v 0.50480506 -0.04430029 0.10274536
v 0.53725543 -0.05908495 0.09515735
v 0.54406740 -0.07340363 0.09395578
v 0.50642460 -0.04454972 0.10302034
v 0.51915574 -0.04644798 0.09917106
v 0.52216216 -0.04681911 0.09564998
v 0.50862663 -0.04313006 0.09619379
v 0.50254032 -0.04341085 0.10015208
v 0.54008204 -0.06341922 0.09560078
v 0.54021963 -0.06476880 0.10041686
v 0.50777023 -0.04351553 0.09817139
v 0.49832591 -0.04293078 0.09577738
v 0.53198419 -0.05356331 0.09642240
v 0.53886702 -0.06166653 0.09591169
v 0.50497477 -0.04439152 0.10303965
v 0.53175870 -0.05366477 0.09757918
v 0.51952574 -0.04661929 0.09924810
v 0.51483065 -0.04490232 0.10003662
v 0.51036503 -0.04351143 0.09691121
v 0.53580925 -0.05652478 0.09340505
v 0.50866481 -0.04327236 0.09675507
v 0.54513831 -0.07743901 0.09601583
v 0.51746009 -0.04580879 0.09939197
v 0.50417476 -0.04418410 0.10255773
v 0.53104057 -0.05361735 0.09975377
v 0.53148485 -0.05485129 0.10330734
v 0.51876599 -0.04666180 0.10067768
v 0.54385880 -0.07290943 0.09494310
v 0.53944443 -0.06395286 0.10187769
v 0.54386199 -0.07256122 0.09319856
v 0.54528846 -0.08756645 0.09388989
v 0.53091444 -0.05370369 0.10051956
v 0.50728550 -0.04450118 0.10242233
v 0.53225531 -0.05505452 0.10158420
v 0.49838024 -0.04270625 0.09487309
v 0.54527792 -0.08424313 0.09508222
v 0.53817448 -0.06076907 0.09647863
v 0.54428044 -0.09256485 0.09065102
v 0.53835241 -0.06222698 0.10145232
v 0.54109399 -0.06539843 0.09748660
v 0.50374989 -0.04366914 0.10065547
v 0.51690856 -0.04671761 0.10395462
v 0.54238854 -0.06902486 0.09925462
v 0.54510421 -0.07894991 0.08924139
v 0.51933160 -0.04650286 0.09910038
v 0.50561108 -0.04485188 0.10462930
v 0.54477000 -0.07508349 0.09046601
v 0.50911980 -0.04380015 0.09869154
v 0.51457465 -0.04468182 0.09956736
v 0.54198909 -0.06625654 0.09239134
v 0.54512444 -0.08007115 0.08946815
v 0.53967761 -0.06308286 0.09674939
v 0.51501347 -0.04508550 0.10047397
v 0.53928053 -0.06374387 0.10202748
v 0.53663906 -0.05772877 0.09333011
v 0.54526727 -0.08570404 0.09363896
v 0.52238193 -0.04682822 0.09531721
v 0.52870090 -0.05237906 0.10237774
v 0.50116685 -0.04358231 0.10021788
v 0.53381900 -0.05477957 0.09525009
v 0.52154973 -0.04819952 0.10226725
v 0.52244504 -0.04782167 0.09922973
v 0.54269277 -0.06973113 0.09799412
v 0.51367218 -0.04353479 0.09537371
v 0.51802224 -0.04573033 0.09815255
v 0.51495266 -0.04428086 0.09735319
v 0.54450552 -0.07421055 0.09062711
v 0.54507043 -0.07709588 0.09544717
v 0.50438497 -0.04347724 0.09958744
v 0.53910937 -0.06225144 0.09683872
v 0.54522595 -0.08592250 0.09150341
v 0.53283670 -0.05357253 0.09363018
v 0.54517590 -0.08900902 0.09074656
v 0.53541807 -0.05816541 0.10245547
v 0.52309908 -0.04702028 0.09488150
v 0.54350764 -0.07221219 0.09718517
v 0.52104310 -0.04805886 0.10254473
v 0.53326252 -0.05446835 0.09584527
v 0.52110715 -0.04682185 0.09743194
v 0.50872506 -0.04321284 0.09648348
v 0.53636906 -0.05726406 0.09306035
v 0.50062865 -0.04369681 0.10037411
v 0.50228773 -0.04400673 0.10268243
v 0.50252521 -0.04245165 0.09627792
v 0.50237979 -0.04340090 0.10018366
v 0.50248274 -0.04272797 0.09741370
v 0.52885431 -0.05250206 0.10237736
v 0.54449416 -0.07551103 0.09729750
v 0.51825319 -0.04652246 0.10096130
v 0.54464714 -0.09231697 0.09394300
v 0.52288761 -0.04771513 0.09805131
v 0.54327683 -0.07159377 0.09784569
v 0.54517479 -0.07826050 0.09958553
v 0.54417868 -0.07336569 0.09193253
v 0.54524385 -0.07924837 0.09882448
v 0.54308147 -0.07078963 0.09704703
v 0.53431625 -0.05674895 0.10162449
v 0.49686181 -0.04299534 0.09516482
v 0.54154680 -0.06574486 0.09603026
v 0.54514994 -0.07953799 0.09159244
v 0.53864859 -0.06280746 0.10204302
v 0.50354062 -0.04299020 0.09799705
v 0.53275356 -0.05435586 0.09708427
v 0.53045777 -0.05359953 0.10159544
v 0.54510394 -0.07814331 0.09009515
v 0.54465907 -0.09167175 0.09232449
v 0.53255050 -0.05338734 0.09383250
v 0.54459538 -0.09187586 0.09218526
v 0.53285345 -0.05434606 0.09671292
v 0.54310223 -0.07115578 0.09846689
v 0.54480081 -0.07581721 0.09363235
v 0.54460745 -0.07623681 0.09902780
v 0.54518309 -0.07784739 0.09651510
v 0.52805062 -0.05183161 0.10226884
v 0.54255513 -0.06981520 0.10045806
v 0.51523721 -0.04448348 0.09770277
v 0.51212706 -0.04323416 0.09491366
v 0.54449299 -0.09075213 0.08804680
v 0.50881891 -0.04401007 0.09969222
v 0.50999396 -0.04313654 0.09556094
v 0.54421544 -0.07410469 0.09496221
v 0.54525460 -0.08769112 0.09228945
v 0.54289183 -0.07027668 0.09753662
v 0.53279476 -0.05495839 0.09939929
v 0.54524147 -0.07938889 0.09837427
v 0.54519916 -0.08147852 0.09276090
v 0.51304841 -0.04337080 0.09501383
v 0.51728864 -0.04696756 0.10434186
v 0.54425350 -0.07398503 0.09374312
v 0.53464121 -0.05699288 0.10152946
v 0.50550940 -0.04307579 0.09744014
v 0.54456048 -0.07582273 0.09774273
v 0.53288424 -0.05559385 0.10169391
v 0.54521863 -0.08387777 0.09209911
v 0.50345717 -0.04370421 0.10093033
v 0.54485984 -0.09176948 0.09478467
v 0.54516700 -0.08139492 0.09091138
v 0.54520052 -0.08293444 0.09170308
v 0.54418422 -0.09162214 0.08709212
v 0.54525026 -0.08653710 0.09245050
v 0.50190705 -0.04273012 0.09708032
v 0.54522945 -0.08844185 0.09102633
v 0.51784518 -0.04591773 0.09919756
v 0.52306241 -0.04777728 0.09800741
v 0.53124007 -0.05363746 0.09917860
v 0.54517830 -0.08192393 0.09115707
v 0.53113951 -0.05457968 0.10334013
v 0.54439153 -0.07390252 0.09102358
v 0.52529110 -0.05016078 0.10392292
v 0.54529152 -0.08701837 0.09424492
v 0.54529888 -0.08502222 0.09569310
v 0.54534168 -0.09009755 0.09558706
v 0.54511140 -0.07939670 0.08925766
v 0.53809698 -0.06147412 0.09989050
v 0.51909292 -0.04613611 0.09801863
v 0.54434673 -0.09250315 0.09119556
v 0.51157315 -0.04341494 0.09592635
v 0.50562732 -0.04313731 0.09763549
v 0.53938985 -0.06387841 0.10190793
v 0.50755851 -0.04444366 0.10205931
v 0.54504175 -0.07691004 0.09500106
v 0.54459993 -0.07450314 0.09047736
v 0.50322572 -0.04293986 0.09793567
v 0.50863413 -0.04394993 0.09953502
v 0.50682172 -0.04452887 0.10275137
v 0.54126440 -0.06456247 0.09284764
v 0.54271737 -0.07025501 0.10008203
v 0.54346195 -0.07159785 0.09495565
v 0.53981262 -0.06302887 0.09566867
v 0.51961360 -0.04635236 0.09802679
v 0.50431548 -0.04318042 0.09841418
v 0.54160201 -0.06571309 0.09553789
v 0.54157423 -0.06493626 0.09242265
v 0.54522975 -0.08668853 0.09142842
v 0.53952935 -0.06260531 0.09568122
v 0.53574978 -0.05662489 0.09416942
v 0.53959611 -0.06324796 0.09795691
v 0.53912078 -0.06269983 0.09864374
v 0.53585636 -0.05687342 0.09454507
v 0.54346846 -0.07206707 0.09710732
v 0.53142341 -0.05359099 0.09838607
v 0.54082866 -0.06558777 0.09999619
v 0.50360528 -0.04268045 0.09671295
v 0.54507030 -0.09108678 0.09524607
v 0.54168605 -0.06594207 0.09536735
v 0.54099292 -0.06441006 0.09395438
v 0.52134494 -0.04815959 0.10244829
v 0.53838171 -0.06207087 0.10061765
v 0.54525435 -0.08780674 0.09224899
v 0.53894833 -0.06177459 0.09585523
v 0.50155624 -0.04406792 0.10249731
v 0.50082789 -0.04253528 0.09562092
v 0.52026501 -0.04778167 0.10271960
v 0.53861925 -0.06178118 0.09793351
v 0.51776772 -0.04567562 0.09835168
v 0.53496877 -0.05728680 0.10152377
v 0.54110746 -0.06540881 0.09744493
v 0.54421117 -0.07401764 0.09460465
v 0.54472469 -0.07491164 0.09038558
v 0.51787179 -0.04568139 0.09820390
v 0.51864580 -0.04749824 0.10425617
v 0.51651709 -0.04614105 0.10227031
v 0.54435775 -0.07480566 0.09607001
v 0.51627470 -0.04510355 0.09849858
v 0.51587341 -0.04567844 0.10145874
v 0.53255605 -0.05530075 0.10158995
v 0.54522723 -0.07909109 0.09778963
v 0.54512354 -0.07863922 0.09084803
v 0.54066654 -0.06536866 0.10010589
v 0.54247230 -0.06920889 0.09886491
v 0.52180836 -0.04822608 0.10194106
v 0.50298215 -0.04379056 0.10149468
v 0.53117639 -0.05463268 0.10343499
v 0.54350867 -0.07223616 0.09728411
v 0.50707916 -0.04455161 0.10272468
v 0.54525839 -0.08808805 0.09236648
v 0.54522716 -0.08433026 0.09228152
v 0.54526335 -0.08840982 0.09251866
v 0.51181113 -0.04354375 0.09633639
v 0.52974259 -0.05312536 0.10201143
v 0.51766791 -0.04713227 0.10438578
v 0.50023517 -0.04381697 0.10064047
v 0.51008512 -0.04317189 0.09566120
v 0.50938225 -0.04362006 0.09782988
v 0.54392199 -0.09252974 0.08675327
v 0.54294462 -0.07079022 0.09915389
v 0.50264341 -0.04277040 0.09751290
v 0.50797692 -0.04430995 0.10131654
v 0.54416197 -0.09280820 0.09003820
v 0.53801486 -0.06135251 0.09988931
v 0.53222915 -0.05345734 0.09518173
v 0.54494619 -0.09151378 0.09503865
v 0.53597466 -0.05668997 0.09308759
v 0.50607102 -0.04468208 0.10372425
v 0.51073811 -0.04334374 0.09604456
v 0.53939582 -0.06303960 0.09834210
v 0.50096251 -0.04410163 0.10227890
v 0.54495054 -0.07657484 0.09488080
v 0.51829633 -0.04583256 0.09811255
v 0.50502011 -0.04372263 0.10029416
v 0.54525133 -0.07947771 0.09899788
v 0.50630759 -0.04332215 0.09807069
v 0.54359822 -0.09380889 0.08677634
v 0.54352761 -0.09434099 0.08745377
v 0.54509997 -0.07823796 0.08972296
v 0.54534334 -0.08999602 0.09568519
v 0.54534429 -0.08962133 0.09582826
v 0.52227119 -0.04785743 0.09966785
v 0.54528166 -0.08792446 0.09346701
v 0.49678376 -0.04297720 0.09504191
v 0.50786363 -0.04438850 0.10169101
v 0.50726997 -0.04492025 0.10414450
v 0.50654069 -0.04395916 0.10055583
v 0.54439589 -0.09098611 0.08763772
v 0.50890090 -0.04305818 0.09576857
v 0.50071636 -0.04408144 0.10204448
v 0.54469628 -0.07661736 0.09944119
v 0.53205923 -0.05464633 0.10057227
v 0.50695090 -0.04453771 0.10272815
v 0.54534408 -0.08967706 0.09579870
v 0.51998855 -0.04768644 0.10279331
v 0.50673300 -0.04481452 0.10396058
v 0.53885699 -0.06312436 0.10207333
v 0.50491974 -0.04341347 0.09908361
v 0.53616508 -0.05752603 0.09536030
v 0.51828725 -0.04608685 0.09914981
v 0.54525519 -0.08761060 0.09234448
v 0.53851539 -0.06258269 0.10192886
v 0.52287476 -0.04694246 0.09494717
v 0.54410796 -0.09297493 0.08991084
v 0.53705276 -0.05871485 0.09486758
v 0.54467038 -0.09164425 0.09237400
v 0.54283256 -0.07056024 0.09977518
v 0.53341974 -0.05639747 0.10319458
v 0.54524594 -0.07902340 0.09944110
v 0.50090550 -0.04255894 0.09576665
v 0.51562285 -0.04471494 0.09800287
v 0.50725438 -0.04348335 0.09828294
v 0.54474876 -0.09206450 0.09436822
v 0.54429325 -0.07440248 0.09514381
v 0.54521025 -0.08191413 0.09303916
v 0.54400035 -0.07293169 0.09274575
v 0.54495804 -0.08968475 0.09019407
v 0.54508946 -0.07799116 0.09968590
v 0.52058786 -0.04669706 0.09779512
v 0.50801066 -0.04413356 0.10058016
v 0.54158579 -0.06569042 0.09554699
v 0.52194111 -0.04778085 0.09991222
v 0.52069088 -0.04670866 0.09767035
v 0.52349615 -0.04717450 0.09483332
v 0.54518932 -0.08237433 0.09146184
v 0.54523776 -0.07945033 0.09798455
v 0.53291651 -0.05427879 0.09622904
v 0.54522803 -0.08720021 0.09121459
v 0.51677053 -0.04630331 0.10251001
v 0.54378586 -0.07272863 0.09524110
v 0.53516832 -0.05760005 0.10162206
v 0.50659146 -0.04453349 0.10287667
v 0.52021221 -0.04778507 0.10282120
v 0.54537108 -0.08822899 0.09757921
v 0.54428562 -0.07363895 0.09149769
v 0.54033767 -0.06375715 0.09539745
v 0.54424626 -0.07421717 0.09500706
v 0.54141695 -0.06473034 0.09257036
v 0.54531202 -0.08564560 0.09598989
v 0.52569940 -0.05005809 0.10265802
v 0.50393401 -0.04408262 0.10225312
v 0.51874641 -0.04753276 0.10422973
v 0.54280048 -0.07048593 0.09991318
v 0.51619798 -0.04597958 0.10214099
v 0.50639963 -0.04384648 0.10016237
v 0.51052193 -0.04327841 0.09588282
v 0.53617582 -0.05696502 0.09300218
v 0.54061258 -0.06408270 0.09501295
v 0.53299515 -0.05429254 0.09602367
v 0.53529069 -0.05807585 0.10284695
v 0.54524475 -0.08290525 0.09423379
v 0.50660707 -0.04391251 0.10033498
v 0.54501279 -0.07776807 0.09987189
v 0.54460429 -0.07606066 0.09819805
v 0.54521165 -0.08371386 0.09181851
v 0.53733754 -0.05998307 0.09836462
v 0.54254932 -0.10691283 0.11058747
v 0.53982652 -0.08136787 0.02049828
v 0.53490868 -0.06163242 0.11995064
v 0.53500513 -0.03952394 0.02965142
v 0.47076146 -0.06021184 0.11993573
v 0.51397867 -0.04993036 0.12181481
v 0.51632481 -0.02822122 0.03167411
v 0.54553454 -0.08265491 0.11621470
v 0.54375175 -0.05913084 0.02590429
v 0.54577835 -0.09483168 0.11360771
v 0.54337877 -0.07034099 0.02337608
v 0.52537549 -0.05434124 0.12110386
v 0.52658851 -0.03257663 0.03087145
v 0.46921534 -0.06134337 0.11975484
v 0.50160581 -0.04865720 0.12207625
v 0.50503110 -0.02670522 0.03204452
v 0.54181432 -0.07130492 0.11833071
v 0.54088674 -0.04859441 0.02800121
v 0.46750982 -0.06259954 0.11958503
v 0.47327568 -0.03836858 0.02997162
v 0.52368394 -0.12932000 0.10309638
v 0.52150146 -0.10139157 0.01353394
v 0.48917748 -0.05052831 0.12184105
v 0.49356583 -0.02804797 0.03193269
v 0.52708951 -0.12724003 0.10410141
v 0.52470776 -0.09959496 0.01445747
v 0.47756238 -0.05531618 0.12103479
v 0.48274517 -0.03205749 0.03126515
v 0.53613941 -0.11798746 0.10732872
v 0.53342041 -0.09136866 0.01744047
v 0.49183075 -0.13873397 0.09793627
v 0.49209910 -0.10889250 0.00902802
v 0.46987004 -0.13156738 0.09915721
v 0.47253188 -0.10143974 0.01048111
v 0.45178109 -0.09349329 0.11142705
v 0.45774719 -0.06594114 0.02236236
v 0.45219804 -0.10461679 0.10790225
v 0.45767884 -0.07609368 0.01900980
v 0.48018340 -0.13653261 0.09795274
v 0.48164537 -0.10641056 0.00919919
v 0.46148796 -0.12424418 0.10141016
v 0.46526755 -0.09439242 0.01273042
v 0.45428462 -0.08234032 0.11469221
v 0.46045946 -0.05588020 0.02543936
v 0.45961117 -0.07182021 0.11745744
v 0.46571543 -0.04649497 0.02801790
v 0.51612664 -0.13402443 0.10124023
v 0.51439270 -0.10546380 0.01186026
v 0.50408580 -0.13791601 0.09908930
v 0.50325961 -0.10860726 0.00996421
v 0.52149228 -0.10139655 0.01353144
v 0.45549264 -0.11507062 0.10444150
v 0.46023153 -0.08576418 0.01568431
v 0.51576247 -0.13323151 0.10203149
v 0.47162425 -0.06353732 0.11773835
v 0.48033872 -0.13630264 0.09849204
v 0.53214996 -0.04346876 0.03567262
v 0.53192784 -0.06389965 0.11799642
v 0.46794895 -0.06318531 0.12000160
v 0.45284597 -0.10461217 0.10847776
v 0.51493010 -0.13079992 0.10137626
v 0.46308303 -0.08654088 0.02267266
v 0.45897156 -0.11295519 0.10369855
v 0.48938703 -0.05163229 0.12220980
v 0.54116994 -0.10658386 0.11109510
v 0.51336404 -0.05179047 0.12188514
v 0.45550620 -0.10362503 0.10749888
v 0.52381677 -0.05662118 0.12061727
v 0.53601997 -0.11796550 0.10757736
v 0.50151733 -0.05018288 0.12232985
v 0.46068571 -0.06808787 0.02870755
v 0.45555235 -0.09306273 0.11003208
v 0.50407338 -0.13783627 0.09937026
v 0.47881799 -0.05746639 0.12050180
v 0.45462449 -0.08254705 0.11508247
v 0.50159000 -0.04886541 0.12229260
v 0.47772363 -0.05573753 0.12138849
v 0.52572144 -0.12555034 0.10466395
v 0.51323263 -0.05214022 0.12162155
v 0.53478456 -0.06179771 0.12016949
v 0.54189610 -0.10682917 0.11110677
v 0.53406713 -0.06249711 0.12035002
v 0.46230129 -0.12373739 0.10221448
v 0.48113040 -0.13448680 0.09891584
v 0.52496558 -0.05505866 0.12151958
v 0.49241126 -0.13523839 0.09839309
v 0.46433610 -0.05647791 0.02344010
v 0.46408572 -0.05762885 0.02727088
v 0.48024372 -0.13646445 0.09823995
v 0.45828421 -0.11358983 0.10460867
v 0.46409503 -0.08357565 0.01473120
v 0.46391147 -0.08486035 0.01857696
v 0.54537750 -0.08274953 0.11643880
v 0.45678980 -0.11457234 0.10518547
v 0.52452634 -0.05570120 0.12138045
v 0.50392079 -0.13620412 0.10002577
v 0.45680488 -0.08292797 0.11444209
v 0.50147323 -0.05123926 0.12154216
v 0.47112790 -0.06085307 0.12034911
v 0.52646921 -0.12659047 0.10481275
v 0.54562256 -0.09488574 0.11383752
v 0.46998533 -0.06463690 0.11796028
v 0.47463637 -0.10104065 0.01802940
v 0.47225175 -0.12811980 0.09894222
v 0.53396893 -0.11646252 0.10749601
v 0.54081282 -0.07194487 0.11874744
v 0.54469618 -0.09492186 0.11409743
v 0.53429663 -0.11675359 0.10770679
v 0.46805805 -0.04996793 0.03391177
v 0.46281224 -0.07310715 0.11558122
v 0.53435375 -0.06224011 0.12037297
v 0.46065840 -0.07754685 0.02566682
v 0.45592919 -0.10331951 0.10682741
v 0.53308553 -0.06326820 0.11980781
v 0.52405102 -0.03559930 0.02853934
v 0.52400204 -0.03656172 0.03242909
v 0.50375696 -0.13410428 0.09915716
v 0.54513639 -0.08284620 0.11659142
v 0.49222437 -0.13654929 0.09889334
v 0.51484296 -0.03164671 0.02928282
v 0.51474616 -0.03260230 0.03315774
v 0.50310306 -0.10407237 0.00965311
v 0.50315141 -0.10538075 0.01356592
v 0.51299852 -0.05272691 0.12093836
v 0.48355459 -0.10218570 0.00900824
v 0.48350971 -0.10352133 0.01289139
v 0.49245379 -0.13489928 0.09812853
v 0.46266102 -0.07313532 0.11596011
v 0.53367076 -0.11617942 0.10723391
v 0.53459667 -0.06200342 0.12031238
v 0.52514373 -0.05477373 0.12146238
v 0.51484160 -0.13048439 0.10108910
v 0.45518939 -0.10379667 0.10780318
v 0.47214363 -0.12835654 0.09924365
v 0.45402156 -0.09353693 0.11161737
v 0.51562091 -0.13285844 0.10208060
v 0.45857888 -0.11334998 0.10433246
v 0.46261856 -0.12346628 0.10226650
v 0.54166807 -0.07143769 0.11855135
v 0.46318557 -0.05871021 0.03152381
v 0.45787903 -0.08278584 0.11302311
v 0.49201044 -0.13786786 0.09882858
v 0.54240660 -0.10692685 0.11082563
v 0.47102830 -0.13018254 0.10010794
v 0.52506442 -0.12449367 0.10397927
v 0.45243328 -0.09364312 0.11194724
v 0.45641624 -0.08290898 0.11472032
v 0.48977100 -0.05297814 0.12129667
v 0.45359851 -0.09359508 0.11180730
v 0.53838679 -0.07277529 0.11683244
v 0.47861995 -0.05720873 0.12082489
v 0.53911374 -0.06957629 0.02157898
v 0.53921936 -0.07067394 0.02551759
v 0.54203628 -0.09439758 0.11239047
v 0.46177682 -0.07480902 0.01767912
v 0.46156027 -0.07605527 0.02151710
v 0.46045604 -0.07244145 0.11788061
v 0.45480200 -0.09337209 0.11107142
v 0.45716093 -0.08292444 0.11411745
v 0.46995999 -0.13151779 0.09944033
v 0.52554604 -0.11983938 0.09022986
v 0.50155432 -0.04945522 0.12248243
v 0.52597632 -0.12592168 0.10478118
v 0.46079023 -0.07260546 0.11778245
v 0.46932339 -0.06431471 0.11909812
v 0.47270139 -0.06246619 0.11868573
v 0.45318000 -0.09363319 0.11192852
v 0.50150042 -0.05055701 0.12213276
v 0.45399985 -0.10429493 0.10843682
v 0.53908694 -0.10550181 0.10959472
v 0.48986208 -0.05323487 0.12092872
v 0.45717604 -0.11434670 0.10513676
v 0.51588910 -0.13354787 0.10191606
v 0.46015821 -0.07227315 0.11789606
v 0.51310899 -0.05245742 0.12130161
v 0.52686447 -0.12705939 0.10457280
v 0.51290642 -0.05293642 0.12054981
v 0.47205062 -0.06192298 0.11975195
v 0.48169076 -0.13290848 0.09815222
v 0.45213994 -0.09361400 0.11184302
v 0.47900025 -0.05768088 0.12013583
v 0.53159371 -0.04186962 0.02739459
v 0.53159207 -0.04285156 0.03129939
v 0.53925345 -0.07258098 0.11793078
v 0.50323015 -0.10746714 0.01762454
v 0.50374118 -0.13384535 0.09885628
v 0.47180329 -0.06166933 0.12001356
v 0.48077859 -0.13535185 0.09893687
v 0.50405354 -0.13765917 0.09961318
v 0.48924608 -0.05098995 0.12219349
v 0.48947674 -0.05198524 0.12208928
v 0.47155964 -0.06139791 0.12020541
v 0.50395914 -0.13664790 0.10001797
v 0.46867706 -0.09138082 0.01212381
v 0.46853494 -0.09269428 0.01597996
v 0.51349665 -0.05142452 0.12207875
v 0.49386081 -0.03283875 0.03767264
v 0.49005757 -0.05361701 0.11974548
v 0.45794110 -0.11384394 0.10484183
v 0.51504337 -0.13117178 0.10162700
v 0.54538222 -0.09491943 0.11399971
v 0.51283712 -0.05307552 0.12015270
v 0.48158658 -0.13323517 0.09841676
v 0.52163459 -0.12595048 0.10243585
v 0.46774944 -0.06296158 0.11994439
v 0.47096049 -0.06060463 0.12029342
v 0.48129976 -0.13404305 0.09880744
v 0.53559113 -0.11773820 0.10789765
v 0.47786066 -0.05600953 0.12144087
v 0.54003418 -0.07229552 0.11847415
v 0.50380986 -0.13483691 0.09966175
v 0.45771088 -0.08285206 0.11339206
v 0.54360346 -0.08317217 0.11641230
v 0.49215171 -0.13701669 0.09893823
v 0.54428258 -0.09489105 0.11402909
v 0.52547709 -0.12517724 0.10448605
v 0.53497897 -0.11730718 0.10794250
v 0.46874903 -0.06390487 0.11967265
v 0.49194846 -0.13821169 0.09867857
v 0.54076666 -0.10641965 0.11097923
v 0.52528245 -0.05453081 0.12132174
v 0.54261205 -0.09459773 0.11309647
v 0.53530151 -0.11754397 0.10795643
v 0.53943602 -0.05950574 0.02389949
v 0.53951472 -0.06055783 0.02782997
v 0.46185125 -0.06559898 0.02067037
v 0.46161206 -0.06679961 0.02450336
v 0.51532047 -0.13201436 0.10197806
v 0.45881157 -0.11313521 0.10402443
v 0.54384692 -0.09484041 0.11388716
v 0.50384424 -0.13527711 0.09984379
v 0.51607538 -0.13395430 0.10151199
v 0.54036189 -0.10623746 0.11079581
v 0.54506855 -0.09493150 0.11408716
v 0.46980669 -0.06457764 0.11835439
v 0.52428533 -0.05602888 0.12119131
v 0.45441494 -0.08244387 0.11492240
v 0.50153550 -0.04980992 0.12244889
v 0.51644638 -0.12642515 0.08850182
v 0.53683002 -0.08211025 0.02720099
v 0.53892910 -0.10535814 0.10924451
v 0.53375036 -0.06276206 0.12024365
v 0.53021514 -0.08847652 0.01623326
v 0.53033710 -0.08967097 0.02017451
v 0.53861448 -0.07274764 0.11721522
v 0.47821529 -0.05661504 0.12128843
v 0.47928584 -0.05794318 0.11934580
v 0.47010200 -0.13138363 0.09968568
v 0.54340998 -0.09477262 0.11367727
v 0.52330415 -0.05715708 0.11948039
v 0.47310761 -0.06246030 0.11792218
v 0.54237437 -0.08325571 0.11556442
v 0.48145416 -0.13361923 0.09863811
v 0.46178048 -0.12412292 0.10191706
v 0.46216908 -0.07308096 0.11671772
v 0.53321714 -0.11568924 0.10660757
v 0.50145851 -0.05187290 0.12038458
v 0.49436305 -0.03140658 0.02947074
v 0.49418099 -0.03238819 0.03332066
v 0.50148554 -0.05091465 0.12186565
v 0.45255493 -0.10465185 0.10834859
v 0.49000873 -0.05356226 0.12013556
v 0.47528223 -0.09773250 0.01014158
v 0.47518741 -0.09906325 0.01401040
v 0.46329309 -0.12283113 0.10216823
v 0.54030511 -0.06157066 0.03218550
v 0.54163636 -0.08315440 0.11446015
v 0.46201763 -0.12395952 0.10209579
v 0.53099253 -0.09136709 0.02440801
v 0.53308271 -0.11550406 0.10627040
v 0.53463879 -0.11703964 0.10785837
v 0.46150455 -0.07289221 0.11736396
v 0.46913043 -0.04798551 0.02578826
v 0.46888070 -0.04908621 0.02961962
v 0.45278532 -0.09364966 0.11197657
v 0.47762255 -0.05550275 0.12125117
v 0.45642515 -0.11476622 0.10516509
v 0.46185124 -0.07300177 0.11706312
v 0.52436754 -0.03704772 0.03680031
v 0.52321762 -0.05720526 0.11909549
v 0.52491540 -0.12421462 0.10367331
v 0.45191925 -0.09356339 0.11166696
v 0.54043317 -0.07212432 0.11864880
v 0.45233566 -0.10465340 0.10815384
v 0.46818976 -0.06342460 0.11997407
v 0.49229391 -0.13608289 0.09878437
v 0.53997437 -0.10604588 0.11055437
v 0.47296181 -0.06256590 0.11790307
v 0.48957369 -0.05233826 0.12189049
v 0.47076365 -0.13055632 0.10009800
v 0.53686370 -0.05003459 0.02584785
v 0.53690569 -0.05104718 0.02976667
v 0.53890786 -0.07268167 0.11758656
v 0.51392276 -0.05013438 0.12203197
v 0.53594546 -0.07948326 0.01897132
v 0.53606597 -0.08062943 0.02291365
v 0.50145944 -0.05172999 0.12078413
v 0.45601277 -0.08286917 0.11494104
v 0.47028955 -0.13117139 0.09988214
v 0.45490327 -0.08264514 0.11516555
v 0.46160114 -0.12421932 0.10168503
v 0.46904124 -0.06412369 0.11941360
v 0.51599509 -0.13379263 0.10174069
v 0.49185647 -0.13865526 0.09822271
v 0.54218535 -0.10689839 0.11100127
v 0.51517543 -0.13158303 0.10183105
v 0.47083644 -0.06038755 0.12015357
v 0.48920147 -0.05073033 0.12205693
v 0.54003006 -0.07192092 0.02984615
v 0.54186727 -0.09429894 0.11202908
v 0.49207939 -0.13746319 0.09891593
v 0.45972573 -0.07195556 0.11768040
v 0.47155105 -0.12938886 0.09992912
v 0.54205316 -0.08324213 0.11520419
v 0.48095393 -0.13493005 0.09896002
v 0.45561400 -0.08280992 0.11509267
v 0.50399514 -0.13705053 0.09994451
v 0.53760939 -0.05184457 0.03413594
v 0.53823526 -0.07276339 0.11645559
v 0.47915870 -0.05784239 0.11974498
v 0.54482252 -0.08294112 0.11666574
v 0.52668416 -0.12685643 0.10472493
v 0.46782520 -0.09453999 0.02002961
v 0.46451173 -0.12139842 0.10096817
v 0.51384250 -0.05039919 0.12217084
v 0.47802697 -0.05630671 0.12140739
v 0.46437346 -0.12160981 0.10128018
v 0.53341603 -0.11591776 0.10693358
v 0.45358560 -0.10442943 0.10852249
v 0.46361875 -0.12249684 0.10202249
v 0.47507067 -0.04240894 0.03575037
v 0.47011016 -0.06464307 0.11757485
v 0.51362442 -0.05105954 0.12219459
v 0.49302158 -0.10437802 0.00884595
v 0.49302566 -0.10570598 0.01274415
v 0.49288043 -0.10781062 0.01676714
v 0.49248278 -0.13463723 0.09783297
v 0.46114540 -0.07275815 0.11760783
v 0.45512315 -0.09327290 0.11073987
v 0.47051361 -0.13089140 0.10002210
v 0.54180337 -0.08320793 0.11483046
v 0.50402711 -0.13739298 0.09980711
v 0.48458664 -0.03498389 0.02881661
v 0.48437217 -0.03599672 0.03265757
v 0.45319483 -0.10453700 0.10853699
v 0.45582729 -0.11502377 0.10491954
v 0.49189636 -0.13847830 0.09847393
v 0.48384624 -0.03655040 0.03699760
v 0.47937606 -0.05797776 0.11895684
v 0.49235710 -0.13563901 0.09861465
v 0.47178492 -0.12900597 0.09974794
v 0.52240377 -0.09588940 0.01358928
v 0.52251345 -0.09712882 0.01752476
v 0.46760070 -0.06276336 0.11980346
v 0.54115552 -0.07176500 0.11876375
v 0.46391639 -0.12217191 0.10181893
v 0.47129489 -0.12978698 0.10005042
v 0.52343729 -0.05703936 0.11987409
v 0.50378021 -0.13443985 0.09942976
v 0.53963488 -0.07245011 0.11823070
v 0.53341801 -0.06302339 0.12006037
v 0.50388187 -0.13573980 0.09996645
v 0.45482082 -0.10397103 0.10806902
v 0.45523830 -0.08273418 0.11516934
v 0.51488862 -0.03301508 0.03752403
v 0.51279421 -0.05313775 0.11976520
v 0.52525467 -0.12481949 0.10425393
v 0.47133084 -0.06112177 0.12031962
v 0.46846081 -0.06366796 0.11986208
v 0.54299175 -0.09469061 0.11341013
v 0.53932167 -0.10566957 0.10993986
v 0.51547134 -0.13244645 0.10206291
v 0.54316798 -0.08321960 0.11618247
v 0.51792942 -0.12498701 0.08815854
v 0.47229013 -0.06214717 0.11943394
v 0.46417192 -0.12187171 0.10156811
v 0.45991090 -0.07210897 0.11782873
v 0.53583445 -0.11788097 0.10776989
v 0.48046366 -0.13605468 0.09869762
v 0.53962195 -0.10585370 0.11026415
v 0.45537695 -0.09316829 0.11038818
v 0.51374147 -0.05071236 0.12222535
v 0.53223940 -0.06379717 0.11876706
v 0.45441812 -0.10413950 0.10828294
v 0.47841596 -0.05692055 0.12109160
v 0.45746778 -0.08289900 0.11376240
v 0.45442910 -0.09346157 0.11136882
v 0.52622942 -0.12627387 0.10483117
v 0.45562182 -0.11507522 0.10470529
v 0.46958259 -0.06446836 0.11873912
v 0.48315027 -0.10558786 0.01690066
v 0.48176196 -0.13265455 0.09785651
v 0.54155227 -0.10672277 0.11113885
v 0.54275192 -0.08324806 0.11589605
v 0.48967321 -0.05267432 0.12162178
v 0.46295431 -0.12315943 0.10225124
v 0.45756587 -0.11410004 0.10502003
v 0.48994262 -0.05343289 0.12053604
v 0.47198551 -0.12865646 0.09951637
v 0.52404513 -0.05634042 0.12093247
v 0.53248220 -0.06366453 0.11914608
v 0.45609920 -0.11491900 0.10507472
v 0.52700174 -0.12718930 0.10436185
v 0.47600443 -0.04065387 0.02759477
v 0.47576695 -0.04170739 0.03142953
v 0.52361097 -0.05685779 0.12025852
v 0.50146457 -0.05151531 0.12117556
v 0.51351568 -0.10448742 0.01934331
v 0.51478128 -0.13023980 0.10077837
v 0.50157254 -0.04913558 0.12243002
v 0.54144505 -0.07159337 0.11869789
v 0.54445055 -0.08302962 0.11666010
v 0.51313369 -0.10119971 0.01130674
v 0.51321819 -0.10247792 0.01523239
v 0.48930886 -0.05129513 0.12224477
v 0.52475652 -0.05537276 0.12149221
v 0.54228845 -0.09449875 0.11275173
v 0.45575662 -0.10346348 0.10716867
v 0.47251034 -0.06233114 0.11907255
v 0.50445817 -0.03160385 0.03782869
v 0.50146179 -0.05193723 0.11999524
v 0.50469241 -0.03024040 0.02960717
v 0.50455034 -0.03120249 0.03346856
v 0.53205174 -0.06387685 0.11837791
v 0.47285423 -0.06254587 0.11828979
v 0.48061256 -0.13573293 0.09884860
v 0.52300863 -0.09900572 0.02169689
v 0.52481456 -0.12399515 0.10334989
v 0.53276862 -0.06348540 0.11949886
v 0.54403768 -0.08310759 0.11657367
v 0.46244323 -0.07312620 0.11634488
v 0.53719790 -0.14994795 0.03688246
v 0.54331535 -0.15612393 0.10037999
v 0.53339372 -0.11413511 0.09345344
v 0.52918250 -0.11392010 0.00998966
v 0.54176416 -0.15520325 0.06119709
v 0.54531046 -0.15897691 0.08033689
v 0.52455353 -0.12820842 0.01033304
v 0.52641939 -0.12667195 0.09594700
v 0.55916220 -0.14953878 0.06973659
v 0.53165014 -0.14469915 0.04201913
v 0.53834041 -0.15067835 0.09253385
v 0.53705020 -0.15226385 0.05143059
v 0.54286751 -0.15818644 0.08855952
v 0.53595552 -0.10998065 0.03157766
v 0.54598541 -0.11723659 0.09009600
v 0.55219561 -0.11005688 0.09165194
v 0.54074813 -0.10166097 0.02977461
v 0.55711511 -0.13013198 0.07068879
v 0.53659277 -0.16013223 0.09688483
v 0.53118341 -0.15491782 0.03980252
v 0.52398657 -0.15305489 0.02794591
v 0.52716655 -0.15502644 0.09967690
v 0.54964415 -0.12257583 0.10040849
v 0.54102320 -0.11625236 0.02308869
v 0.53474893 -0.13443072 0.09049279
v 0.52767514 -0.12949383 0.03258496
v 0.55263672 -0.10345601 0.03970389
v 0.56617759 -0.11550902 0.09417354
v 0.55208648 -0.11324856 0.03668433
v 0.56427618 -0.12455129 0.09785583
v 0.51958986 -0.13873841 0.09670318
v 0.51933126 -0.14133680 0.01260619
v 0.55863272 -0.13191988 0.07904195
v 0.55338542 -0.12677027 0.06188704
v 0.51291644 -0.14526851 0.02197235
v 0.51474370 -0.14453552 0.08874152
v 0.56068590 -0.12512964 0.07073314
v 0.56255081 -0.14373872 0.06946778
v 0.55921903 -0.11914364 0.09122405
v 0.54710066 -0.10862135 0.04207777
v 0.55528115 -0.10856139 0.09424398
v 0.54350212 -0.09985587 0.02733256
v 0.54725276 -0.16242103 0.09229311
v 0.54139158 -0.15590221 0.04880968
v 0.57160618 -0.11965335 0.07970439
v 0.56475538 -0.11283133 0.06116918
v 0.54454337 -0.16104604 0.07097964
v 0.50648533 -0.13946431 0.00402013
v 0.50353496 -0.13275103 0.08293901
v 0.55041736 -0.15971458 0.09276840
v 0.54406967 -0.15263556 0.04810765
v 0.57125185 -0.12230651 0.06967855
v 0.53618628 -0.10565418 0.08380956
v 0.52848723 -0.10210978 0.01944773
v 0.57389267 -0.12182870 0.08002124
v 0.56681743 -0.11460698 0.06003797
v 0.56930334 -0.11717276 0.07051374
v 0.56540280 -0.13946979 0.09202390
v 0.55576523 -0.12931020 0.04714703
v 0.50095467 -0.13880319 0.07616291
v 0.54508801 -0.16228371 0.08087167
v 0.54165526 -0.15853210 0.06092739
v 0.57266716 -0.12133948 0.08923162
v 0.56068870 -0.10958244 0.04988612
v 0.56150458 -0.13364659 0.05812702
v 0.56738209 -0.14008505 0.08098873
v 0.51016653 -0.11694893 0.01418490
v 0.54402740 -0.16049048 0.06013415
v 0.54753280 -0.16449315 0.08174798
v 0.55139064 -0.10349919 0.04065603
v 0.56473241 -0.11525428 0.09304274
v 0.55554586 -0.12305534 0.09063529
v 0.54431799 -0.11334571 0.04250241
v 0.53996542 -0.10156799 0.08845031
v 0.53262213 -0.09877127 0.01300204
v 0.54698720 -0.16314325 0.07090744
v 0.54468973 -0.15773477 0.07089522
v 0.54704946 -0.14797630 0.04752359
v 0.55406274 -0.15574782 0.09295751
v 0.57149332 -0.11916899 0.06997526
v 0.53890980 -0.12308923 0.02274183
v 0.54627791 -0.12843906 0.10161045
v 0.54042476 -0.10019674 0.08691680
v 0.53251922 -0.09685927 0.01459308
v 0.54771488 -0.14777890 0.07069120
v 0.51318460 -0.11354112 0.08050177
v 0.51831145 -0.12701720 0.02298462
v 0.52284325 -0.12842831 0.08449789
v 0.53854360 -0.10511309 0.03077803
v 0.54938568 -0.11301704 0.09071869
v 0.54243379 -0.09986389 0.02860596
v 0.55421109 -0.10854054 0.09284583
v 0.55317764 -0.10515127 0.03866448
v 0.56658849 -0.11723119 0.09538876
v 0.54860958 -0.14914502 0.07942312
v 0.54457659 -0.14504999 0.06156225
v 0.54584899 -0.16416747 0.08136455
v 0.54243211 -0.16033985 0.06057352
v 0.49856857 -0.14352254 0.07953524
v 0.49936856 -0.14198647 0.07788028
v 0.50086794 -0.14658550 0.01344964
v 0.51470468 -0.14699390 0.09536491
v 0.51489715 -0.14969702 0.01602877
v 0.52905719 -0.15340844 0.10112798
v 0.52583743 -0.15138244 0.02659003
v 0.53334826 -0.13880665 0.04244053
v 0.54078939 -0.14535002 0.09146506
v 0.55865870 -0.13992897 0.05809438
v 0.56403053 -0.14592446 0.08133244
v 0.55568753 -0.15471438 0.07007333
v 0.51416735 -0.14010795 0.02269380
v 0.51684829 -0.14008271 0.08705652
v 0.52286437 -0.13298511 0.09658235
v 0.52193250 -0.13516534 0.01126293
v 0.52363019 -0.09414848 0.07406743
v 0.53565060 -0.13228838 0.04270059
v 0.54395891 -0.13951794 0.09072648
v 0.56661973 -0.11775350 0.05940351
v 0.57358560 -0.12497525 0.08019195
v 0.52357618 -0.11315606 0.02182397
v 0.52991028 -0.11584901 0.08339078
v 0.57044462 -0.11914999 0.08787084
v 0.55874163 -0.10794347 0.05144297
v 0.53845694 -0.10231187 0.08454726
v 0.53039220 -0.09860593 0.01792374
v 0.54298578 -0.13918910 0.03557246
v 0.55079033 -0.14694050 0.10091864
v 0.50975255 -0.12022318 0.08174048
v 0.51151223 -0.12632916 0.00094857
v 0.54276024 -0.15059855 0.06140097
v 0.54650941 -0.15448857 0.07983255
v 0.54649929 -0.14841456 0.08687289
v 0.53973097 -0.14183747 0.05219715
v 0.56008756 -0.10793438 0.05071841
v 0.57205754 -0.11952544 0.08853254
v 0.53001387 -0.12024107 0.09486878
v 0.52702236 -0.12095606 0.00989815
v 0.54422749 -0.15372597 0.08762374
v 0.53800164 -0.14754745 0.05186174
v 0.52706494 -0.15021817 0.09435562
v 0.52260321 -0.14729880 0.03132202
v 0.50646211 -0.12677920 0.08258134
v 0.50894863 -0.13331178 0.00227821
v 0.51296060 -0.14911735 0.09236638
v 0.51251505 -0.15108871 0.01947210
v 0.55986758 -0.11725908 0.06179220
v 0.56602288 -0.12330244 0.07933294
v 0.52194119 -0.09716951 0.07564086
v 0.56405696 -0.12114902 0.07073942
v 0.55226333 -0.15145571 0.05863541
v 0.55666184 -0.15651085 0.08190382
v 0.53840623 -0.12830845 0.08995500
v 0.53032503 -0.12258641 0.03249112
v 0.51651722 -0.10719364 0.07898294
v 0.51235231 -0.14901677 0.02088322
v 0.51342031 -0.14762276 0.09055741
v 0.56243309 -0.12709822 0.07915857
v 0.55672291 -0.12150411 0.06189268
v 0.54028115 -0.15897172 0.09951000
v 0.53465338 -0.15332208 0.03782134
v 0.56563529 -0.13771949 0.06931618
v 0.53768603 -0.15745624 0.05026118
v 0.54315899 -0.16334003 0.09063057
v 0.56846980 -0.13383725 0.09138638
v 0.55797677 -0.12299156 0.04756949
v 0.57080313 -0.12872918 0.09068189
v 0.55959456 -0.11735946 0.04821989
v 0.57083314 -0.11742131 0.07027069
v 0.55473660 -0.14126577 0.10058623
v 0.54583165 -0.13256329 0.03535555
v 0.53068658 -0.14956065 0.04143313
v 0.53677067 -0.15511776 0.09386557
v 0.56260507 -0.11430510 0.06155512
v 0.56915271 -0.12076940 0.07952412
v 0.56561462 -0.12217692 0.05882540
v 0.57232752 -0.12925796 0.08040339
v 0.54477834 -0.16366241 0.09155969
v 0.53920872 -0.15754577 0.04955002
v 0.56593844 -0.12031043 0.09663632
v 0.55298951 -0.10848584 0.03762476
v 0.54576967 -0.15320302 0.07078492
v 0.51692907 -0.14629311 0.01424235
v 0.51681170 -0.14352242 0.09628744
v 0.53838365 -0.12557951 0.04280153
v 0.54764360 -0.13359065 0.09034899
v 0.55532571 -0.11011729 0.09578320
v 0.54389431 -0.10165587 0.02603899
v 0.56235582 -0.11648965 0.09204350
v 0.54950830 -0.10526364 0.04145889
v 0.54261526 -0.11013477 0.02381053
v 0.55239835 -0.11735395 0.09896319
v 0.51950982 -0.10161374 0.07731837
v 0.55009193 -0.13271569 0.06181195
v 0.55488993 -0.13745382 0.07902757
v 0.53315234 -0.11593638 0.03215257
v 0.54223838 -0.12244703 0.08982930
v 0.53207013 -0.10243130 0.01162658
v 0.53856071 -0.10448498 0.09012022
v 0.53326604 -0.11026669 0.08341592
v 0.52616548 -0.10707299 0.02076740
v 0.55703925 -0.13129486 0.08612153
v 0.54806591 -0.12284127 0.05266884
v 0.52818486 -0.14797615 0.02528536
v 0.53172937 -0.15027922 0.10219352
v 0.54938616 -0.16177510 0.07070910
v 0.54495838 -0.12905419 0.05260658
v 0.55312986 -0.13679282 0.08611573
v 0.56387266 -0.12759322 0.05838041
v 0.57021121 -0.13440488 0.08067019
v 0.56618712 -0.11293184 0.06064880
v 0.57322132 -0.12001525 0.07986657
v 0.55159552 -0.12797788 0.09032842
v 0.54134353 -0.11912461 0.04273924
v 0.53870040 -0.14050130 0.10287310
v 0.53365796 -0.13698567 0.02329801
v 0.55120572 -0.11729948 0.05260820
v 0.56099162 -0.12650934 0.08634633
v 0.52889180 -0.14578606 0.09275057
v 0.52366209 -0.14227714 0.03200503
v 0.51960533 -0.13458422 0.08561541
v 0.51601147 -0.13388648 0.02303028
v 0.54839758 -0.12571476 0.03548285
v 0.55846806 -0.13538148 0.09991340
v 0.52089528 -0.11995311 0.02257394
v 0.52635524 -0.12203931 0.08375045
v 0.56821851 -0.13189022 0.06930771
v 0.52230106 -0.15092375 0.03038932
v 0.52614005 -0.15337156 0.09614030
v 0.56699443 -0.11844162 0.07067227
v 0.54708217 -0.13894881 0.06169853
v 0.55146903 -0.14333025 0.07914978
v 0.54250555 -0.16147046 0.08959579
v 0.53694496 -0.15564916 0.05089577
v 0.54953451 -0.14263395 0.08636296
v 0.54210930 -0.13553018 0.05244512
v 0.56172381 -0.12968592 0.09897534
v 0.55052466 -0.11912481 0.03594245
v 0.53631423 -0.10876557 0.09182762
v 0.53089925 -0.10759923 0.01058823
v 0.56471179 -0.12274675 0.08674339
v 0.55415854 -0.11278756 0.05239587
v 0.53617612 -0.15834783 0.09535788
v 0.53052812 -0.15305186 0.04068716
v 0.53990768 -0.10045177 0.08559701
v 0.52277592 -0.15289248 0.02924286
v 0.52617476 -0.15501415 0.09796509
v 0.56793764 -0.12024386 0.08726487
v 0.55672469 -0.10959947 0.05200924
v 0.54631522 -0.15896887 0.05963111
v 0.55001712 -0.16324219 0.08197399
v 0.57013280 -0.12663962 0.06943899
v 0.53640275 -0.13016674 0.02281283
v 0.54254305 -0.13455278 0.10246179
v 0.54004173 -0.14512418 0.03610328
v 0.54689605 -0.15201398 0.10085640
v 0.53799109 -0.16034369 0.09831109
v 0.53259594 -0.15501496 0.03882413
v 0.53150826 -0.14039508 0.09143755
v 0.52539704 -0.13620539 0.03242557
v 0.54359146 -0.10515802 0.02482829
v 0.55433995 -0.11311111 0.09738651
v 0.55309309 -0.13588435 0.04699903
v 0.56181412 -0.14525739 0.09253852
v 0.54533150 -0.16289409 0.07099437
v 0.56037727 -0.15152911 0.08165595
v 0.55551186 -0.14600759 0.05827666
v 0.55794709 -0.15081186 0.09286833
v 0.55012460 -0.14225684 0.04713421
v 0.55038795 -0.14185084 0.07064297
v 0.55313094 -0.16051239 0.08202191
v 0.54912766 -0.15588214 0.05911029
v 0.55359908 -0.13583131 0.07064746
v 0.51339652 -0.14890369 0.09401774
v 0.51338689 -0.15132730 0.01781751
v 0.53501448 -0.14587086 0.10278765
v 0.53085533 -0.14306413 0.02415122
v 0.55235435 -0.15889464 0.07041697
v 0.56051851 -0.11279078 0.04902272
v 0.57223732 -0.12447319 0.08995408
v 0.50428959 -0.14436034 0.00602557
f 474 501 475
f 501 474 456
f 501 456 179
f 501 179 460
f 41 179 370
f 460 179 41
f 269 370 100
f 41 370 269
f 16 100 485
f 269 100 387
f 91 485 349
f 387 100 16
f 16 485 42
f 337 349 4
f 42 485 91
f 91 349 339
f 367 4 1
f 339 349 337
f 337 4 503
f 415 1 514
f 510 4 367
f 367 1 463
f 503 4 510
f 147 514 152
f 463 1 415
f 415 514 147
f 510 321 503
f 147 152 225
f 147 225 304
f 147 304 148
f 147 37 383
f 373 147 148
f 383 491 477
f 147 536 37
f 383 37 177
f 134 384 275
f 384 476 282
f 147 373 210
f 383 177 491
f 126 477 491
f 147 230 536
f 384 134 476
f 282 476 336
f 282 336 48
f 147 210 449
f 491 177 478
f 147 382 230
f 48 336 34
f 48 331 368
f 405 210 525
f 449 210 405
f 147 449 480
f 478 177 55
f 55 177 218
f 147 267 382
f 131 140 438
f 438 140 523
f 523 140 356
f 48 34 439
f 48 439 331
f 368 331 377
f 449 405 447
f 147 480 262
f 369 357 552
f 218 177 98
f 218 36 165
f 147 381 267
f 382 267 181
f 150 140 131
f 356 140 69
f 377 331 357
f 377 357 522
f 302 405 85
f 447 405 420
f 147 262 381
f 522 357 369
f 552 357 365
f 218 98 127
f 218 198 36
f 165 36 531
f 381 227 267
f 344 140 150
f 69 140 326
f 405 302 231
f 420 405 217
f 287 548 381
f 365 357 448
f 218 127 198
f 381 548 227
f 140 344 141
f 326 140 219
f 405 231 217
f 420 217 448
f 371 353 420
f 113 5 287
f 287 5 548
f 448 357 512
f 141 67 140
f 219 140 472
f 393 278 430
f 420 448 512
f 353 371 498
f 420 512 371
f 113 32 5
f 472 140 506
f 253 67 141
f 140 67 319
f 278 393 298
f 278 298 65
f 392 434 299
f 32 371 512
f 221 32 113
f 253 434 67
f 140 319 363
f 136 281 212
f 65 298 379
f 65 261 342
f 469 434 392
f 299 434 253
f 371 32 221
f 140 363 551
f 281 136 404
f 65 379 532
f 65 513 261
f 342 261 8
f 342 205 60
f 469 511 434
f 140 488 324
f 324 187 515
f 515 214 550
f 14 294 323
f 323 6 341
f 140 551 56
f 281 404 403
f 65 532 325
f 65 108 513
f 8 261 12
f 342 8 360
f 342 360 205
f 60 205 429
f 60 511 469
f 140 343 488
f 187 324 488
f 515 187 214
f 169 115 223
f 223 327 87
f 445 294 14
f 323 294 6
f 341 6 441
f 341 441 457
f 140 56 343
f 76 403 404
f 281 403 116
f 65 325 108
f 399 8 12
f 60 429 352
f 60 534 511
f 169 197 115
f 223 115 327
f 87 327 354
f 87 354 411
f 307 294 445
f 457 441 274
f 464 312 544
f 403 76 535
f 116 403 416
f 8 399 234
f 60 352 534
f 527 197 169
f 411 354 307
f 307 354 294
f 457 274 107
f 457 107 504
f 312 464 251
f 312 251 286
f 403 535 397
f 416 403 193
f 234 399 3
f 3 399 110
f 398 163 346
f 259 197 527
f 504 107 79
f 504 163 540
f 286 251 26
f 286 26 170
f 403 397 144
f 110 399 197
f 110 197 259
f 540 163 398
f 504 79 163
f 170 26 407
f 403 144 417
f 170 407 410
f 403 417 114
f 170 410 496
f 403 114 545
f 403 158 518
f 170 496 502
f 123 338 2
f 2 143 291
f 403 545 75
f 518 158 330
f 74 158 403
f 502 496 233
f 338 123 303
f 2 338 11
f 2 11 143
f 291 143 462
f 291 244 309
f 233 496 145
f 403 75 129
f 330 158 268
f 330 66 21
f 74 245 158
f 403 400 74
f 291 462 244
f 309 244 546
f 268 145 66
f 233 145 118
f 118 145 213
f 403 129 533
f 268 66 330
f 21 66 283
f 21 173 171
f 74 421 245
f 403 240 400
f 74 400 406
f 546 244 524
f 18 301 66
f 63 145 268
f 213 145 70
f 403 533 240
f 283 66 301
f 21 283 173
f 171 173 196
f 171 196 151
f 421 74 51
f 201 195 537
f 524 244 340
f 138 18 207
f 301 18 159
f 70 145 63
f 301 86 283
f 151 196 408
f 151 408 191
f 195 201 186
f 340 244 247
f 340 247 334
f 425 207 200
f 159 18 138
f 138 207 425
f 86 301 13
f 191 408 228
f 289 186 201
f 120 247 412
f 334 247 43
f 409 200 553
f 425 200 409
f 228 408 428
f 185 288 46
f 46 84 209
f 345 186 289
f 289 201 202
f 186 345 45
f 153 412 376
f 43 247 120
f 120 412 153
f 409 553 178
f 428 408 271
f 190 461 90
f 306 185 521
f 185 168 288
f 46 288 237
f 46 237 84
f 209 84 189
f 209 92 375
f 71 202 201
f 289 202 161
f 355 376 7
f 153 376 355
f 190 178 461
f 190 409 178
f 190 467 409
f 190 408 467
f 271 408 190
f 90 461 385
f 90 149 164
f 185 306 500
f 185 500 168
f 209 189 310
f 401 92 209
f 92 426 375
f 375 426 322
f 202 71 135
f 161 202 130
f 364 208 451
f 355 7 256
f 90 385 139
f 90 139 149
f 164 149 419
f 164 419 413
f 209 310 520
f 92 401 386
f 209 47 401
f 92 431 426
f 322 426 220
f 135 71 112
f 202 135 380
f 130 202 194
f 364 451 194
f 265 335 208
f 437 208 364
f 175 256 81
f 355 256 175
f 413 419 440
f 104 111 105
f 111 104 297
f 209 520 180
f 209 516 47
f 92 296 431
f 220 426 204
f 220 104 121
f 194 318 130
f 202 380 57
f 194 202 15
f 364 194 132
f 489 263 335
f 489 335 265
f 265 208 437
f 489 81 263
f 175 81 489
f 440 419 83
f 29 58 105
f 105 146 104
f 297 104 347
f 347 104 508
f 209 180 516
f 296 92 470
f 204 104 220
f 121 104 276
f 121 248 293
f 156 222 137
f 530 424 492
f 137 222 539
f 19 194 15
f 19 132 194
f 328 20 361
f 19 427 20
f 83 419 270
f 83 35 192
f 295 33 29
f 29 450 58
f 105 58 142
f 105 142 146
f 508 104 88
f 435 104 204
f 276 104 497
f 121 276 248
f 293 248 61
f 293 61 99
f 492 222 156
f 102 492 424
f 539 222 273
f 19 15 378
f 19 109 132
f 20 328 19
f 427 19 528
f 83 270 35
f 241 192 35
f 358 199 295
f 295 199 33
f 29 33 388
f 29 388 450
f 88 104 435
f 280 497 104
f 497 188 276
f 99 61 154
f 99 154 479
f 539 452 432
f 102 222 492
f 308 106 102
f 539 273 44
f 19 378 203
f 19 328 109
f 132 109 72
f 528 19 119
f 35 270 95
f 348 358 122
f 358 348 199
f 53 239 395
f 497 280 374
f 188 497 236
f 479 154 174
f 539 359 452
f 432 452 103
f 444 203 378
f 102 106 222
f 418 106 308
f 539 44 359
f 19 203 257
f 119 19 305
f 95 270 54
f 54 270 260
f 466 238 89
f 89 311 30
f 157 128 455
f 455 242 23
f 279 495 53
f 167 239 53
f 395 239 350
f 374 280 254
f 254 249 224
f 174 154 519
f 292 106 418
f 19 257 505
f 305 19 547
f 260 270 25
f 260 494 390
f 486 351 31
f 351 486 454
f 543 17 466
f 466 17 238
f 89 238 311
f 30 311 252
f 30 252 250
f 250 128 157
f 455 128 183
f 455 183 242
f 23 242 62
f 23 62 279
f 62 495 279
f 53 495 300
f 239 167 176
f 53 300 167
f 350 239 160
f 254 280 249
f 224 249 284
f 224 284 320
f 519 154 27
f 442 526 292
f 292 526 106
f 260 25 499
f 260 332 494
f 390 494 285
f 454 486 28
f 28 17 543
f 250 252 128
f 62 402 495
f 160 239 316
f 320 284 172
f 184 258 320
f 184 154 258
f 27 154 184
f 184 541 442
f 442 433 526
f 260 499 332
f 93 372 315
f 28 486 17
f 509 402 62
f 160 316 125
f 125 117 160
f 320 172 436
f 184 320 436
f 184 436 541
f 442 541 80
f 442 80 433
f 507 372 93
f 315 372 317
f 317 101 315
f 101 317 414
f 414 317 49
f 49 317 362
f 362 394 389
f 389 394 52
f 52 394 9
f 229 402 509
f 125 316 124
f 117 125 82
f 117 484 517
f 423 155 507
f 507 155 372
f 362 317 458
f 362 458 394
f 9 394 215
f 9 402 133
f 473 402 229
f 9 333 402
f 124 316 272
f 125 124 471
f 117 82 542
f 117 549 484
f 517 484 50
f 517 50 459
f 266 166 423
f 423 166 155
f 9 215 333
f 133 402 473
f 272 316 366
f 117 542 549
f 459 50 162
f 459 162 482
f 39 243 266
f 266 243 166
f 290 422 316
f 366 316 443
f 482 162 391
f 22 243 39
f 10 313 453
f 313 487 290
f 290 468 422
f 316 422 96
f 443 316 314
f 391 162 59
f 391 59 264
f 68 329 22
f 22 329 243
f 313 10 487
f 290 487 468
f 316 96 314
f 443 314 77
f 264 59 38
f 329 68 481
f 77 314 78
f 264 38 490
f 446 264 490
f 97 277 94
f 78 314 538
f 538 314 255
f 490 38 396
f 483 277 97
f 94 277 24
f 232 314 216
f 255 314 232
f 396 38 529
f 73 277 483
f 94 24 206
f 232 216 40
f 232 40 246
f 529 38 226
f 493 277 73
f 465 40 277
f 246 40 211
f 226 38 235
f 182 277 493
f 211 40 465
f 465 277 182
f 182 64 465
f 583 582 555
f 554 555 582
f 582 583 578
f 555 554 564
f 579 578 583
f 475 564 554
f 578 579 574
f 474 564 475
f 554 563 475
f 575 574 579
f 456 564 474
f 475 501 474
f 501 475 563
f 179 564 456
f 456 474 501
f 460 501 563
f 370 564 179
f 179 456 501
f 460 179 501
f 41 460 563
f 100 564 370
f 370 179 41
f 41 179 460
f 269 41 563
f 485 564 100
f 100 370 269
f 269 370 41
f 387 269 563
f 349 564 485
f 485 100 16
f 387 100 269
f 16 387 563
f 4 564 349
f 349 485 91
f 16 100 387
f 42 485 16
f 42 16 563
f 1 564 4
f 4 349 337
f 91 485 42
f 339 349 91
f 91 42 563
f 514 564 1
f 1 4 367
f 337 349 339
f 503 4 337
f 339 91 321
f 321 91 563
f 152 564 514
f 514 1 415
f 367 4 510
f 463 1 367
f 339 321 337
f 510 4 503
f 503 337 321
f 510 321 563
f 225 564 152
f 152 514 147
f 415 1 463
f 147 514 415
f 367 510 563
f 463 367 563
f 503 321 510
f 304 564 225
f 225 152 147
f 415 463 563
f 147 415 563
f 148 564 304
f 304 225 147
f 147 563 383
f 148 384 564
f 148 304 147
f 477 383 563
f 383 37 147
f 275 564 384
f 282 384 148
f 148 147 373
f 477 491 383
f 126 477 563
f 37 536 147
f 177 37 383
f 275 134 564
f 275 384 134
f 282 476 384
f 48 282 148
f 210 373 147
f 373 525 148
f 491 177 383
f 491 477 126
f 55 126 563
f 536 230 147
f 37 438 536
f 177 523 37
f 134 476 564
f 476 134 384
f 336 476 282
f 48 336 282
f 368 48 148
f 210 525 373
f 449 210 147
f 525 552 148
f 478 177 491
f 491 126 478
f 55 478 126
f 218 55 563
f 230 382 147
f 536 131 230
f 438 131 536
f 523 438 37
f 356 523 177
f 476 336 564
f 34 336 48
f 368 331 48
f 377 368 148
f 525 210 405
f 405 210 449
f 480 449 147
f 552 369 148
f 525 85 552
f 55 177 478
f 218 177 55
f 165 218 563
f 382 267 147
f 230 131 382
f 438 140 131
f 523 140 438
f 356 140 523
f 69 356 177
f 336 141 564
f 34 141 336
f 439 34 48
f 331 439 48
f 377 331 368
f 522 377 148
f 85 525 405
f 447 405 449
f 480 287 449
f 262 480 147
f 369 522 148
f 552 357 369
f 302 552 85
f 98 177 218
f 165 36 218
f 531 165 563
f 267 381 147
f 181 267 382
f 382 131 181
f 131 140 150
f 69 140 356
f 98 69 177
f 562 564 141
f 439 141 34
f 331 141 439
f 357 331 377
f 522 357 377
f 85 405 302
f 420 405 447
f 449 287 447
f 381 287 480
f 262 381 480
f 381 262 147
f 369 357 522
f 365 357 552
f 365 552 302
f 127 98 218
f 36 198 218
f 531 36 165
f 561 531 563
f 267 227 381
f 181 150 267
f 131 150 181
f 150 140 344
f 326 140 69
f 326 69 98
f 141 278 562
f 357 141 331
f 231 302 405
f 217 405 420
f 420 447 353
f 287 113 447
f 381 548 287
f 448 357 365
f 231 365 302
f 127 472 98
f 198 127 218
f 36 561 198
f 531 561 36
f 227 548 381
f 267 141 227
f 150 344 267
f 141 344 140
f 219 140 326
f 219 326 98
f 430 562 278
f 392 278 141
f 512 141 357
f 217 231 405
f 448 217 420
f 498 353 447
f 420 353 371
f 113 498 447
f 287 5 113
f 548 5 287
f 512 357 448
f 448 365 217
f 217 365 231
f 472 219 98
f 506 472 127
f 198 506 127
f 198 561 506
f 227 141 548
f 344 141 267
f 140 67 141
f 472 140 219
f 430 212 562
f 430 278 393
f 65 278 392
f 299 392 141
f 32 141 512
f 512 448 420
f 498 371 353
f 371 512 420
f 113 221 498
f 5 32 113
f 548 141 5
f 506 140 472
f 140 506 561
f 141 67 253
f 319 67 140
f 212 136 562
f 393 212 430
f 298 393 278
f 65 298 278
f 342 65 392
f 299 434 392
f 253 299 141
f 5 141 32
f 512 371 32
f 371 498 221
f 113 32 221
f 561 515 140
f 67 434 253
f 319 323 67
f 363 319 140
f 136 404 562
f 212 281 136
f 393 298 212
f 379 298 65
f 342 261 65
f 60 342 392
f 392 434 469
f 253 434 299
f 221 32 371
f 324 140 515
f 550 515 561
f 67 223 434
f 323 14 67
f 341 323 319
f 363 341 319
f 551 363 140
f 571 562 404
f 404 136 281
f 281 212 298
f 379 281 298
f 532 379 65
f 261 513 65
f 8 261 342
f 60 205 342
f 469 60 392
f 434 511 469
f 324 488 140
f 515 187 324
f 550 214 515
f 570 550 561
f 223 169 434
f 87 223 67
f 14 445 67
f 323 294 14
f 341 6 323
f 457 341 363
f 551 457 363
f 56 551 140
f 571 404 544
f 403 404 281
f 116 281 379
f 532 116 379
f 325 532 65
f 513 108 65
f 261 416 513
f 12 261 8
f 360 8 342
f 205 360 342
f 429 205 60
f 469 511 60
f 434 169 511
f 488 343 140
f 488 324 187
f 214 187 515
f 550 570 214
f 223 115 169
f 87 327 223
f 411 87 67
f 445 307 67
f 14 294 445
f 6 294 323
f 441 6 341
f 457 441 341
f 56 457 551
f 343 56 140
f 312 544 404
f 544 464 571
f 404 403 76
f 116 403 281
f 325 116 532
f 108 325 65
f 513 416 108
f 12 416 261
f 12 8 399
f 8 360 234
f 205 234 360
f 429 3 205
f 352 429 60
f 511 534 60
f 511 169 534
f 488 346 343
f 187 570 488
f 214 570 187
f 115 197 169
f 327 115 223
f 354 327 87
f 411 354 87
f 307 411 67
f 445 294 307
f 294 6 115
f 441 274 6
f 274 441 457
f 504 457 56
f 343 504 56
f 544 312 464
f 286 312 404
f 464 251 571
f 535 76 403
f 76 170 404
f 416 403 116
f 416 116 325
f 108 416 325
f 399 416 12
f 234 399 8
f 3 234 205
f 110 3 429
f 352 110 429
f 534 352 60
f 169 527 534
f 346 398 343
f 488 570 346
f 169 197 527
f 115 6 197
f 327 294 115
f 354 294 327
f 307 354 411
f 294 354 307
f 274 107 6
f 107 274 457
f 504 107 457
f 540 504 343
f 251 464 312
f 286 251 312
f 170 286 404
f 251 26 571
f 535 170 76
f 397 535 403
f 193 403 416
f 193 416 399
f 3 399 234
f 110 399 3
f 259 110 352
f 534 527 352
f 398 540 343
f 346 163 398
f 346 570 163
f 527 197 259
f 197 6 399
f 107 403 6
f 79 107 504
f 540 163 504
f 26 251 286
f 170 26 286
f 26 20 571
f 397 170 535
f 144 397 403
f 403 193 399
f 197 399 110
f 259 197 110
f 527 259 352
f 398 163 540
f 163 570 79
f 6 403 399
f 79 403 107
f 163 79 504
f 407 26 170
f 557 571 20
f 407 20 26
f 144 170 397
f 417 144 403
f 570 403 79
f 410 407 170
f 20 2 557
f 410 20 407
f 417 170 144
f 114 417 403
f 403 570 518
f 496 410 170
f 123 557 2
f 291 2 20
f 496 20 410
f 502 170 417
f 114 502 417
f 545 114 403
f 330 518 570
f 518 158 403
f 502 496 170
f 303 557 123
f 2 338 123
f 291 143 2
f 309 291 20
f 145 20 496
f 233 502 114
f 545 118 114
f 75 545 403
f 330 158 518
f 21 330 570
f 403 158 74
f 233 496 502
f 303 338 557
f 303 123 338
f 11 338 2
f 143 11 2
f 462 143 291
f 309 244 291
f 546 309 20
f 66 20 145
f 145 496 233
f 118 233 114
f 213 118 545
f 75 213 545
f 129 75 403
f 268 158 330
f 21 66 330
f 171 21 570
f 158 245 74
f 74 400 403
f 338 537 557
f 11 537 338
f 143 537 11
f 462 537 143
f 244 462 291
f 546 244 309
f 524 546 20
f 18 20 66
f 66 145 268
f 118 145 233
f 213 145 118
f 70 213 75
f 129 70 75
f 533 129 403
f 268 63 158
f 330 66 268
f 283 66 21
f 171 173 21
f 151 171 570
f 245 421 74
f 158 63 245
f 400 240 403
f 406 400 74
f 537 201 557
f 244 537 462
f 524 244 546
f 340 524 20
f 207 20 18
f 66 301 18
f 268 145 63
f 70 145 213
f 533 70 129
f 240 533 403
f 301 66 283
f 173 283 21
f 196 173 171
f 151 196 171
f 191 151 570
f 51 74 421
f 245 63 421
f 400 406 240
f 51 406 74
f 566 557 201
f 537 195 201
f 247 537 244
f 340 244 524
f 334 340 20
f 200 20 207
f 207 18 138
f 159 18 301
f 63 145 70
f 406 70 533
f 240 406 533
f 283 86 301
f 283 173 86
f 196 425 173
f 408 196 151
f 191 408 151
f 228 191 570
f 421 70 51
f 63 70 421
f 406 51 70
f 201 46 566
f 186 201 195
f 195 537 186
f 412 537 247
f 247 244 340
f 334 247 340
f 43 334 20
f 553 20 200
f 200 207 425
f 138 18 159
f 425 207 138
f 301 13 159
f 13 301 86
f 13 86 173
f 425 138 173
f 408 425 196
f 228 408 191
f 190 228 570
f 185 566 46
f 209 46 201
f 201 186 289
f 45 186 537
f 376 537 412
f 412 247 120
f 43 247 334
f 120 43 20
f 178 20 553
f 553 200 409
f 409 200 425
f 138 159 13
f 138 13 173
f 409 425 408
f 428 408 228
f 428 228 190
f 90 190 570
f 521 566 185
f 46 288 185
f 209 84 46
f 375 209 201
f 289 186 345
f 202 201 289
f 45 345 186
f 45 537 451
f 7 537 376
f 376 412 153
f 120 247 43
f 153 412 120
f 153 120 20
f 461 20 178
f 178 553 409
f 467 409 408
f 271 408 428
f 271 428 190
f 90 461 190
f 164 90 570
f 521 306 566
f 521 185 306
f 288 168 185
f 237 288 46
f 84 237 46
f 189 84 209
f 375 92 209
f 322 375 201
f 289 345 161
f 201 202 71
f 161 202 289
f 45 451 345
f 451 537 208
f 256 537 7
f 7 376 355
f 355 376 153
f 355 153 20
f 385 20 461
f 461 178 190
f 178 409 190
f 409 467 190
f 467 408 190
f 190 408 271
f 385 461 90
f 164 149 90
f 413 164 570
f 306 105 566
f 500 306 185
f 168 500 185
f 288 105 168
f 237 105 288
f 84 105 237
f 189 111 84
f 310 189 209
f 209 92 401
f 375 426 92
f 322 426 375
f 220 322 201
f 161 345 194
f 135 71 202
f 71 137 201
f 130 202 161
f 194 345 451
f 208 537 335
f 451 208 364
f 81 537 256
f 256 7 355
f 175 355 20
f 139 20 385
f 139 385 90
f 149 139 90
f 419 149 164
f 413 419 164
f 440 413 570
f 560 566 105
f 500 105 306
f 168 105 500
f 111 105 84
f 297 111 189
f 310 347 189
f 520 310 209
f 386 401 92
f 401 47 209
f 426 431 92
f 220 426 322
f 121 220 201
f 318 161 194
f 112 71 135
f 380 135 202
f 201 137 530
f 112 137 71
f 194 202 130
f 161 318 130
f 194 451 364
f 335 537 263
f 208 335 265
f 364 208 437
f 263 537 81
f 81 256 175
f 175 256 355
f 489 175 20
f 149 20 139
f 419 20 149
f 440 419 413
f 83 440 570
f 105 29 560
f 105 111 104
f 297 104 111
f 347 297 189
f 508 347 310
f 520 508 310
f 180 520 209
f 401 386 47
f 470 386 92
f 47 516 209
f 431 296 92
f 426 435 431
f 204 426 220
f 121 104 220
f 293 121 201
f 130 318 194
f 135 539 112
f 380 539 135
f 57 380 202
f 137 156 530
f 530 424 201
f 539 137 112
f 15 202 194
f 132 194 364
f 335 263 489
f 265 335 489
f 437 208 265
f 437 361 364
f 263 81 489
f 489 81 175
f 361 489 20
f 427 20 419
f 83 419 440
f 192 83 570
f 295 560 29
f 105 58 29
f 104 146 105
f 347 104 297
f 508 104 347
f 88 508 520
f 180 88 520
f 516 180 209
f 47 386 516
f 386 470 88
f 470 92 296
f 431 435 296
f 204 435 426
f 220 104 204
f 276 104 121
f 293 248 121
f 99 293 201
f 57 539 380
f 202 565 57
f 492 530 156
f 137 222 156
f 424 102 201
f 492 424 530
f 539 222 137
f 15 378 202
f 15 194 19
f 194 132 19
f 132 364 328
f 265 489 361
f 437 265 361
f 328 364 361
f 361 20 328
f 20 427 19
f 528 427 419
f 270 419 83
f 192 35 83
f 241 192 570
f 358 560 295
f 29 33 295
f 58 450 29
f 142 58 105
f 146 142 105
f 104 53 146
f 88 104 508
f 516 88 180
f 386 88 516
f 296 88 470
f 435 88 296
f 204 104 435
f 497 104 276
f 248 276 121
f 61 248 293
f 99 61 293
f 479 99 201
f 432 539 57
f 559 57 565
f 565 202 378
f 156 222 492
f 102 308 201
f 424 492 102
f 273 222 539
f 378 15 19
f 132 109 19
f 72 132 328
f 19 328 20
f 528 19 427
f 270 528 419
f 35 270 83
f 35 192 241
f 54 241 570
f 122 560 358
f 295 199 358
f 33 199 295
f 388 33 29
f 450 388 29
f 58 89 450
f 142 455 58
f 146 53 142
f 395 53 104
f 435 104 88
f 104 497 280
f 276 188 497
f 276 248 188
f 61 224 248
f 154 61 99
f 479 154 99
f 174 479 201
f 432 452 539
f 103 432 57
f 57 559 103
f 444 565 378
f 492 222 102
f 308 418 201
f 102 106 308
f 273 559 222
f 44 273 539
f 203 378 19
f 109 328 19
f 72 109 132
f 72 328 109
f 119 19 528
f 119 528 270
f 95 270 35
f 35 241 95
f 54 95 241
f 260 54 570
f 122 348 560
f 122 358 348
f 199 348 358
f 33 31 199
f 388 351 33
f 450 466 388
f 89 466 450
f 30 89 58
f 455 157 58
f 23 455 142
f 53 279 142
f 395 239 53
f 350 395 104
f 374 280 497
f 104 280 559
f 236 497 188
f 236 188 248
f 224 254 248
f 154 224 61
f 174 154 479
f 519 174 201
f 452 359 539
f 103 452 432
f 103 559 452
f 565 444 556
f 378 203 444
f 222 106 102
f 418 292 201
f 308 106 418
f 222 559 106
f 44 559 273
f 359 44 539
f 257 203 19
f 305 19 119
f 305 119 270
f 54 270 95
f 260 270 54
f 390 260 570
f 348 315 560
f 199 315 348
f 31 315 199
f 31 33 351
f 454 351 388
f 466 543 388
f 89 238 466
f 30 311 89
f 250 30 58
f 157 250 58
f 455 128 157
f 23 242 455
f 279 23 142
f 53 495 279
f 53 239 167
f 350 239 395
f 559 350 104
f 254 280 374
f 497 236 374
f 249 559 280
f 254 236 248
f 224 249 254
f 320 224 154
f 519 154 174
f 27 519 201
f 452 559 359
f 444 505 556
f 203 257 444
f 292 442 201
f 418 106 292
f 106 559 526
f 359 559 44
f 505 257 19
f 547 19 305
f 25 305 270
f 25 270 260
f 390 494 260
f 285 390 570
f 569 560 315
f 486 315 31
f 31 351 486
f 454 486 351
f 28 454 388
f 543 28 388
f 466 17 543
f 238 17 466
f 311 238 89
f 252 311 30
f 250 252 30
f 157 128 250
f 183 128 455
f 242 183 455
f 62 242 23
f 279 62 23
f 279 495 62
f 300 495 53
f 176 167 239
f 167 300 53
f 160 239 350
f 160 350 559
f 249 280 254
f 254 374 236
f 284 559 249
f 284 249 224
f 320 284 224
f 258 320 154
f 27 154 519
f 184 27 201
f 19 556 505
f 505 444 257
f 442 184 201
f 292 526 442
f 106 526 292
f 526 559 433
f 19 547 332
f 547 305 25
f 499 25 260
f 494 332 260
f 285 494 390
f 556 285 570
f 315 93 569
f 17 315 486
f 28 486 454
f 543 17 28
f 238 315 17
f 311 414 238
f 252 414 311
f 128 252 250
f 183 362 128
f 242 52 183
f 62 509 242
f 495 402 62
f 300 176 495
f 176 300 167
f 239 316 176
f 316 239 160
f 117 160 559
f 172 559 284
f 172 284 320
f 320 258 184
f 258 154 184
f 184 154 27
f 556 19 332
f 442 541 184
f 526 433 442
f 433 559 80
f 332 547 499
f 499 547 25
f 332 499 260
f 494 556 332
f 285 556 494
f 93 507 569
f 315 372 93
f 17 486 28
f 101 315 238
f 414 101 238
f 49 414 252
f 128 49 252
f 362 49 128
f 389 362 183
f 52 389 183
f 9 52 242
f 509 229 242
f 62 402 509
f 495 316 402
f 176 316 495
f 125 316 160
f 160 117 125
f 517 117 559
f 436 559 172
f 436 172 320
f 436 320 184
f 541 436 184
f 80 541 442
f 433 80 442
f 80 559 541
f 507 423 569
f 93 372 507
f 317 372 315
f 315 101 317
f 414 317 101
f 49 317 414
f 362 317 49
f 389 394 362
f 52 394 389
f 9 394 52
f 133 9 242
f 229 473 242
f 509 402 229
f 402 316 333
f 124 316 125
f 82 125 117
f 517 484 117
f 459 517 559
f 541 559 436
f 423 266 569
f 507 155 423
f 372 155 507
f 317 316 372
f 458 317 362
f 394 458 362
f 215 394 9
f 133 402 9
f 473 133 242
f 229 402 473
f 333 316 215
f 402 333 9
f 272 316 124
f 471 124 125
f 125 82 471
f 542 82 117
f 484 549 117
f 50 484 517
f 459 50 517
f 482 459 559
f 266 39 569
f 423 166 266
f 155 166 423
f 155 372 453
f 316 290 372
f 317 458 316
f 394 316 458
f 215 316 394
f 333 215 9
f 473 402 133
f 366 316 272
f 272 124 484
f 124 471 549
f 542 471 82
f 549 542 117
f 484 124 549
f 50 366 484
f 162 50 459
f 482 162 459
f 391 482 559
f 39 22 569
f 266 243 39
f 166 243 266
f 155 453 166
f 313 453 372
f 290 313 372
f 316 422 290
f 443 316 366
f 366 272 484
f 549 471 542
f 443 366 50
f 162 443 50
f 391 162 482
f 264 391 559
f 22 68 569
f 39 243 22
f 166 568 243
f 453 568 166
f 453 313 10
f 290 487 313
f 422 468 290
f 96 422 316
f 314 316 443
f 77 443 162
f 59 162 391
f 264 59 391
f 97 264 559
f 68 481 569
f 22 329 68
f 243 329 22
f 243 568 329
f 10 568 453
f 487 10 313
f 468 487 290
f 422 568 468
f 96 568 422
f 314 96 316
f 77 314 443
f 78 77 162
f 59 538 162
f 38 59 264
f 446 264 97
f 94 97 559
f 577 569 481
f 481 68 329
f 329 568 481
f 487 568 10
f 468 568 487
f 314 568 96
f 78 314 77
f 538 78 162
f 255 538 59
f 38 255 59
f 490 38 264
f 490 264 446
f 396 446 97
f 94 277 97
f 568 94 559
f 577 481 576
f 568 576 481
f 314 216 568
f 538 314 78
f 255 314 538
f 232 255 38
f 396 38 490
f 490 446 396
f 529 396 97
f 97 277 483
f 24 277 94
f 94 568 206
f 577 576 581
f 40 568 216
f 216 314 232
f 232 314 255
f 246 232 38
f 529 38 396
f 226 529 97
f 483 277 73
f 483 235 97
f 24 568 277
f 206 24 94
f 206 568 24
f 580 581 576
f 277 568 40
f 40 216 232
f 246 40 232
f 235 246 38
f 226 38 529
f 235 226 97
f 73 277 493
f 73 493 483
f 211 235 483
f 580 558 581
f 277 40 465
f 211 40 246
f 211 246 235
f 235 38 226
f 493 277 182
f 493 182 483
f 182 211 483
f 558 567 581
f 465 40 211
f 182 277 465
f 64 211 182
f 581 567 573
f 211 64 465
f 465 64 182
f 572 573 567
f 597 588 596
f 599 596 598
f 573 598 572
f 588 597 589
f 596 599 597
f 588 591 590
f 598 573 599
f 590 606 605
f 591 588 589
f 606 590 591
f 595 605 606
f 605 595 594
f 594 587 586
f 587 594 595
f 593 586 587
f 586 593 592
f 592 585 584
f 585 592 593
f 585 602 584
f 602 585 603
f 603 600 602
f 600 603 601
f 601 574 600
f 604 574 601
f 574 604 575
f 702 869 720
f 869 702 851
f 720 869 702
f 851 702 869
f 917 720 869
f 869 720 917
f 720 722 702
f 702 722 720
f 688 851 702
f 702 851 688
f 851 717 869
f 869 717 851
f 720 917 828
f 828 917 720
f 869 710 917
f 917 710 869
f 722 720 882
f 882 720 722
f 937 702 722
f 722 702 937
f 851 688 700
f 700 688 851
f 702 937 688
f 688 937 702
f 717 851 891
f 891 851 717
f 710 869 717
f 717 869 710
f 853 828 917
f 917 828 853
f 828 882 720
f 720 882 828
f 727 917 710
f 710 917 727
f 882 725 722
f 722 725 882
f 722 950 937
f 937 950 722
f 940 700 688
f 688 700 940
f 700 891 851
f 851 891 700
f 916 688 937
f 937 688 916
f 891 922 717
f 717 922 891
f 717 838 710
f 710 838 717
f 828 853 699
f 699 853 828
f 917 727 853
f 853 727 917
f 882 828 898
f 898 828 882
f 710 612 727
f 727 612 710
f 725 882 647
f 647 882 725
f 950 722 725
f 725 722 950
f 752 937 950
f 950 937 752
f 700 940 650
f 650 940 700
f 688 916 940
f 940 916 688
f 891 700 825
f 825 700 891
f 937 752 916
f 916 752 937
f 922 891 771
f 771 891 922
f 838 717 922
f 922 717 838
f 612 710 838
f 838 710 612
f 628 699 853
f 853 699 628
f 699 898 828
f 828 898 699
f 930 853 727
f 727 853 930
f 898 647 882
f 882 647 898
f 758 727 612
f 612 727 758
f 647 949 725
f 725 949 647
f 725 818 950
f 950 818 725
f 950 883 752
f 752 883 950
f 711 650 940
f 940 650 711
f 650 825 700
f 700 825 650
f 686 940 916
f 916 940 686
f 825 771 891
f 891 771 825
f 643 916 752
f 752 916 643
f 771 745 922
f 922 745 771
f 922 921 838
f 838 921 922
f 838 652 612
f 612 652 838
f 699 628 733
f 733 628 699
f 853 930 628
f 628 930 853
f 898 699 613
f 613 699 898
f 727 758 930
f 930 758 727
f 647 898 830
f 830 898 647
f 612 759 758
f 758 759 612
f 949 647 691
f 691 647 949
f 818 725 949
f 949 725 818
f 883 950 818
f 818 950 883
f 909 752 883
f 883 752 909
f 650 711 712
f 712 711 650
f 940 686 711
f 711 686 940
f 825 650 831
f 831 650 825
f 916 643 686
f 686 643 916
f 771 825 855
f 855 825 771
f 752 909 643
f 643 909 752
f 745 771 740
f 740 771 745
f 921 922 745
f 745 922 921
f 652 838 921
f 921 838 652
f 759 612 652
f 652 612 759
f 790 733 628
f 628 733 790
f 733 613 699
f 699 613 733
f 865 628 930
f 930 628 865
f 613 830 898
f 898 830 613
f 907 930 758
f 758 930 907
f 830 691 647
f 647 691 830
f 630 758 759
f 759 758 630
f 843 949 691
f 691 949 843
f 697 818 949
f 949 818 697
f 910 883 818
f 818 883 910
f 866 909 883
f 883 909 866
f 892 712 711
f 711 712 892
f 712 831 650
f 650 831 712
f 620 711 686
f 686 711 620
f 831 855 825
f 825 855 831
f 690 686 643
f 643 686 690
f 855 740 771
f 771 740 855
f 929 643 909
f 909 643 929
f 745 740 938
f 938 740 745
f 921 745 799
f 799 745 921
f 652 921 879
f 879 921 652
f 759 652 762
f 762 652 759
f 733 790 835
f 835 790 733
f 628 865 790
f 790 865 628
f 613 733 814
f 814 733 613
f 930 907 865
f 865 907 930
f 830 613 955
f 955 613 830
f 758 860 907
f 907 860 758
f 691 830 636
f 636 830 691
f 829 758 630
f 630 758 829
f 759 762 630
f 630 762 759
f 949 843 697
f 697 843 949
f 691 893 843
f 843 893 691
f 818 697 910
f 910 697 818
f 883 910 866
f 866 910 883
f 909 866 904
f 904 866 909
f 712 892 939
f 939 892 712
f 711 620 892
f 892 620 711
f 831 712 808
f 808 712 831
f 686 690 620
f 620 690 686
f 855 831 718
f 718 831 855
f 643 929 690
f 690 929 643
f 740 855 731
f 731 855 740
f 904 929 909
f 909 929 904
f 740 704 938
f 938 704 740
f 745 938 799
f 799 938 745
f 921 799 879
f 879 799 921
f 652 879 762
f 762 879 652
f 596 835 790
f 790 835 596
f 837 733 835
f 835 733 837
f 598 790 865
f 865 790 598
f 733 837 814
f 814 837 733
f 814 955 613
f 613 955 814
f 572 865 907
f 907 865 572
f 955 636 830
f 830 636 955
f 860 758 829
f 829 758 860
f 829 907 860
f 860 907 829
f 893 691 636
f 636 691 893
f 630 861 829
f 829 861 630
f 968 630 762
f 762 630 968
f 741 697 843
f 843 697 741
f 979 843 893
f 893 843 979
f 868 910 697
f 697 910 868
f 637 866 910
f 910 866 637
f 760 904 866
f 866 904 760
f 934 939 892
f 892 939 934
f 939 808 712
f 712 808 939
f 620 934 892
f 892 934 620
f 808 718 831
f 831 718 808
f 690 971 620
f 620 971 690
f 718 731 855
f 855 731 718
f 880 690 929
f 929 690 880
f 740 731 704
f 704 731 740
f 929 904 952
f 952 904 929
f 948 938 704
f 704 938 948
f 842 799 938
f 938 799 842
f 744 879 799
f 799 879 744
f 617 762 879
f 879 762 617
f 835 596 588
f 588 596 835
f 790 598 596
f 596 598 790
f 835 590 837
f 837 590 835
f 865 572 598
f 598 572 865
f 942 814 837
f 837 814 942
f 955 814 899
f 899 814 955
f 907 567 572
f 572 567 907
f 636 955 821
f 821 955 636
f 580 907 829
f 829 907 580
f 636 852 893
f 893 852 636
f 861 630 743
f 743 630 861
f 576 829 861
f 861 829 576
f 630 968 743
f 743 968 630
f 762 617 968
f 968 617 762
f 697 741 868
f 868 741 697
f 843 979 741
f 741 979 843
f 893 932 979
f 979 932 893
f 910 868 637
f 637 868 910
f 866 637 760
f 760 637 866
f 904 760 806
f 806 760 904
f 939 934 765
f 765 934 939
f 808 939 984
f 984 939 808
f 934 620 971
f 971 620 934
f 718 808 943
f 943 808 718
f 971 690 782
f 782 690 971
f 731 718 928
f 928 718 731
f 690 880 782
f 782 880 690
f 929 687 880
f 880 687 929
f 731 627 704
f 704 627 731
f 806 952 904
f 904 952 806
f 687 929 952
f 952 929 687
f 938 948 842
f 842 948 938
f 704 701 948
f 948 701 704
f 799 842 744
f 744 842 799
f 879 744 617
f 617 744 879
f 588 625 596
f 596 625 588
f 596 588 597
f 590 835 588
f 588 835 590
f 596 694 598
f 598 694 596
f 598 596 599
f 605 837 590
f 590 837 605
f 598 663 572
f 572 663 598
f 572 598 573
f 814 942 899
f 899 942 814
f 837 605 942
f 942 605 837
f 899 821 955
f 955 821 899
f 567 907 558
f 558 907 567
f 572 885 567
f 567 885 572
f 852 636 821
f 821 636 852
f 558 907 580
f 580 907 558
f 829 576 580
f 580 576 829
f 932 893 852
f 852 893 932
f 743 629 861
f 861 629 743
f 861 568 576
f 576 568 861
f 715 743 968
f 968 743 715
f 791 968 617
f 617 968 791
f 864 868 741
f 741 868 864
f 695 741 979
f 979 741 695
f 772 979 932
f 932 979 772
f 767 637 868
f 868 637 767
f 672 760 637
f 637 760 672
f 839 806 760
f 760 806 839
f 625 765 934
f 934 765 625
f 765 984 939
f 939 984 765
f 984 943 808
f 808 943 984
f 971 625 934
f 934 625 971
f 943 928 718
f 718 928 943
f 782 666 971
f 971 666 782
f 731 928 627
f 627 928 731
f 877 782 880
f 880 782 877
f 657 880 687
f 687 880 657
f 701 704 627
f 627 704 701
f 952 806 756
f 756 806 952
f 952 732 687
f 687 732 952
f 813 842 948
f 948 842 813
f 651 948 701
f 701 948 651
f 721 744 842
f 842 744 721
f 623 617 744
f 744 617 623
f 588 666 625
f 625 666 588
f 596 625 694
f 694 625 596
f 589 597 588
f 597 599 596
f 590 616 588
f 588 616 590
f 590 591 588
f 598 694 663
f 663 694 598
f 599 573 598
f 605 586 590
f 590 586 605
f 605 606 590
f 572 663 885
f 885 663 572
f 942 807 899
f 899 807 942
f 605 854 942
f 942 854 605
f 821 899 807
f 807 899 821
f 608 558 567
f 567 558 608
f 567 885 608
f 608 885 567
f 821 801 852
f 852 801 821
f 804 580 558
f 558 580 804
f 580 751 576
f 576 751 580
f 852 609 932
f 932 609 852
f 629 743 963
f 963 743 629
f 568 861 629
f 629 861 568
f 576 974 568
f 568 974 576
f 743 715 963
f 963 715 743
f 968 791 715
f 715 791 968
f 617 623 791
f 791 623 617
f 868 864 767
f 767 864 868
f 741 695 864
f 864 695 741
f 979 772 695
f 695 772 979
f 932 900 772
f 772 900 932
f 637 767 672
f 672 767 637
f 760 672 839
f 839 672 760
f 806 839 903
f 903 839 806
f 765 625 694
f 694 625 765
f 984 765 681
f 681 765 984
f 943 984 788
f 788 984 943
f 625 971 666
f 666 971 625
f 928 943 972
f 972 943 928
f 666 782 616
f 616 782 666
f 928 734 627
f 627 734 928
f 782 877 616
f 616 877 782
f 880 657 877
f 877 657 880
f 687 945 657
f 657 945 687
f 627 724 701
f 701 724 627
f 903 756 806
f 806 756 903
f 732 952 756
f 756 952 732
f 945 687 732
f 732 687 945
f 842 813 721
f 721 813 842
f 948 651 813
f 813 651 948
f 701 960 651
f 651 960 701
f 744 721 623
f 623 721 744
f 588 616 666
f 666 616 588
f 666 624 625
f 625 624 666
f 624 694 625
f 625 694 624
f 779 589 597
f 597 589 779
f 589 588 591
f 640 597 599
f 599 597 640
f 590 877 616
f 616 877 590
f 591 590 606
f 681 694 663
f 663 694 681
f 693 663 694
f 694 663 693
f 826 599 573
f 573 599 826
f 586 605 594
f 594 605 586
f 590 586 877
f 877 586 590
f 606 605 595
f 662 885 663
f 663 885 662
f 655 663 885
f 885 663 655
f 807 942 854
f 854 942 807
f 854 605 594
f 594 605 854
f 801 821 807
f 807 821 801
f 558 608 841
f 841 608 558
f 608 800 885
f 885 800 608
f 885 841 608
f 608 841 885
f 609 852 801
f 801 852 609
f 580 804 902
f 902 804 580
f 558 841 804
f 804 841 558
f 580 902 751
f 751 902 580
f 576 751 974
f 974 751 576
f 900 932 609
f 609 932 900
f 963 847 629
f 629 847 963
f 629 559 568
f 568 559 629
f 568 974 919
f 919 974 568
f 935 963 715
f 715 963 935
f 886 715 791
f 791 715 886
f 749 791 623
f 623 791 749
f 746 767 864
f 864 767 746
f 870 864 695
f 695 864 870
f 895 695 772
f 772 695 895
f 742 772 900
f 900 772 742
f 649 672 767
f 767 672 649
f 915 839 672
f 672 839 915
f 784 903 839
f 839 903 784
f 694 681 765
f 765 681 694
f 681 788 984
f 984 788 681
f 788 972 943
f 943 972 788
f 928 972 734
f 734 972 928
f 616 665 666
f 666 665 616
f 724 627 734
f 734 627 724
f 877 615 616
f 616 615 877
f 657 876 877
f 877 876 657
f 877 592 657
f 657 592 877
f 945 656 657
f 657 656 945
f 657 592 945
f 945 592 657
f 960 701 724
f 724 701 960
f 756 903 639
f 639 903 756
f 756 680 732
f 732 680 756
f 732 890 945
f 945 890 732
f 632 721 813
f 813 721 632
f 728 813 651
f 651 813 728
f 677 651 960
f 960 651 677
f 619 623 721
f 721 623 619
f 624 666 665
f 665 666 624
f 694 624 693
f 693 624 694
f 708 589 779
f 779 589 708
f 779 597 640
f 640 597 779
f 644 591 589
f 589 591 644
f 640 599 826
f 826 599 640
f 587 606 591
f 591 606 587
f 663 655 681
f 681 655 663
f 663 693 662
f 662 693 663
f 826 573 957
f 957 573 826
f 594 595 605
f 713 594 586
f 586 594 713
f 586 587 594
f 592 877 586
f 586 877 592
f 606 587 595
f 595 587 606
f 885 662 884
f 884 662 885
f 885 800 655
f 655 800 885
f 854 801 807
f 807 801 854
f 594 713 854
f 854 713 594
f 841 800 608
f 608 800 841
f 885 804 841
f 841 804 885
f 713 609 801
f 801 609 713
f 800 804 902
f 902 804 800
f 885 902 804
f 804 902 885
f 804 800 841
f 841 800 804
f 815 902 751
f 751 902 815
f 901 751 902
f 902 751 901
f 810 751 974
f 974 751 810
f 750 974 751
f 751 974 750
f 642 900 609
f 609 900 642
f 847 963 878
f 878 963 847
f 559 629 847
f 847 629 559
f 568 919 559
f 559 919 568
f 755 974 919
f 919 974 755
f 974 918 919
f 919 918 974
f 963 935 878
f 878 935 963
f 715 886 935
f 935 886 715
f 791 749 886
f 886 749 791
f 623 619 749
f 749 619 623
f 767 746 649
f 649 746 767
f 864 870 746
f 746 870 864
f 695 895 870
f 870 895 695
f 772 742 895
f 895 742 772
f 857 742 900
f 900 742 857
f 672 649 915
f 915 649 672
f 839 915 784
f 784 915 839
f 903 784 764
f 764 784 903
f 788 681 655
f 655 681 788
f 972 788 719
f 719 788 972
f 972 873 734
f 734 873 972
f 665 616 615
f 615 616 665
f 734 951 724
f 724 951 734
f 615 877 876
f 876 877 615
f 876 657 656
f 656 657 876
f 656 945 944
f 944 945 656
f 945 592 584
f 584 592 945
f 724 850 960
f 960 850 724
f 764 639 903
f 903 639 764
f 680 756 639
f 639 756 680
f 890 732 680
f 680 732 890
f 890 944 945
f 945 944 890
f 945 584 890
f 890 584 945
f 721 632 619
f 619 632 721
f 813 728 632
f 632 728 813
f 651 677 728
f 728 677 651
f 960 730 677
f 677 730 960
f 665 944 624
f 624 944 665
f 624 889 693
f 693 889 624
f 644 589 708
f 708 589 644
f 779 709 708
f 708 709 779
f 641 779 640
f 640 779 641
f 591 644 747
f 747 644 591
f 827 640 826
f 826 640 827
f 587 591 747
f 747 591 587
f 693 738 662
f 662 738 693
f 957 573 581
f 581 573 957
f 958 826 957
f 957 826 958
f 595 594 587
f 586 642 713
f 713 642 586
f 587 586 593
f 642 586 592
f 592 586 642
f 592 593 586
f 662 961 884
f 884 961 662
f 884 902 885
f 885 902 884
f 655 800 978
f 978 800 655
f 801 854 713
f 713 854 801
f 609 713 642
f 642 713 609
f 902 815 800
f 800 815 902
f 751 810 815
f 815 810 751
f 751 901 750
f 750 901 751
f 902 884 901
f 901 884 902
f 974 755 810
f 810 755 974
f 974 750 973
f 973 750 974
f 900 642 857
f 857 642 900
f 878 774 847
f 847 774 878
f 847 565 559
f 559 565 847
f 559 919 833
f 833 919 559
f 919 803 755
f 755 803 919
f 918 974 973
f 973 974 918
f 832 919 918
f 918 919 832
f 638 878 935
f 935 878 638
f 969 935 886
f 886 935 969
f 648 886 749
f 749 886 648
f 789 749 619
f 619 749 789
f 689 649 746
f 746 649 689
f 607 746 870
f 870 746 607
f 726 870 895
f 895 870 726
f 856 895 742
f 742 895 856
f 742 857 626
f 626 857 742
f 925 915 649
f 649 915 925
f 781 784 915
f 915 784 781
f 859 764 784
f 784 764 859
f 655 873 788
f 788 873 655
f 788 873 719
f 719 873 788
f 972 719 873
f 873 719 972
f 951 734 873
f 873 734 951
f 615 656 665
f 665 656 615
f 850 724 951
f 951 724 850
f 656 615 876
f 876 615 656
f 665 656 944
f 944 656 665
f 857 592 584
f 584 592 857
f 584 585 592
f 730 960 850
f 850 960 730
f 639 764 912
f 912 764 639
f 639 670 680
f 680 670 639
f 680 739 890
f 890 739 680
f 944 890 889
f 889 890 944
f 890 584 602
f 602 584 890
f 953 619 632
f 632 619 953
f 621 632 728
f 728 632 621
f 959 728 677
f 677 728 959
f 911 677 730
f 730 677 911
f 624 944 889
f 889 944 624
f 693 889 738
f 738 889 693
f 708 645 644
f 644 645 708
f 709 779 780
f 780 779 709
f 645 708 709
f 709 708 645
f 779 641 780
f 780 641 779
f 640 827 641
f 641 827 640
f 644 748 747
f 747 748 644
f 826 958 827
f 827 958 826
f 587 747 593
f 593 747 587
f 662 738 961
f 961 738 662
f 957 581 896
f 896 581 957
f 957 897 958
f 958 897 957
f 592 857 642
f 642 857 592
f 593 592 585
f 884 961 980
f 980 961 884
f 873 978 800
f 800 978 873
f 978 873 655
f 655 873 978
f 951 800 815
f 815 800 951
f 850 815 810
f 810 815 850
f 901 822 750
f 750 822 901
f 884 980 901
f 901 980 884
f 730 810 755
f 755 810 730
f 750 793 973
f 973 793 750
f 774 878 684
f 684 878 774
f 565 847 774
f 774 847 565
f 559 833 565
f 565 833 559
f 803 919 833
f 833 919 803
f 919 832 833
f 833 832 919
f 911 755 803
f 803 755 911
f 973 862 918
f 918 862 973
f 918 819 832
f 832 819 918
f 878 638 684
f 684 638 878
f 935 969 638
f 638 969 935
f 886 648 969
f 969 648 886
f 749 789 648
f 648 789 749
f 619 953 789
f 789 953 619
f 649 689 925
f 925 689 649
f 746 607 689
f 689 607 746
f 870 726 607
f 607 726 870
f 895 856 726
f 726 856 895
f 626 856 742
f 742 856 626
f 584 626 857
f 857 626 584
f 915 925 781
f 781 925 915
f 784 781 859
f 859 781 784
f 764 859 753
f 753 859 764
f 800 951 873
f 873 951 800
f 815 850 951
f 951 850 815
f 584 602 585
f 810 730 850
f 850 730 810
f 753 912 764
f 764 912 753
f 670 639 912
f 912 639 670
f 739 680 670
f 670 680 739
f 738 890 739
f 739 890 738
f 890 602 739
f 739 602 890
f 890 738 889
f 889 738 890
f 626 584 602
f 602 584 626
f 632 621 953
f 953 621 632
f 728 959 621
f 621 959 728
f 677 911 959
f 959 911 677
f 755 911 730
f 730 911 755
f 748 644 645
f 645 644 748
f 679 709 780
f 780 709 679
f 817 645 709
f 709 645 817
f 888 780 641
f 641 780 888
f 676 641 827
f 827 641 676
f 817 747 748
f 748 747 817
f 967 827 958
f 958 827 967
f 593 747 816
f 816 747 593
f 739 961 738
f 738 961 739
f 896 581 811
f 811 581 896
f 897 957 896
f 896 957 897
f 906 958 897
f 897 958 906
f 593 678 585
f 585 678 593
f 962 980 961
f 961 980 962
f 901 980 822
f 822 980 901
f 750 822 793
f 793 822 750
f 973 793 862
f 862 793 973
f 684 633 774
f 774 633 684
f 774 556 565
f 565 556 774
f 565 833 611
f 611 833 565
f 833 977 803
f 803 977 833
f 610 833 832
f 832 833 610
f 803 936 911
f 911 936 803
f 918 862 819
f 819 862 918
f 832 819 871
f 871 819 832
f 664 684 638
f 638 684 664
f 635 638 969
f 969 638 635
f 795 969 648
f 648 969 795
f 914 648 789
f 789 648 914
f 667 789 953
f 953 789 667
f 941 925 689
f 689 925 941
f 653 689 607
f 607 689 653
f 875 607 726
f 726 607 875
f 729 726 856
f 856 726 729
f 856 626 785
f 785 626 856
f 716 781 925
f 925 781 716
f 631 859 781
f 781 859 631
f 769 753 859
f 859 753 769
f 603 585 602
f 912 753 614
f 614 753 912
f 912 685 670
f 670 685 912
f 670 962 739
f 739 962 670
f 739 602 600
f 600 602 739
f 602 785 626
f 626 785 602
f 982 953 621
f 621 953 982
f 954 621 959
f 959 621 954
f 936 959 911
f 911 959 936
f 645 817 748
f 748 817 645
f 817 709 679
f 679 709 817
f 679 780 888
f 888 780 679
f 888 641 676
f 676 641 888
f 676 827 967
f 967 827 676
f 747 817 816
f 816 817 747
f 967 958 906
f 906 958 967
f 593 816 678
f 678 816 593
f 961 739 962
f 962 739 961
f 811 581 577
f 577 581 811
f 812 896 811
f 811 896 812
f 896 812 897
f 897 812 896
f 906 897 797
f 797 897 906
f 585 678 887
f 887 678 585
f 980 962 981
f 981 962 980
f 981 822 980
f 980 822 981
f 823 793 822
f 822 793 823
f 794 862 793
f 793 862 794
f 633 684 683
f 683 684 633
f 556 774 633
f 633 774 556
f 565 570 556
f 556 570 565
f 977 833 611
f 611 833 977
f 833 610 611
f 611 610 833
f 611 570 565
f 565 570 611
f 936 803 977
f 977 803 936
f 832 871 610
f 610 871 832
f 862 820 819
f 819 820 862
f 819 872 871
f 871 872 819
f 684 664 683
f 683 664 684
f 638 635 664
f 664 635 638
f 969 795 635
f 635 795 969
f 648 914 795
f 795 914 648
f 789 667 914
f 914 667 789
f 953 982 667
f 667 982 953
f 925 941 716
f 716 941 925
f 689 653 941
f 941 653 689
f 607 875 653
f 653 875 607
f 726 729 875
f 875 729 726
f 785 729 856
f 856 729 785
f 781 716 631
f 631 716 781
f 859 631 769
f 769 631 859
f 753 769 920
f 920 769 753
f 585 887 603
f 603 887 585
f 602 600 603
f 920 614 753
f 753 614 920
f 685 912 614
f 614 912 685
f 962 670 685
f 685 670 962
f 739 600 962
f 962 600 739
f 785 602 600
f 600 602 785
f 621 954 982
f 982 954 621
f 959 936 954
f 954 936 959
f 679 816 817
f 817 816 679
f 888 678 679
f 679 678 888
f 675 888 676
f 676 888 675
f 966 676 967
f 967 676 966
f 905 967 906
f 906 967 905
f 816 679 678
f 678 679 816
f 811 577 975
f 975 577 811
f 811 976 812
f 812 976 811
f 797 897 812
f 812 897 797
f 796 906 797
f 797 906 796
f 678 888 887
f 887 888 678
f 981 962 757
f 757 962 981
f 822 981 823
f 823 981 822
f 793 823 794
f 794 823 793
f 862 794 863
f 863 794 862
f 964 633 683
f 683 633 964
f 692 556 633
f 633 556 692
f 556 692 570
f 570 692 556
f 872 977 611
f 611 977 872
f 871 611 610
f 610 611 871
f 611 561 570
f 570 561 611
f 703 936 977
f 977 936 703
f 820 862 863
f 863 862 820
f 872 819 820
f 820 819 872
f 611 871 872
f 872 871 611
f 664 964 683
f 683 964 664
f 635 908 664
f 664 908 635
f 795 659 635
f 635 659 795
f 914 836 795
f 795 836 914
f 667 763 914
f 914 763 667
f 982 913 667
f 667 913 982
f 941 824 716
f 716 824 941
f 653 770 941
f 941 770 653
f 875 776 653
f 653 776 875
f 729 761 875
f 875 761 729
f 729 785 956
f 956 785 729
f 716 661 631
f 631 661 716
f 631 658 769
f 769 658 631
f 769 682 920
f 920 682 769
f 603 887 675
f 675 887 603
f 601 603 600
f 614 920 698
f 698 920 614
f 614 834 685
f 685 834 614
f 685 757 962
f 962 757 685
f 962 600 574
f 574 600 962
f 600 956 785
f 785 956 600
f 954 737 982
f 982 737 954
f 936 846 954
f 954 846 936
f 888 675 887
f 887 675 888
f 676 966 675
f 675 966 676
f 967 905 966
f 966 905 967
f 906 796 905
f 905 796 906
f 975 577 569
f 569 577 975
f 976 811 975
f 975 811 976
f 849 812 976
f 976 812 849
f 797 812 849
f 849 812 797
f 797 848 796
f 796 848 797
f 962 574 757
f 757 574 962
f 757 685 981
f 981 685 757
f 574 981 757
f 757 981 574
f 834 823 981
f 981 823 834
f 981 578 823
f 823 578 981
f 809 794 823
f 823 794 809
f 823 582 794
f 794 582 823
f 723 863 794
f 794 863 723
f 794 554 863
f 863 554 794
f 633 964 692
f 692 964 633
f 646 570 692
f 692 570 646
f 977 872 703
f 703 872 977
f 872 561 611
f 611 561 872
f 570 646 561
f 561 646 570
f 936 703 798
f 798 703 936
f 863 894 820
f 820 894 863
f 863 563 820
f 820 563 863
f 820 703 872
f 872 703 820
f 820 561 872
f 872 561 820
f 964 664 908
f 908 664 964
f 908 635 659
f 659 635 908
f 659 795 836
f 836 795 659
f 836 914 763
f 763 914 836
f 763 667 913
f 913 667 763
f 913 982 737
f 737 982 913
f 824 941 770
f 770 941 824
f 661 716 824
f 824 716 661
f 770 653 776
f 776 653 770
f 776 875 761
f 761 875 776
f 761 729 931
f 931 729 761
f 956 931 729
f 729 931 956
f 658 631 661
f 661 631 658
f 682 769 658
f 658 769 682
f 881 920 682
f 682 920 881
f 603 675 601
f 601 675 603
f 600 574 601
f 920 881 698
f 698 881 920
f 834 614 698
f 698 614 834
f 981 685 834
f 834 685 981
f 574 956 600
f 600 956 574
f 737 954 846
f 846 954 737
f 846 936 798
f 798 936 846
f 601 675 966
f 966 675 601
f 604 966 905
f 905 966 604
f 579 905 796
f 796 905 579
f 975 569 673
f 673 569 975
f 673 976 975
f 975 976 673
f 849 976 706
f 706 976 849
f 848 797 849
f 849 797 848
f 583 796 848
f 848 796 583
f 981 574 578
f 578 574 981
f 823 834 809
f 809 834 823
f 823 578 582
f 582 578 823
f 794 809 723
f 723 809 794
f 794 582 554
f 554 582 794
f 863 723 707
f 707 723 863
f 863 554 563
f 563 554 863
f 671 692 964
f 964 692 671
f 692 671 646
f 646 671 692
f 654 561 646
f 646 561 654
f 894 798 703
f 703 798 894
f 894 863 707
f 707 863 894
f 703 820 894
f 894 820 703
f 820 563 561
f 561 563 820
f 908 671 964
f 964 671 908
f 659 874 908
f 908 874 659
f 836 965 659
f 659 965 836
f 763 983 836
f 836 983 763
f 913 766 763
f 763 766 913
f 737 926 913
f 913 926 737
f 770 773 824
f 824 773 770
f 824 786 661
f 661 786 824
f 776 618 770
f 770 618 776
f 761 946 776
f 776 946 761
f 931 634 761
f 761 634 931
f 931 956 622
f 622 956 931
f 661 840 658
f 658 840 661
f 658 933 682
f 682 933 658
f 682 924 881
f 881 924 682
f 601 574 604
f 809 698 881
f 881 698 809
f 698 809 834
f 834 809 698
f 956 574 578
f 578 574 956
f 846 947 737
f 737 947 846
f 798 805 846
f 846 805 798
f 601 966 604
f 604 966 601
f 604 905 575
f 575 905 604
f 575 905 579
f 579 905 575
f 579 796 583
f 583 796 579
f 673 569 560
f 560 569 673
f 976 673 674
f 674 673 976
f 706 976 674
f 674 976 706
f 705 849 706
f 706 849 705
f 849 705 848
f 848 705 849
f 583 848 555
f 555 848 583
f 622 578 582
f 582 578 622
f 881 723 809
f 809 723 881
f 696 582 554
f 554 582 696
f 924 707 723
f 723 707 924
f 654 554 563
f 563 554 654
f 754 646 671
f 671 646 754
f 561 654 563
f 563 654 561
f 646 754 654
f 654 754 646
f 798 894 867
f 867 894 798
f 707 867 894
f 894 867 707
f 671 908 874
f 874 908 671
f 874 659 965
f 965 659 874
f 965 836 983
f 983 836 965
f 983 763 766
f 766 763 983
f 766 913 926
f 926 913 766
f 926 737 947
f 947 737 926
f 773 770 618
f 618 770 773
f 786 824 773
f 773 824 786
f 840 661 786
f 786 661 840
f 618 776 946
f 946 776 618
f 946 761 634
f 634 761 946
f 634 931 858
f 858 931 634
f 578 622 956
f 956 622 578
f 622 858 931
f 931 858 622
f 933 658 840
f 840 658 933
f 924 682 933
f 933 682 924
f 723 881 924
f 924 881 723
f 575 604 574
f 947 846 805
f 805 846 947
f 805 798 867
f 867 798 805
f 673 560 668
f 668 560 673
f 668 674 673
f 673 674 668
f 706 674 778
f 778 674 706
f 778 705 706
f 706 705 778
f 555 848 705
f 705 848 555
f 582 696 622
f 622 696 582
f 554 654 696
f 696 654 554
f 707 924 970
f 970 924 707
f 874 754 671
f 671 754 874
f 754 696 654
f 654 696 754
f 867 707 970
f 970 707 867
f 965 787 874
f 874 787 965
f 983 660 965
f 965 660 983
f 766 768 983
f 983 768 766
f 926 783 766
f 766 783 926
f 947 802 926
f 926 802 947
f 618 783 773
f 773 783 618
f 773 802 786
f 786 802 773
f 786 923 840
f 840 923 786
f 946 768 618
f 618 768 946
f 634 660 946
f 946 660 634
f 858 787 634
f 634 787 858
f 858 622 696
f 696 622 858
f 840 775 933
f 933 775 840
f 933 970 924
f 924 970 933
f 805 923 947
f 947 923 805
f 867 775 805
f 805 775 867
f 668 560 566
f 566 560 668
f 674 668 669
f 669 668 674
f 778 674 669
f 669 674 778
f 705 778 777
f 777 778 705
f 555 705 564
f 564 705 555
f 754 874 787
f 787 874 754
f 696 754 858
f 858 754 696
f 775 867 970
f 970 867 775
f 787 965 660
f 660 965 787
f 660 983 768
f 768 983 660
f 768 766 783
f 783 766 768
f 783 926 802
f 802 926 783
f 802 947 923
f 923 947 802
f 783 618 768
f 768 618 783
f 802 773 783
f 783 773 802
f 923 786 802
f 802 786 923
f 775 840 923
f 923 840 775
f 768 946 660
f 660 946 768
f 660 634 787
f 787 634 660
f 787 858 754
f 754 858 787
f 970 933 775
f 775 933 970
f 923 805 775
f 775 805 923
f 668 566 735
f 735 566 668
f 735 669 668
f 668 669 735
f 778 669 845
f 845 669 778
f 845 777 778
f 778 777 845
f 564 705 777
f 777 705 564
f 735 566 562
f 562 566 735
f 669 735 736
f 736 735 669
f 845 669 736
f 736 669 845
f 777 845 844
f 844 845 777
f 564 777 562
f 562 777 564
f 562 566 571
f 571 566 562
f 562 844 735
f 735 844 562
f 844 736 735
f 735 736 844
f 736 844 845
f 845 844 736
f 562 777 844
f 844 777 562
f 571 566 557
f 557 566 571
f 714 927 792
f 792 927 714
f 555 582 583
f 582 555 554
f 578 583 582
f 564 554 555
f 583 578 579
f 554 564 475
f 574 579 578
f 475 564 474
f 475 563 554
f 579 574 575
f 474 564 456
f 563 475 501
f 456 564 179
f 563 501 460
f 179 564 370
f 563 460 41
f 370 564 100
f 563 41 269
f 100 564 485
f 563 269 387
f 485 564 349
f 563 387 16
f 349 564 4
f 563 16 42
f 4 564 1
f 563 42 91
f 1 564 514
f 321 91 339
f 563 91 321
f 514 564 152
f 337 321 339
f 321 337 503
f 563 321 510
f 152 564 225
f 563 510 367
f 563 367 463
f 225 564 304
f 563 463 415
f 563 415 147
f 304 564 148
f 383 563 147
f 564 384 148
f 563 383 477
f 384 564 275
f 148 384 282
f 563 477 126
f 564 134 275
f 148 282 48
f 148 525 373
f 563 126 55
f 536 438 37
f 37 523 177
f 564 476 134
f 148 48 368
f 373 525 210
f 148 552 525
f 478 126 491
f 126 478 55
f 563 55 218
f 230 131 536
f 536 131 438
f 37 438 523
f 177 523 356
f 564 336 476
f 148 368 377
f 148 369 552
f 552 85 525
f 563 218 165
f 382 131 230
f 177 356 69
f 564 141 336
f 336 141 34
f 148 377 522
f 405 525 85
f 449 287 480
f 148 522 369
f 85 552 302
f 563 165 531
f 181 131 382
f 177 69 98
f 141 564 562
f 34 141 439
f 439 141 331
f 447 287 449
f 480 287 381
f 480 381 262
f 302 552 365
f 563 531 561
f 267 150 181
f 181 150 131
f 98 69 326
f 562 278 141
f 331 141 357
f 353 447 420
f 447 113 287
f 302 365 231
f 98 472 127
f 198 561 36
f 36 561 531
f 227 141 267
f 267 344 150
f 98 326 219
f 278 562 430
f 141 278 392
f 357 141 512
f 447 353 498
f 447 498 113
f 217 365 448
f 231 365 217
f 98 219 472
f 127 472 506
f 127 506 198
f 506 561 198
f 548 141 227
f 267 141 344
f 562 212 430
f 392 278 65
f 141 392 299
f 512 141 32
f 498 221 113
f 5 141 548
f 561 506 140
f 562 136 212
f 430 212 393
f 392 65 342
f 141 299 253
f 32 141 5
f 221 498 371
f 140 515 561
f 67 323 319
f 562 404 136
f 212 298 393
f 392 342 60
f 515 140 324
f 561 515 550
f 434 223 67
f 67 14 323
f 319 323 341
f 319 341 363
f 404 562 571
f 298 212 281
f 298 281 379
f 392 60 469
f 561 550 570
f 434 169 223
f 67 223 87
f 67 445 14
f 363 341 457
f 363 457 551
f 544 404 571
f 379 281 116
f 379 116 532
f 513 416 261
f 511 169 434
f 214 570 550
f 67 87 411
f 67 307 445
f 551 457 56
f 404 544 312
f 571 464 544
f 532 116 325
f 108 416 513
f 261 416 12
f 234 360 8
f 360 234 205
f 205 3 429
f 534 169 511
f 343 346 488
f 488 570 187
f 187 570 214
f 67 411 307
f 115 6 294
f 6 274 441
f 56 457 504
f 56 504 343
f 404 312 286
f 571 251 464
f 404 170 76
f 325 116 416
f 325 416 108
f 12 416 399
f 205 234 3
f 429 3 110
f 429 110 352
f 534 527 169
f 343 398 346
f 346 570 488
f 197 6 115
f 115 294 327
f 327 294 354
f 6 107 274
f 343 504 540
f 404 286 170
f 571 26 251
f 76 170 535
f 399 416 193
f 352 110 259
f 352 527 534
f 343 540 398
f 163 570 346
f 399 6 197
f 6 403 107
f 571 20 26
f 535 170 397
f 399 193 403
f 352 259 527
f 79 570 163
f 399 403 6
f 107 403 79
f 20 571 557
f 26 20 407
f 397 170 144
f 79 403 570
f 557 2 20
f 407 20 410
f 144 170 417
f 518 570 403
f 2 557 123
f 20 2 291
f 410 20 496
f 417 170 502
f 417 502 114
f 570 518 330
f 123 557 303
f 20 291 309
f 496 20 145
f 114 502 233
f 114 118 545
f 570 330 21
f 557 338 303
f 20 309 546
f 145 20 66
f 114 233 118
f 545 118 213
f 545 213 75
f 570 21 171
f 557 537 338
f 338 537 11
f 11 537 143
f 143 537 462
f 20 546 524
f 66 20 18
f 75 213 70
f 75 70 129
f 158 63 268
f 570 171 151
f 245 63 158
f 557 201 537
f 462 537 244
f 20 524 340
f 18 20 207
f 129 70 533
f 570 151 191
f 421 63 245
f 240 406 400
f 74 406 51
f 201 557 566
f 244 537 247
f 20 340 334
f 207 20 200
f 533 70 406
f 533 406 240
f 86 173 283
f 173 425 196
f 570 191 228
f 51 70 421
f 421 70 63
f 70 51 406
f 566 46 201
f 186 537 195
f 247 537 412
f 20 334 43
f 200 20 553
f 159 13 301
f 173 86 13
f 173 138 425
f 196 425 408
f 570 228 190
f 46 566 185
f 201 46 209
f 537 186 45
f 412 537 376
f 20 43 120
f 553 20 178
f 13 159 138
f 173 13 138
f 408 425 409
f 190 228 428
f 570 190 90
f 185 566 521
f 201 209 375
f 451 537 45
f 376 537 7
f 20 120 153
f 178 20 461
f 408 409 467
f 190 428 271
f 570 90 164
f 566 306 521
f 201 375 322
f 161 345 289
f 345 451 45
f 208 537 451
f 7 537 256
f 20 153 355
f 461 20 385
f 570 164 413
f 566 105 306
f 168 105 288
f 288 105 237
f 237 105 84
f 84 111 189
f 201 322 220
f 194 345 161
f 201 137 71
f 451 345 194
f 335 537 208
f 256 537 81
f 20 355 175
f 385 20 139
f 570 413 440
f 105 566 560
f 306 105 500
f 500 105 168
f 84 105 111
f 189 111 297
f 189 347 310
f 201 220 121
f 194 161 318
f 530 137 201
f 71 137 112
f 130 318 161
f 263 537 335
f 81 537 263
f 20 175 489
f 139 20 149
f 149 20 419
f 570 440 83
f 560 29 105
f 189 297 347
f 310 347 508
f 310 508 520
f 47 386 401
f 92 386 470
f 431 435 426
f 201 121 293
f 112 539 135
f 135 539 380
f 530 156 137
f 201 424 530
f 112 137 539
f 364 361 437
f 20 489 361
f 419 20 427
f 570 83 192
f 29 560 295
f 520 508 88
f 520 88 180
f 516 386 47
f 88 470 386
f 296 435 431
f 426 435 204
f 201 293 99
f 380 539 57
f 57 565 202
f 156 530 492
f 201 102 424
f 202 378 15
f 328 364 132
f 361 489 265
f 361 265 437
f 361 364 328
f 419 427 528
f 570 192 241
f 295 560 358
f 146 53 104
f 180 88 516
f 516 88 386
f 470 88 296
f 296 88 435
f 201 99 479
f 57 539 432
f 565 57 559
f 378 202 565
f 201 308 102
f 328 132 72
f 419 528 270
f 570 241 54
f 358 560 122
f 450 89 58
f 58 455 142
f 142 53 146
f 104 53 395
f 188 248 276
f 248 224 61
f 201 479 174
f 57 432 103
f 103 559 57
f 378 565 444
f 201 418 308
f 222 559 273
f 109 328 72
f 270 528 119
f 95 241 35
f 241 95 54
f 570 54 260
f 560 348 122
f 199 31 33
f 33 351 388
f 388 466 450
f 450 466 89
f 58 89 30
f 58 157 455
f 142 455 23
f 142 279 53
f 104 395 350
f 559 280 104
f 248 188 236
f 248 254 224
f 61 224 154
f 201 174 519
f 452 559 103
f 556 444 565
f 201 292 418
f 106 559 222
f 273 559 44
f 270 119 305
f 570 260 390
f 560 315 348
f 348 315 199
f 199 315 31
f 351 33 31
f 388 351 454
f 388 543 466
f 58 30 250
f 58 250 157
f 142 23 279
f 104 350 559
f 374 236 497
f 280 559 249
f 248 236 254
f 154 224 320
f 201 519 27
f 359 559 452
f 556 505 444
f 444 257 203
f 201 442 292
f 526 559 106
f 44 559 359
f 270 305 25
f 570 390 285
f 315 560 569
f 31 315 486
f 388 454 28
f 388 28 543
f 559 350 160
f 236 374 254
f 249 559 284
f 154 320 258
f 201 27 184
f 505 556 19
f 257 444 505
f 201 184 442
f 433 559 526
f 332 547 19
f 25 305 547
f 570 285 556
f 569 93 315
f 486 315 17
f 17 315 238
f 238 414 311
f 311 414 252
f 128 362 183
f 183 52 242
f 242 509 62
f 495 176 300
f 167 300 176
f 176 316 239
f 559 160 117
f 284 559 172
f 332 19 556
f 80 559 433
f 499 547 332
f 25 547 499
f 332 556 494
f 494 556 285
f 569 507 93
f 238 315 101
f 238 101 414
f 252 414 49
f 252 49 128
f 128 49 362
f 183 362 389
f 183 389 52
f 242 52 9
f 242 229 509
f 402 316 495
f 495 316 176
f 559 117 517
f 172 559 436
f 541 559 80
f 569 423 507
f 242 9 133
f 242 473 229
f 333 316 402
f 559 517 459
f 436 559 541
f 569 266 423
f 372 316 317
f 242 133 473
f 215 316 333
f 471 82 125
f 559 459 482
f 569 39 266
f 453 372 155
f 372 290 316
f 316 458 317
f 458 316 394
f 394 316 215
f 484 124 272
f 549 471 124
f 82 471 542
f 549 124 484
f 484 366 50
f 559 482 391
f 569 22 39
f 166 453 155
f 372 453 313
f 372 313 290
f 484 272 366
f 542 471 549
f 50 366 443
f 50 443 162
f 559 391 264
f 569 68 22
f 243 568 166
f 166 568 453
f 162 443 77
f 559 264 97
f 569 481 68
f 329 568 243
f 453 568 10
f 468 568 422
f 422 568 96
f 162 77 78
f 162 538 59
f 97 264 446
f 559 97 94
f 481 569 577
f 481 568 329
f 10 568 487
f 487 568 468
f 96 568 314
f 162 78 538
f 59 538 255
f 59 255 38
f 97 446 396
f 559 94 568
f 576 481 577
f 481 576 568
f 568 216 314
f 38 255 232
f 396 446 490
f 97 396 529
f 206 568 94
f 581 576 577
f 216 568 40
f 38 232 246
f 97 529 226
f 97 235 483
f 277 568 24
f 24 568 206
f 576 581 580
f 40 568 277
f 38 246 235
f 97 226 235
f 483 493 73
f 483 235 211
f 581 558 580
f 235 246 211
f 483 182 493
f 483 211 182
f 581 567 558
f 182 211 64
f 573 567 581
f 465 64 211
f 567 573 572
f 1183 1037 999
f 1074 999 1037
f 1183 999 1105
f 1037 1108 1074
f 999 1074 1056
f 1180 1105 999
f 1000 1074 1108
f 1084 1140 1083
f 1044 1020 1084
f 1023 1056 1074
f 999 1056 1180
f 1105 1180 1209
f 1108 1228 1000
f 1074 1000 1023
f 1128 1083 1140
f 1140 1084 1020
f 1128 1257 1083
f 1020 1044 1096
f 1056 1023 1201
f 1196 1180 1056
f 1136 1209 1180
f 1076 1000 1228
f 1172 1023 1000
f 1140 1212 1128
f 1020 1124 1140
f 1128 1230 1257
f 1257 1006 1086
f 1096 1202 1020
f 1224 1201 1023
f 1056 1201 1196
f 1180 1196 1136
f 1209 1136 1072
f 1228 1067 1076
f 1000 1076 1172
f 1023 1172 1224
f 1230 1128 1212
f 1212 1140 1124
f 1124 1020 1202
f 1006 1257 1230
f 1088 1086 1006
f 1202 1096 1242
f 1201 1224 1141
f 1185 1196 1201
f 1169 1136 1196
f 1009 1072 1136
f 1025 1076 1067
f 1055 1172 1076
f 1086 1088 1167
f 1231 1224 1172
f 1212 1226 1230
f 1124 1156 1212
f 1202 995 1124
f 1230 1003 1006
f 1006 1240 1088
f 1204 1242 1096
f 1242 1091 1202
f 1131 1141 1224
f 1201 1141 1185
f 1196 1185 1169
f 1136 1169 1009
f 1072 1009 1204
f 1058 1067 1099
f 1076 1025 1055
f 1067 1058 1025
f 1172 1055 1231
f 1188 1167 1088
f 1224 1231 1131
f 1003 1230 1226
f 1226 1212 1156
f 1156 1124 995
f 995 1202 1091
f 1240 1006 1003
f 1143 1088 1240
f 1242 1204 1009
f 1091 1242 1101
f 1141 1131 1021
f 1017 1185 1141
f 1191 1169 1185
f 1101 1009 1169
f 1099 1132 1058
f 1012 1055 1025
f 1170 1025 1058
f 1015 1097 1033
f 1167 1188 1015
f 1106 1231 1055
f 1088 1143 1188
f 1158 1131 1231
f 1003 1226 1147
f 1226 1156 1216
f 1156 995 997
f 995 1091 1122
f 1003 1147 1240
f 1240 1161 1143
f 1009 1101 1242
f 1101 1218 1091
f 1133 1021 1131
f 1021 1002 1141
f 1185 1017 1191
f 1017 1141 1002
f 1169 1191 1101
f 1182 1058 1132
f 1126 1033 1097
f 1055 1012 1106
f 1025 1170 1012
f 1058 1182 1170
f 1097 1015 1198
f 1259 1015 1188
f 1231 1106 1158
f 986 1188 1143
f 1131 1158 1133
f 1216 1147 1226
f 997 1216 1156
f 1122 997 995
f 1116 1122 1091
f 1161 1240 1147
f 1027 1143 1161
f 1116 1091 1218
f 1218 1101 1191
f 1021 1133 1142
f 1002 1021 1018
f 1178 1191 1017
f 1002 1256 1017
f 1132 1176 1182
f 1097 992 1126
f 1119 1106 1012
f 1078 1012 1170
f 1245 1170 1182
f 1259 1198 1015
f 1198 1237 1097
f 1188 986 1259
f 1029 1158 1106
f 1143 1027 986
f 1213 1133 1158
f 1147 1216 1081
f 1216 997 1045
f 997 1122 990
f 1122 1116 1115
f 1147 1081 1161
f 1161 1053 1027
f 1218 1215 1116
f 1191 1178 1218
f 1130 1142 1133
f 1142 1018 1021
f 1018 1177 1002
f 1178 1017 1256
f 1256 1002 1177
f 1222 1182 1176
f 1112 1126 992
f 992 1097 1237
f 1106 1119 1029
f 1119 1012 1047
f 1078 1047 1012
f 1170 1245 1078
f 1182 1222 1245
f 1198 1259 1111
f 1237 1198 1153
f 1239 1259 986
f 1158 1029 1213
f 1034 986 1027
f 1213 1157 1133
f 1045 1081 1216
f 990 1045 997
f 1115 990 1122
f 1079 1115 1116
f 1053 1161 1081
f 1234 1027 1053
f 1079 1116 1215
f 1215 1218 1178
f 1130 1225 1142
f 1130 1133 1157
f 1018 1142 1186
f 1177 1018 1190
f 1256 1253 1178
f 1177 1214 1256
f 1176 1138 1222
f 992 1120 1112
f 1237 1066 992
f 1195 1029 1119
f 1047 1039 1119
f 1047 1078 1263
f 1163 1078 1245
f 1175 1245 1222
f 1239 1111 1259
f 1111 1153 1198
f 1153 1207 1237
f 986 1034 1239
f 1041 1213 1029
f 1027 1234 1034
f 1157 1213 1030
f 1081 1045 1248
f 1045 990 1031
f 990 1115 1061
f 1115 1079 1165
f 1053 1081 1060
f 1053 1060 1234
f 1079 1215 1069
f 1215 1178 1253
f 1200 1142 1225
f 1225 1130 1232
f 1157 1232 1130
f 1200 1186 1142
f 1186 1190 1018
f 1190 1219 1177
f 1253 1256 1214
f 1214 1177 1219
f 987 1222 1138
f 1070 1112 1120
f 1120 992 1066
f 1066 1237 1207
f 1029 1195 1041
f 1195 1119 1039
f 1039 1047 1103
f 1163 1263 1078
f 1263 1103 1047
f 1245 1175 1163
f 1222 987 1175
f 1111 1239 1251
f 1153 1111 1247
f 1207 1153 1042
f 1063 1239 1034
f 1041 1030 1213
f 1254 1034 1234
f 1030 1107 1157
f 1031 1248 1045
f 1248 1060 1081
f 1061 1031 990
f 1165 1061 1115
f 1069 1165 1079
f 1189 1234 1060
f 1253 1069 1215
f 1225 1024 1200
f 1232 1173 1225
f 1232 1157 1107
f 1186 1200 1197
f 1190 1186 1168
f 1219 1190 1100
f 1214 1080 1253
f 1219 1117 1214
f 1138 1070 987
f 1120 987 1070
f 1066 1007 1120
f 1207 1220 1066
f 1152 1041 1195
f 1195 1039 1152
f 1039 1103 1064
f 1263 1163 1150
f 1103 1263 1160
f 1014 1163 1175
f 1007 1175 987
f 1063 1251 1239
f 1251 1247 1111
f 1247 1042 1153
f 1042 1148 1207
f 1034 1254 1063
f 1041 1152 1030
f 1234 1189 1254
f 1107 1030 1118
f 1031 1046 1248
f 1248 1082 1060
f 1061 989 1031
f 1165 1114 1061
f 1069 1080 1165
f 1189 1060 1233
f 1069 1253 1080
f 1057 1200 1024
f 1024 1225 1173
f 1173 1232 1054
f 1107 1054 1232
f 1057 1197 1200
f 1197 1168 1186
f 1168 1100 1190
f 1100 1090 1219
f 1080 1214 1117
f 1117 1219 1090
f 987 1120 1007
f 1007 1066 1220
f 1220 1207 1148
f 1064 1152 1039
f 1036 1064 1103
f 1014 1150 1163
f 1150 1160 1263
f 1103 1160 1036
f 1175 1007 1014
f 1251 1063 1249
f 1247 1251 1093
f 1042 1247 1050
f 1148 1042 1193
f 1135 1063 1254
f 1194 1030 1152
f 1261 1254 1189
f 1194 1118 1030
f 1118 1011 1107
f 1082 1248 1046
f 1046 1031 989
f 1052 1060 1082
f 989 1061 1114
f 1114 1165 1080
f 1052 1233 1060
f 1233 1255 1189
f 1024 1073 1057
f 1173 1001 1024
f 1054 1075 1173
f 1054 1107 1011
f 1197 1057 1179
f 1168 1197 1137
f 1100 1168 1010
f 1090 1100 1243
f 1080 1117 1114
f 1117 1090 1123
f 1220 1014 1007
f 1220 1148 1014
f 1152 1064 1194
f 1064 1036 1040
f 1150 1014 1148
f 1160 1150 1193
f 1235 1036 1160
f 1135 1249 1063
f 1249 1093 1251
f 1093 1050 1247
f 1050 1193 1042
f 1148 1193 1150
f 1135 1254 1094
f 1261 1094 1254
f 1261 1189 1255
f 1194 1040 1118
f 1118 1048 1011
f 1046 1217 1082
f 989 996 1046
f 1052 1082 1162
f 1114 1123 989
f 1233 1052 1028
f 1255 1233 1035
f 998 1057 1073
f 1073 1024 1001
f 1001 1173 1075
f 1075 1054 1026
f 1011 1026 1054
f 998 1179 1057
f 1179 1137 1197
f 1137 1010 1168
f 1010 1243 1100
f 1243 1203 1090
f 1123 1114 1117
f 994 1123 1090
f 1040 1194 1064
f 1102 1040 1036
f 1160 1193 1235
f 1036 1235 1102
f 1249 1135 993
f 1093 1249 1022
f 1050 1093 1145
f 1193 1050 1210
f 1094 993 1135
f 1261 1255 1094
f 1048 1118 1040
f 1077 1011 1048
f 1146 1082 1217
f 1217 1046 996
f 996 989 1123
f 1146 1162 1082
f 1162 1028 1052
f 1028 1035 1233
f 1035 1062 1255
f 1073 1038 998
f 1001 1109 1073
f 1026 1068 1075
f 1026 1011 1171
f 1179 998 1104
f 1137 1179 1208
f 1010 1137 1071
f 1243 1010 1205
f 994 1090 1203
f 1203 1243 1095
f 1123 994 996
f 1040 1102 1048
f 1210 1235 1193
f 1159 1102 1235
f 993 1022 1249
f 1022 1145 1093
f 1145 1210 1050
f 1094 1134 993
f 1134 1094 1255
f 1077 1171 1011
f 1048 1262 1077
f 1217 1227 1146
f 996 1155 1217
f 1162 1146 1241
f 1028 1162 1144
f 1035 1028 985
f 1134 1255 1062
f 1062 1035 1238
f 1184 998 1038
f 1038 1073 1109
f 1068 1026 1059
f 1171 1059 1026
f 1184 1104 998
f 1104 1208 1179
f 1208 1071 1137
f 1071 1205 1010
f 1205 1095 1243
f 1203 1125 994
f 1095 1019 1203
f 1155 996 994
f 1262 1048 1102
f 1235 1210 1159
f 1102 1159 1262
f 993 1250 1022
f 1022 1092 1145
f 1145 1049 1210
f 1250 993 1134
f 1171 1077 1244
f 1164 1077 1262
f 1004 1146 1227
f 1227 1217 1155
f 1004 1241 1146
f 1241 1144 1162
f 1144 985 1028
f 985 1238 1035
f 1134 1062 1250
f 1062 1238 1252
f 1059 1171 1181
f 1208 1104 1051
f 1155 994 1125
f 1125 1203 1019
f 1192 1159 1210
f 1151 1262 1159
f 1092 1022 1250
f 1049 1145 1092
f 1192 1210 1049
f 1164 1244 1077
f 1244 1181 1171
f 1262 1151 1164
f 1004 1227 1229
f 1227 1155 1211
f 1241 1004 1005
f 1144 1241 1089
f 985 1144 1187
f 1238 985 1260
f 1252 1250 1062
f 1110 1252 1238
f 1125 1211 1155
f 1019 1139 1125
f 1159 1192 1151
f 1250 1252 1092
f 1092 1246 1049
f 1049 1043 1192
f 1244 1164 1174
f 1181 1244 1223
f 1013 1164 1151
f 1211 1229 1227
f 1229 1005 1004
f 1005 1089 1241
f 1089 1187 1144
f 1187 1260 985
f 1238 1260 1110
f 1252 1110 1246
f 1211 1125 1139
f 1139 1019 1085
f 1149 1151 1192
f 1246 1092 1252
f 1043 1049 1246
f 1149 1192 1043
f 1013 1174 1164
f 1174 1223 1244
f 1151 1149 1013
f 1229 1211 1129
f 1005 1229 1258
f 1089 1005 1087
f 1187 1089 1166
f 1260 1187 1016
f 1199 1110 1260
f 1154 1246 1110
f 1139 1129 1211
f 1246 1154 1043
f 1043 1206 1149
f 1174 1013 1008
f 1223 1174 988
f 1221 1013 1149
f 1129 1258 1229
f 1258 1087 1005
f 1087 1166 1089
f 1166 1016 1187
f 1260 1016 1199
f 1110 1199 1154
f 1032 1016 1264
f 1127 1098 1032
f 1113 991 1127
f 1206 1043 1154
f 1221 1149 1206
f 1221 1008 1013
f 1008 988 1174
f 1166 1264 1016
f 1098 1199 1016
f 1236 1154 1199
f 1016 1032 1098
f 1098 1127 991
f 991 1113 1121
f 1154 1236 1206
f 1206 1065 1221
f 1008 1221 1065
f 988 1008 1121
f 1199 1098 1236
f 991 1236 1098
f 1121 1065 991
f 1065 1206 1236
f 1065 1121 1008
f 1236 991 1065
f 999 1037 1183
f 1037 999 1074
f 1105 999 1183
f 1074 1108 1037
f 1056 1074 999
f 999 1105 1180
f 1108 1074 1000
f 1083 1140 1084
f 1084 1020 1044
f 1074 1056 1023
f 1180 1056 999
f 1209 1180 1105
f 1000 1228 1108
f 1023 1000 1074
f 1140 1083 1128
f 1020 1084 1140
f 1083 1257 1128
f 1096 1044 1020
f 1201 1023 1056
f 1056 1180 1196
f 1180 1209 1136
f 1228 1000 1076
f 1000 1023 1172
f 1128 1212 1140
f 1140 1124 1020
f 1257 1230 1128
f 1086 1006 1257
f 1020 1202 1096
f 1023 1201 1224
f 1196 1201 1056
f 1136 1196 1180
f 1072 1136 1209
f 1076 1067 1228
f 1172 1076 1000
f 1224 1172 1023
f 1212 1128 1230
f 1124 1140 1212
f 1202 1020 1124
f 1230 1257 1006
f 1006 1086 1088
f 1242 1096 1202
f 1141 1224 1201
f 1201 1196 1185
f 1196 1136 1169
f 1136 1072 1009
f 1067 1076 1025
f 1076 1172 1055
f 1167 1088 1086
f 1172 1224 1231
f 1230 1226 1212
f 1212 1156 1124
f 1124 995 1202
f 1006 1003 1230
f 1088 1240 1006
f 1096 1242 1204
f 1202 1091 1242
f 1224 1141 1131
f 1185 1141 1201
f 1169 1185 1196
f 1009 1169 1136
f 1204 1009 1072
f 1099 1067 1058
f 1055 1025 1076
f 1025 1058 1067
f 1231 1055 1172
f 1088 1167 1188
f 1131 1231 1224
f 1226 1230 1003
f 1156 1212 1226
f 995 1124 1156
f 1091 1202 995
f 1003 1006 1240
f 1240 1088 1143
f 1009 1204 1242
f 1101 1242 1091
f 1021 1131 1141
f 1141 1185 1017
f 1185 1169 1191
f 1169 1009 1101
f 1058 1132 1099
f 1033 1099 1126
f 1126 1099 1033
f 1025 1055 1012
f 1058 1025 1170
f 1033 1097 1015
f 1015 1188 1167
f 1055 1231 1106
f 1188 1143 1088
f 1231 1131 1158
f 1147 1226 1003
f 1216 1156 1226
f 997 995 1156
f 1122 1091 995
f 1240 1147 1003
f 1143 1161 1240
f 1242 1101 1009
f 1091 1218 1101
f 1131 1021 1133
f 1141 1002 1021
f 1191 1017 1185
f 1002 1141 1017
f 1101 1191 1169
f 1132 1058 1182
f 1126 1099 1132
f 1132 1099 1126
f 1097 1033 1126
f 1106 1012 1055
f 1012 1170 1025
f 1170 1182 1058
f 1198 1015 1097
f 1188 1015 1259
f 1158 1106 1231
f 1143 1188 986
f 1133 1158 1131
f 1226 1147 1216
f 1156 1216 997
f 995 997 1122
f 1091 1122 1116
f 1147 1240 1161
f 1161 1143 1027
f 1218 1091 1116
f 1191 1101 1218
f 1142 1133 1021
f 1018 1021 1002
f 1017 1191 1178
f 1017 1256 1002
f 1182 1176 1132
f 1126 1132 1112
f 1112 1132 1126
f 1126 992 1097
f 1012 1106 1119
f 1170 1012 1078
f 1182 1170 1245
f 1015 1198 1259
f 1097 1237 1198
f 1259 986 1188
f 1106 1158 1029
f 986 1027 1143
f 1158 1133 1213
f 1081 1216 1147
f 1045 997 1216
f 990 1122 997
f 1115 1116 1122
f 1161 1081 1147
f 1027 1053 1161
f 1116 1215 1218
f 1218 1178 1191
f 1133 1142 1130
f 1021 1018 1142
f 1002 1177 1018
f 1256 1017 1178
f 1177 1002 1256
f 1176 1182 1222
f 1112 1132 1176
f 1176 1132 1112
f 992 1126 1112
f 1237 1097 992
f 1029 1119 1106
f 1047 1012 1119
f 1012 1047 1078
f 1078 1245 1170
f 1245 1222 1182
f 1111 1259 1198
f 1153 1198 1237
f 986 1259 1239
f 1213 1029 1158
f 1027 986 1034
f 1133 1157 1213
f 1216 1081 1045
f 997 1045 990
f 1122 990 1115
f 1116 1115 1079
f 1081 1161 1053
f 1053 1027 1234
f 1215 1116 1079
f 1178 1218 1215
f 1142 1225 1130
f 1157 1133 1130
f 1186 1142 1018
f 1190 1018 1177
f 1178 1253 1256
f 1256 1214 1177
f 1222 1138 1176
f 1112 1176 1070
f 1070 1176 1112
f 1112 1120 992
f 992 1066 1237
f 1119 1029 1195
f 1119 1039 1047
f 1263 1078 1047
f 1245 1078 1163
f 1222 1245 1175
f 1259 1111 1239
f 1198 1153 1111
f 1237 1207 1153
f 1239 1034 986
f 1029 1213 1041
f 1034 1234 1027
f 1030 1213 1157
f 1248 1045 1081
f 1031 990 1045
f 1061 1115 990
f 1165 1079 1115
f 1060 1081 1053
f 1234 1060 1053
f 1069 1215 1079
f 1253 1178 1215
f 1225 1142 1200
f 1232 1130 1225
f 1130 1232 1157
f 1142 1186 1200
f 1018 1190 1186
f 1177 1219 1190
f 1214 1256 1253
f 1219 1177 1214
f 1138 1222 987
f 1070 1176 1138
f 1138 1176 1070
f 1120 1112 1070
f 1066 992 1120
f 1207 1237 1066
f 1041 1195 1029
f 1039 1119 1195
f 1103 1047 1039
f 1078 1263 1163
f 1047 1103 1263
f 1163 1175 1245
f 1175 987 1222
f 1251 1239 1111
f 1247 1111 1153
f 1042 1153 1207
f 1034 1239 1063
f 1213 1030 1041
f 1234 1034 1254
f 1157 1107 1030
f 1045 1248 1031
f 1081 1060 1248
f 990 1031 1061
f 1115 1061 1165
f 1079 1165 1069
f 1060 1234 1189
f 1215 1069 1253
f 1200 1024 1225
f 1225 1173 1232
f 1107 1157 1232
f 1197 1200 1186
f 1168 1186 1190
f 1100 1190 1219
f 1253 1080 1214
f 1214 1117 1219
f 987 1070 1138
f 1070 987 1120
f 1120 1007 1066
f 1066 1220 1207
f 1195 1041 1152
f 1152 1039 1195
f 1064 1103 1039
f 1150 1163 1263
f 1160 1263 1103
f 1175 1163 1014
f 987 1175 1007
f 1239 1251 1063
f 1111 1247 1251
f 1153 1042 1247
f 1207 1148 1042
f 1063 1254 1034
f 1030 1152 1041
f 1254 1189 1234
f 1118 1030 1107
f 1248 1046 1031
f 1060 1082 1248
f 1031 989 1061
f 1061 1114 1165
f 1165 1080 1069
f 1233 1060 1189
f 1080 1253 1069
f 1024 1200 1057
f 1173 1225 1024
f 1054 1232 1173
f 1232 1054 1107
f 1200 1197 1057
f 1186 1168 1197
f 1190 1100 1168
f 1219 1090 1100
f 1117 1214 1080
f 1090 1219 1117
f 1007 1120 987
f 1220 1066 1007
f 1148 1207 1220
f 1039 1152 1064
f 1103 1064 1036
f 1163 1150 1014
f 1263 1160 1150
f 1036 1160 1103
f 1014 1007 1175
f 1249 1063 1251
f 1093 1251 1247
f 1050 1247 1042
f 1193 1042 1148
f 1254 1063 1135
f 1152 1030 1194
f 1189 1254 1261
f 1030 1118 1194
f 1107 1011 1118
f 1046 1248 1082
f 989 1031 1046
f 1082 1060 1052
f 1114 1061 989
f 1080 1165 1114
f 1060 1233 1052
f 1189 1255 1233
f 1057 1073 1024
f 1024 1001 1173
f 1173 1075 1054
f 1011 1107 1054
f 1179 1057 1197
f 1137 1197 1168
f 1010 1168 1100
f 1243 1100 1090
f 1114 1117 1080
f 1123 1090 1117
f 1007 1014 1220
f 1014 1148 1220
f 1194 1064 1152
f 1040 1036 1064
f 1148 1014 1150
f 1193 1150 1160
f 1160 1036 1235
f 1063 1249 1135
f 1251 1093 1249
f 1247 1050 1093
f 1042 1193 1050
f 1150 1193 1148
f 1094 1254 1135
f 1254 1094 1261
f 1255 1189 1261
f 1118 1040 1194
f 1011 1048 1118
f 1082 1217 1046
f 1046 996 989
f 1162 1082 1052
f 989 1123 1114
f 1028 1052 1233
f 1035 1233 1255
f 1073 1057 998
f 1001 1024 1073
f 1075 1173 1001
f 1026 1054 1075
f 1054 1026 1011
f 1057 1179 998
f 1197 1137 1179
f 1168 1010 1137
f 1100 1243 1010
f 1090 1203 1243
f 1117 1114 1123
f 1090 1123 994
f 1064 1194 1040
f 1036 1040 1102
f 1235 1193 1160
f 1102 1235 1036
f 993 1135 1249
f 1022 1249 1093
f 1145 1093 1050
f 1210 1050 1193
f 1135 993 1094
f 1094 1255 1261
f 1040 1118 1048
f 1048 1011 1077
f 1217 1082 1146
f 996 1046 1217
f 1123 989 996
f 1082 1162 1146
f 1052 1028 1162
f 1233 1035 1028
f 1255 1062 1035
f 998 1038 1073
f 1073 1109 1001
f 1075 1068 1026
f 1171 1011 1026
f 1104 998 1179
f 1208 1179 1137
f 1071 1137 1010
f 1205 1010 1243
f 1203 1090 994
f 1095 1243 1203
f 996 994 1123
f 1048 1102 1040
f 1193 1235 1210
f 1235 1102 1159
f 1249 1022 993
f 1093 1145 1022
f 1050 1210 1145
f 993 1134 1094
f 1255 1094 1134
f 1011 1171 1077
f 1077 1262 1048
f 1146 1227 1217
f 1217 1155 996
f 1241 1146 1162
f 1144 1162 1028
f 985 1028 1035
f 1062 1255 1134
f 1238 1035 1062
f 1038 998 1184
f 1109 1073 1038
f 1059 1026 1068
f 1026 1059 1171
f 998 1104 1184
f 1179 1208 1104
f 1137 1071 1208
f 1010 1205 1071
f 1243 1095 1205
f 994 1125 1203
f 1203 1019 1095
f 994 996 1155
f 1102 1048 1262
f 1159 1210 1235
f 1262 1159 1102
f 1022 1250 993
f 1145 1092 1022
f 1210 1049 1145
f 1134 993 1250
f 1244 1077 1171
f 1262 1077 1164
f 1227 1146 1004
f 1155 1217 1227
f 1146 1241 1004
f 1162 1144 1241
f 1028 985 1144
f 1035 1238 985
f 1250 1062 1134
f 1252 1238 1062
f 1181 1171 1059
f 1051 1104 1208
f 1125 994 1155
f 1019 1203 1125
f 1210 1159 1192
f 1159 1262 1151
f 1250 1022 1092
f 1092 1145 1049
f 1049 1210 1192
f 1077 1244 1164
f 1171 1181 1244
f 1164 1151 1262
f 1229 1227 1004
f 1211 1155 1227
f 1005 1004 1241
f 1089 1241 1144
f 1187 1144 985
f 1260 985 1238
f 1062 1250 1252
f 1238 1252 1110
f 1155 1211 1125
f 1125 1139 1019
f 1151 1192 1159
f 1092 1252 1250
f 1049 1246 1092
f 1192 1043 1049
f 1174 1164 1244
f 1223 1244 1181
f 1151 1164 1013
f 1227 1229 1211
f 1004 1005 1229
f 1241 1089 1005
f 1144 1187 1089
f 985 1260 1187
f 1110 1260 1238
f 1246 1110 1252
f 1139 1125 1211
f 1085 1019 1139
f 1192 1151 1149
f 1252 1092 1246
f 1246 1049 1043
f 1043 1192 1149
f 1164 1174 1013
f 1244 1223 1174
f 1013 1149 1151
f 1129 1211 1229
f 1258 1229 1005
f 1087 1005 1089
f 1166 1089 1187
f 1016 1187 1260
f 1260 1110 1199
f 1110 1246 1154
f 1211 1129 1139
f 1043 1154 1246
f 1149 1206 1043
f 1008 1013 1174
f 988 1174 1223
f 1149 1013 1221
f 1229 1258 1129
f 1005 1087 1258
f 1089 1166 1087
f 1187 1016 1166
f 1199 1016 1260
f 1154 1199 1110
f 1264 1016 1032
f 1032 1098 1127
f 1127 991 1113
f 1154 1043 1206
f 1206 1149 1221
f 1013 1008 1221
f 1174 988 1008
f 1016 1264 1166
f 1016 1199 1098
f 1199 1154 1236
f 1098 1032 1016
f 991 1127 1098
f 1121 1113 991
f 1206 1236 1154
f 1221 1065 1206
f 1065 1221 1008
f 1121 1008 988
f 1236 1098 1199
f 1098 1236 991
f 991 1065 1121
f 1236 1206 1065
f 1008 1121 1065
f 1065 991 1236